{
"type": "FeatureCollection",
"name": "UN_countries",
"crs": { "type": "name", "properties": { "name": "urn:ogc:def:crs:OGC:1.3:CRS84" } },
"features": [
{ "type": "Feature", "properties": { "int_cd": 5, "name_fr": "Guyane française", "georeg": "AME", "subreg": "Latin America and the Caribbean", "globalid": "{48CBADE9-81EB-4421-8D03-71139E1AF69F}", "geo_cd": 19, "objectid_1": 1, "nam_en": "French Guiana", "lbl_en": "French Guiana (Fr.)", "isoclr": "FRA", "stscod": 4, "intreg": "South America", "m49_cd": "254", "lbl_fr": "Guyane Française (Fr.)", "iso2cd": "GF", "iso3cd": "GUF", "sub_cd": 419, "SHAPE__Length": 1369827.1168178134, "objectid": 42, "SHAPE__Area": 87309653070.882416 }, "geometry": { "type": "Polygon", "coordinates": [ [ [ -51.640442392059938, 4.591109738507923 ], [ -53.092922969425018, 5.842989490951206 ], [ -54.059184481220925, 5.841648004889222 ], [ -53.971496769834943, 1.867793553850935 ], [ -52.204852573170875, 1.867793553850935 ], [ -52.242573528785421, 4.047173371170072 ], [ -51.640442392059938, 4.591109738507923 ] ] ] } },
{ "type": "Feature", "properties": { "int_cd": 29, "name_fr": "Martinique", "georeg": "AME", "subreg": "Latin America and the Caribbean", "globalid": "{3A1D8146-037F-4DFD-B1FB-39C9686EAD74}", "geo_cd": 19, "objectid_1": 2, "nam_en": "Martinique", "lbl_en": "Martinique (Fr.)", "isoclr": "FRA", "stscod": 4, "intreg": "Caribbean", "m49_cd": "474", "lbl_fr": "Martinique (Fr.)", "iso2cd": "MQ", "iso3cd": "MTQ", "sub_cd": 419, "SHAPE__Length": 275366.97514333174, "objectid": 74, "SHAPE__Area": 4716596266.0827246 }, "geometry": { "type": "Polygon", "coordinates": [ [ [ -60.780017156859856, 14.914098820084485 ], [ -61.473087846119029, 14.914951964662814 ], [ -61.420456281709725, 14.346879445167543 ], [ -60.728313662045529, 14.346128329975967 ], [ -60.780017156859856, 14.914098820084485 ] ] ] } },
{ "type": "Feature", "properties": { "int_cd": 29, "name_fr": "Porto Rico", "georeg": "AME", "subreg": "Latin America and the Caribbean", "globalid": "{FB9092E8-B408-4E8D-B421-C0BE27E87960}", "geo_cd": 19, "objectid_1": 3, "nam_en": "Puerto Rico", "lbl_en": "Puerto Rico (USA)", "isoclr": "USA", "stscod": 4, "intreg": "Caribbean", "m49_cd": "630", "lbl_fr": "Porto Rico (Etats-Unis)", "iso2cd": "PR", "iso3cd": "PRI", "sub_cd": 419, "SHAPE__Length": 462643.68217371561, "objectid": 84, "SHAPE__Area": 12141565508.652452 }, "geometry": { "type": "Polygon", "coordinates": [ [ [ -65.698268285440932, 17.943938260653375 ], [ -65.776119674999222, 18.574445890784219 ], [ -67.414055191764319, 18.573427054082931 ], [ -67.33238424344411, 17.942759762768397 ], [ -65.698268285440932, 17.943938260653375 ] ] ] } },
{ "type": "Feature", "properties": { "int_cd": 0, "name_fr": "Sahara occidental", "georeg": "AFR", "subreg": "Northern Africa", "globalid": "{337C081F-CF09-42DA-8FCF-CC91A20BAE87}", "geo_cd": 2, "objectid_1": 4, "nam_en": "Western Sahara", "lbl_en": "Western Sahara *", "isoclr": "ESH", "stscod": 3, "intreg": " ", "m49_cd": "732", "lbl_fr": "Sahara Occidental *", "iso2cd": "EH", "iso3cd": "ESH", "sub_cd": 15, "SHAPE__Length": 2801228.5296974778, "objectid": 102, "SHAPE__Area": 254800731996.62384 }, "geometry": { "type": "Polygon", "coordinates": [ [ [ -8.498244299430164, 27.100079973703508 ], [ -8.515346287526746, 27.814103864754966 ], [ -11.689831400478354, 27.807198366085604 ], [ -16.579028565424064, 22.765159761653209 ], [ -16.532859008923221, 21.3363697319968 ], [ -12.916529809056472, 21.325495769454484 ], [ -12.960780942557307, 23.15815607178088 ], [ -11.984651771320284, 23.15815607178088 ], [ -12.035002568570258, 25.238473171129083 ], [ -12.050515327295065, 25.783318124830046 ], [ -8.470950274001114, 25.783318124830046 ], [ -8.498244299430164, 27.100079973703508 ] ] ] } },
{ "type": "Feature", "properties": { "int_cd": 29, "name_fr": "Curaçao", "georeg": "EUR", "subreg": "Latin America and the Caribbean", "globalid": "{F5194640-7B2A-44AD-8840-8D1A3678D9F2}", "geo_cd": 19, "objectid_1": 5, "nam_en": "Curaçao", "lbl_en": "Curaçao (Neth.)", "isoclr": "NLD", "stscod": 4, "intreg": "Caribbean", "m49_cd": "531", "lbl_fr": "Curaçao (Pays-Bas)", "iso2cd": "CW", "iso3cd": "CUW", "sub_cd": 419, "SHAPE__Length": 275819.65289662394, "objectid": 235, "SHAPE__Area": 4728891111.4494438 }, "geometry": { "type": "Polygon", "coordinates": [ [ [ -68.722786549786036, 12.116161923873682 ], [ -68.769677696323541, 12.682844933071904 ], [ -69.458309442016159, 12.682844933071904 ], [ -69.409918392496877, 12.11367481433917 ], [ -68.722786549786036, 12.116161923873682 ] ] ] } },
{ "type": "Feature", "properties": { "int_cd": 29, "name_fr": "Saint-Martin (partie néerlandaise)", "georeg": "EUR", "subreg": "Latin America and the Caribbean", "globalid": "{01F1EECD-A5F2-49C1-89B0-7E07560B21BF}", "geo_cd": 19, "objectid_1": 6, "nam_en": "Sint Maarten", "lbl_en": "Sint Maarten (Neth.)", "isoclr": "NLD", "stscod": 4, "intreg": "Caribbean", "m49_cd": "534", "lbl_fr": "Saint-Martin (Pays-Bas)", "iso2cd": "SX", "iso3cd": "SXM", "sub_cd": 419, "SHAPE__Length": 176007.83494663337, "objectid": 236, "SHAPE__Area": 1753381625.4327686 }, "geometry": { "type": "Polygon", "coordinates": [ [ [ -62.669317151841476, 17.802984750447656 ], [ -62.697814151446579, 18.04117636683393 ], [ -63.322435136131787, 18.041148539854582 ], [ -63.292091617408133, 17.802502246084494 ], [ -62.669317151841476, 17.802984750447656 ] ] ] } },
{ "type": "Feature", "properties": { "int_cd": 29, "name_fr": "Saint-Martin (partie française)", "georeg": "AME", "subreg": "Latin America and the Caribbean", "globalid": "{9B53A0FB-A1CF-4C2E-9001-BF9551F03A1F}", "geo_cd": 19, "objectid_1": 7, "nam_en": "Saint Martin", "lbl_en": "Saint Martin (Fr.)", "isoclr": "FRA", "stscod": 4, "intreg": "Caribbean", "m49_cd": "663", "lbl_fr": "Saint-Martin (Fr.)", "iso2cd": "MF", "iso3cd": "MAF", "sub_cd": 419, "SHAPE__Length": 182314.12230385735, "objectid": 237, "SHAPE__Area": 1934319779.1002791 }, "geometry": { "type": "Polygon", "coordinates": [ [ [ -62.697814151446579, 18.04117636683393 ], [ -62.729821528394091, 18.304528667362973 ], [ -63.353330477109893, 18.304294659923944 ], [ -63.322435136131787, 18.041148539854582 ], [ -62.697814151446579, 18.04117636683393 ] ] ] } },
{ "type": "Feature", "properties": { "int_cd": 29, "name_fr": "Bonaire, Saint-Eustache et Saba", "georeg": "AME", "subreg": "Latin America and the Caribbean", "globalid": "{E4C00D3F-C734-463D-8027-B02D4FA02C9B}", "geo_cd": 19, "objectid_1": 8, "nam_en": "Bonaire, Sint Eustatius and Saba", "lbl_en": "Bonaire, Sint Eustatius and Saba (Neth.)", "isoclr": "NLD", "stscod": 4, "intreg": "Caribbean", "m49_cd": "535", "lbl_fr": "Bonaire, Saint-Eustache et Saba", "iso2cd": "BQ", "iso3cd": "BES", "sub_cd": 419, "SHAPE__Length": 519731.76716366044, "objectid": 238, "SHAPE__Area": 8434107785.2090845 }, "geometry": { "type": "MultiPolygon", "coordinates": [ [ [ [ -67.683344649771598, 11.680539214661442 ], [ -67.730026618576147, 12.251000155913152 ], [ -68.416766730971602, 12.250699310406715 ], [ -68.369430641873606, 11.680376430519567 ], [ -67.683344649771598, 11.680539214661442 ] ] ], [ [ [ -63.457672792093682, 17.861552695901956 ], [ -64.080729469216081, 17.861318688885326 ], [ -64.019940218890497, 17.359633620287532 ], [ -63.398223746129496, 17.36000877953207 ], [ -63.457672792093682, 17.861552695901956 ] ] ] ] } },
{ "type": "Feature", "properties": { "int_cd": 0, "name_fr": "Svalbard et Îles Jan Mayen", "georeg": "EUR", "subreg": "Northern Europe", "globalid": "{EB0CDA2F-5838-4F98-83DC-B4A5CCC992B3}", "geo_cd": 150, "objectid_1": 9, "nam_en": "Svalbard and Jan Mayen Islands", "lbl_en": "Svalbard & Jan Mayen Is. (Norw.)", "isoclr": "NOR", "stscod": 4, "intreg": " ", "m49_cd": "744", "lbl_fr": "Svalbard et Îles Jan Mayen (Norv.)", "iso2cd": "SJ", "iso3cd": "SJM", "sub_cd": 154, "SHAPE__Length": 3250273.3728186041, "objectid": 224, "SHAPE__Area": 122391255720.22897 }, "geometry": { "type": "MultiPolygon", "coordinates": [ [ [ [ 27.757282111678187, 80.774683275965003 ], [ 17.787676310206802, 80.818528965420441 ], [ 17.696410930959765, 79.945739684915637 ], [ 9.559703584474008, 79.957429075716945 ], [ 17.029710006247637, 76.048311122648229 ], [ 17.211550233335245, 77.364134900319158 ], [ 24.089716226954312, 77.329837323697944 ], [ 24.397878553502068, 78.783021469271659 ], [ 29.70892105770935, 78.773861417171275 ], [ 27.757282111678187, 80.774683275965003 ] ] ], [ [ [ 33.436468142679004, 79.759920486823887 ], [ 33.773583298058064, 80.66782064264001 ], [ 33.213644871585004, 80.665881919886019 ], [ 32.101360969835866, 80.662030904856067 ], [ 31.716685946354122, 80.660699103719026 ], [ 31.410467363873249, 79.753418921220202 ], [ 33.436468142679004, 79.759920486823887 ] ] ], [ [ [ 25.695075695021345, 76.247659740583927 ], [ 25.864601727585583, 77.00762473830622 ], [ 24.818478409569824, 77.004288856096551 ], [ 24.661198169549778, 76.24437036471268 ], [ 25.695075695021345, 76.247659740583927 ] ] ], [ [ [ 19.499117470483778, 74.100420701443113 ], [ 19.581001508214172, 74.824113153593444 ], [ 18.568922602254517, 74.820944210964612 ], [ 18.497167647193567, 74.097280712982567 ], [ 19.499117470483778, 74.100420701443113 ] ] ] ] } },
{ "type": "Feature", "properties": { "int_cd": 0, "name_fr": "Saint-Pierre-et-Miquelon", "georeg": "AME", "subreg": "Northern America", "globalid": "{CDE22494-A065-47B4-9807-506717112BEF}", "geo_cd": 19, "objectid_1": 10, "nam_en": "Saint Pierre and Miquelon", "lbl_en": "Saint Pierre and Miquelon (Fr.)", "isoclr": "FRA", "stscod": 4, "intreg": " ", "m49_cd": "666", "lbl_fr": "Saint-Pierre-et-Miquelon (Fr.)", "iso2cd": "PM", "iso3cd": "SPM", "sub_cd": 21, "SHAPE__Length": 247256.49265986719, "objectid": 220, "SHAPE__Area": 3819636844.5822849 }, "geometry": { "type": "Polygon", "coordinates": [ [ [ -55.829640229862832, 46.359242156323653 ], [ -56.077517951563578, 46.942668385140102 ], [ -56.847467689491253, 46.940123371112776 ], [ -56.596797862448227, 46.356701057518649 ], [ -55.829640229862832, 46.359242156323653 ] ] ] } },
{ "type": "Feature", "properties": { "int_cd": 0, "name_fr": "Îles d’Åland", "georeg": "EUR", "subreg": "Northern Europe", "globalid": "{154DD58D-B29F-4BFC-AD05-98F5E8B41AE3}", "geo_cd": 150, "objectid_1": 11, "nam_en": "Åland Islands", "lbl_en": "Åland Islands (Finland)", "isoclr": "FIN", "stscod": 4, "intreg": " ", "m49_cd": "248", "lbl_fr": "Îles Åland (Finlande)", "iso2cd": "AX", "iso3cd": "ALA", "sub_cd": 154, "SHAPE__Length": 261508.23459084023, "objectid": 223, "SHAPE__Area": 3047882572.8593817 }, "geometry": { "type": "Polygon", "coordinates": [ [ [ 20.90421274884454, 60.386358714552216 ], [ 19.533041233712794, 60.397450714205185 ], [ 19.498961547305239, 60.036052008499283 ], [ 20.865457238403614, 60.024988292179792 ], [ 20.90421274884454, 60.386358714552216 ] ] ] } },
{ "type": "Feature", "properties": { "int_cd": 14, "name_fr": "Mayotte", "georeg": "AFR", "subreg": "Sub-Saharan Africa", "globalid": "{EBBD8BCC-38E3-4ED6-9427-1AF10C0C0C4E}", "geo_cd": 2, "objectid_1": 12, "nam_en": "Mayotte", "lbl_en": "Mayotte", "isoclr": "MYT", "stscod": 4, "intreg": "Eastern Africa", "m49_cd": "175", "lbl_fr": "Mayotte", "iso2cd": "YT", "iso3cd": "MYT", "sub_cd": 202, "SHAPE__Length": 276172.91519238637, "objectid": 201, "SHAPE__Area": 4741350378.2501783 }, "geometry": { "type": "Polygon", "coordinates": [ [ [ 45.485116335363124, -13.193364266901277 ], [ 45.460317591319978, -12.622774853325657 ], [ 44.772692682037089, -12.625261963828075 ], [ 44.797054477343885, -13.195851376897451 ], [ 45.485116335363124, -13.193364266901277 ] ] ] } },
{ "type": "Feature", "properties": { "int_cd": 29, "name_fr": "Aruba", "georeg": "AME", "subreg": "Latin America and the Caribbean", "globalid": "{A191BF00-9738-49BF-A832-201129703B9A}", "geo_cd": 19, "objectid_1": 13, "nam_en": "Aruba", "lbl_en": "Aruba (Neth.)", "isoclr": "NLD", "stscod": 4, "intreg": "Caribbean", "m49_cd": "533", "lbl_fr": "Aruba (Pays-Bas)", "iso2cd": "AW", "iso3cd": "ABW", "sub_cd": 419, "SHAPE__Length": 276283.93899794162, "objectid": 210, "SHAPE__Area": 4739784707.0910177 }, "geometry": { "type": "Polygon", "coordinates": [ [ [ -69.685986889924834, 12.336978438969247 ], [ -69.733878715035999, 12.907751435547143 ], [ -70.419787209423731, 12.910171486095638 ], [ -70.367889361174335, 12.33467491134477 ], [ -69.685986889924834, 12.336978438969247 ] ] ] } },
{ "type": "Feature", "properties": { "int_cd": 0, "name_fr": "Îles Mariannes du Nord", "georeg": "OCE", "subreg": "Micronesia", "globalid": "{80846896-9895-4A54-9591-6CE6AF2C6F15}", "geo_cd": 9, "objectid_1": 14, "nam_en": "Northern Mariana Islands", "lbl_en": "Northern Mariana Is. (USA)", "isoclr": "USA", "stscod": 4, "intreg": " ", "m49_cd": "580", "lbl_fr": "Îles Mariannes du Nord (EU)", "iso2cd": "MP", "iso3cd": "MNP", "sub_cd": 57, "SHAPE__Length": 822596.74643576017, "objectid": 213, "SHAPE__Area": 14010018794.623634 }, "geometry": { "type": "MultiPolygon", "coordinates": [ [ [ [ 146.065680774382258, 14.856737058495826 ], [ 146.166486340677295, 15.42732647284152 ], [ 145.47593575560802, 15.424839362906674 ], [ 145.37568412751429, 14.854249948466213 ], [ 146.065680774382258, 14.856737058495826 ] ] ], [ [ [ 146.009099807371655, 17.772492934129271 ], [ 146.13258139136309, 18.343082346764557 ], [ 145.438867866486561, 18.340595237376871 ], [ 145.316053120369645, 17.770005824044731 ], [ 146.009099807371655, 17.772492934129271 ] ] ], [ [ [ 145.964215663739282, 18.476137663837211 ], [ 146.093090372910353, 19.046727077445222 ], [ 145.398523193623305, 19.044239967264836 ], [ 145.270344112084189, 18.473650554532899 ], [ 145.964215663739282, 18.476137663837211 ] ] ] ] } },
{ "type": "Feature", "properties": { "int_cd": 29, "name_fr": "Guadeloupe", "georeg": "AME", "subreg": "Latin America and the Caribbean", "globalid": "{FD98014B-0CB4-49DB-B02D-6741BD12E1F5}", "geo_cd": 19, "objectid_1": 15, "nam_en": "Guadeloupe", "lbl_en": "Guadeloupe (Fr.)", "isoclr": "FRA", "stscod": 4, "intreg": "Caribbean", "m49_cd": "312", "lbl_fr": "Guadeloupe (Fr.)", "iso2cd": "GP", "iso3cd": "GLP", "sub_cd": 419, "SHAPE__Length": 274985.52670750418, "objectid": 214, "SHAPE__Area": 4700536345.2916374 }, "geometry": { "type": "Polygon", "coordinates": [ [ [ -61.006865948820789, 15.927253822793963 ], [ -61.068796159799668, 16.500947112968021 ], [ -61.759677917872388, 16.498460003602361 ], [ -61.69666831097701, 15.927870590587382 ], [ -61.006865948820789, 15.927253822793963 ] ] ] } },
{ "type": "Feature", "properties": { "int_cd": 0, "name_fr": "Groenland", "georeg": "EUR", "subreg": "Northern America", "globalid": "{23618AF2-E7B8-4BE9-8808-AE79D293938E}", "geo_cd": 19, "objectid_1": 16, "nam_en": "Greenland", "lbl_en": "Greenland (Denmark)", "isoclr": "DNK", "stscod": 4, "intreg": " ", "m49_cd": "304", "lbl_fr": "Groenland (Danemark)", "iso2cd": "GL", "iso3cd": "GRL", "sub_cd": 21, "SHAPE__Length": 11204771.653927261, "objectid": 165, "SHAPE__Area": 2196360568377.3679 }, "geometry": { "type": "MultiPolygon", "coordinates": [ [ [ [ -22.263144282270805, 84.499655557672568 ], [ -23.605886589835801, 85.485039352595791 ], [ -24.713648966053597, 83.726556609659028 ], [ -47.255710042897334, 83.740665813595655 ], [ -47.871366749146496, 81.875150946342771 ], [ -55.874376810138038, 81.875150946342771 ], [ -60.155186426976456, 81.875150946342771 ], [ -60.387087318418757, 80.616014354539615 ], [ -65.625195110937469, 80.633903984617831 ], [ -65.816283376123891, 79.207373896634977 ], [ -71.868980431203113, 79.207373896634977 ], [ -70.284349186144311, 77.873818671472691 ], [ -68.630443386875498, 77.873818671472691 ], [ -67.931489357405937, 77.236173927785117 ], [ -69.310067799677924, 77.236173927785117 ], [ -68.251134521933324, 76.244550601793861 ], [ -59.300011802340364, 76.244550601793861 ], [ -56.376701401416405, 74.887214932463223 ], [ -54.837286057001918, 72.853817353135966 ], [ -55.478376560110974, 71.729515237919955 ], [ -54.717566275032425, 71.350910325214642 ], [ -54.404369907910031, 71.79025520694681 ], [ -52.808755180247708, 71.79025520694681 ], [ -52.133409538806376, 70.763754184054676 ], [ -53.379410031372615, 71.396250515797462 ], [ -53.670611094490916, 70.943971787502889 ], [ -52.087046878280702, 70.136067738492386 ], [ -51.324698390868726, 68.870409612402696 ], [ -53.442958180256127, 68.870662135080835 ], [ -53.858397346720196, 68.28727168583886 ], [ -50.465647187371196, 62.119855904858156 ], [ -47.293363913806104, 60.335522805106343 ], [ -46.237482692335604, 60.335522805106343 ], [ -45.16013007008457, 59.713513190827747 ], [ -43.359820335882709, 59.721925727394016 ], [ -37.167309181011333, 66.613980963319676 ], [ -33.187165093346614, 66.613980963319676 ], [ -31.451486408571981, 68.432702223594703 ], [ -24.219226930723583, 68.420801244067533 ], [ -22.590373338292125, 69.975309595370959 ], [ -26.676649048932081, 69.987388609661679 ], [ -27.081473050166437, 71.2150400072765 ], [ -23.913341908209865, 71.2150400072765 ], [ -22.711487552239255, 70.46426273439441 ], [ -22.005244653556506, 70.46426273439441 ], [ -25.6770254878193, 72.737580069156095 ], [ -24.739540612732458, 73.696176851641297 ], [ -23.307966133977075, 73.696176851641297 ], [ -22.105308028587135, 72.953037805440673 ], [ -20.79957352663887, 74.2267921779586 ], [ -21.590961341661867, 76.77114960318869 ], [ -17.912972427584762, 76.77114960318869 ], [ -18.696693453033191, 79.38084587532046 ], [ -17.713955051468389, 80.424280881467823 ], [ -15.35116909731298, 80.424280881467823 ], [ -15.606314302547872, 81.433452210465632 ], [ -18.978432514299332, 81.433452210465632 ], [ -19.948949484214044, 80.310769518557791 ], [ -20.941167045542585, 80.961849043990853 ], [ -19.351873526557178, 82.915716977456697 ], [ -21.168448054052636, 84.196076668155442 ], [ -22.571419202192331, 82.285000778704315 ], [ -23.414661770831749, 82.855619250380599 ], [ -22.263144282270805, 84.499655557672568 ] ] ], [ [ [ -52.439564363220732, 69.251168088994348 ], [ -53.04324364182991, 70.225446889093689 ], [ -54.412508133725559, 70.225446889093689 ], [ -54.16264316652974, 69.839727808079246 ], [ -53.019713381937642, 69.251168088994348 ], [ -52.439564363220732, 69.251168088994348 ] ] ] ] } },
{ "type": "Feature", "properties": { "int_cd": 0, "name_fr": "Îles Féroé", "georeg": "EUR", "subreg": "Northern Europe", "globalid": "{5E6803A0-FB84-4997-8BB3-B44DB25BC5A0}", "geo_cd": 150, "objectid_1": 17, "nam_en": "Faroe Islands", "lbl_en": "Faroe Islands (Denmark)", "isoclr": "DNK", "stscod": 4, "intreg": " ", "m49_cd": "234", "lbl_fr": "Îles Féroé (Danemark)", "iso2cd": "FO", "iso3cd": "FRO", "sub_cd": 154, "SHAPE__Length": 414795.65244326065, "objectid": 184, "SHAPE__Area": 10609065173.419561 }, "geometry": { "type": "Polygon", "coordinates": [ [ [ -7.822737303761755, 62.465666948391387 ], [ -7.614006113395287, 61.333063811979812 ], [ -6.018029018957066, 61.333063811979812 ], [ -6.208863458586142, 62.465666948391387 ], [ -7.822737303761755, 62.465666948391387 ] ] ] } },
{ "type": "Feature", "properties": { "int_cd": 0, "name_fr": "Gibraltar", "georeg": "EUR", "subreg": "Southern Europe", "globalid": "{003F865F-F094-4671-84EE-2EF82ED2F007}", "geo_cd": 150, "objectid_1": 35, "nam_en": "Gibraltar", "lbl_en": "Gibraltar *", "isoclr": "GBR", "stscod": 3, "intreg": " ", "m49_cd": "292", "lbl_fr": "Gibraltar *", "iso2cd": "GI", "iso3cd": "GIB", "sub_cd": 39, "SHAPE__Length": 101204.90345763203, "objectid": 185, "SHAPE__Area": 628642930.52116215 }, "geometry": { "type": "Polygon", "coordinates": [ [ [ -5.687295881203828, 36.246720418151888 ], [ -5.499689055072936, 36.064657183224604 ], [ -5.308373984664656, 36.25780415965405 ], [ -5.508553473830081, 36.396372131737259 ], [ -5.687295881203828, 36.246720418151888 ] ] ] } },
{ "type": "Feature", "properties": { "int_cd": 5, "name_fr": "Géorgie du Sud et les Îles Sandwich du Sud", "georeg": "AME", "subreg": "Latin America and the Caribbean", "globalid": "{D93A6291-E4DF-4204-9A27-D31EB65E7175}", "geo_cd": 19, "objectid_1": 18, "nam_en": "South Georgia and the South Sandwich Islands", "lbl_en": "South Georgia and the South Sandwich Is.", "isoclr": "SGS", "stscod": 4, "intreg": "South America", "m49_cd": "239", "lbl_fr": "Géorgie du Sud et les Îles Sandwich du Sud", "iso2cd": "GS", "iso3cd": "SGS", "sub_cd": 419, "SHAPE__Length": 1458934.2665714438, "objectid": 188, "SHAPE__Area": 23609709614.795689 }, "geometry": { "type": "MultiPolygon", "coordinates": [ [ [ [ -35.268960037556234, -54.340131711710924 ], [ -35.561711514764845, -54.044094723631339 ], [ -35.864908524365262, -53.737460043852366 ], [ -38.157740578790701, -53.737460043852366 ], [ -37.860253889703323, -54.044094723631339 ], [ -37.683773558044962, -54.226022974004486 ], [ -37.573087466823047, -54.340131711710924 ], [ -35.268960037556234, -54.340131711710924 ] ] ], [ [ [ -25.922565876811817, -59.012249186836954 ], [ -25.716455931422107, -58.395017327424739 ], [ -26.559641223655603, -58.397703136169284 ], [ -26.770579659287961, -59.014944267824788 ], [ -25.922565876811817, -59.012249186836954 ] ] ], [ [ [ -26.119463967198723, -58.065981031466336 ], [ -25.918773356108847, -57.45198747310296 ], [ -26.754804435881127, -57.454659239151908 ], [ -26.960132663501753, -58.06866192428204 ], [ -26.119463967198723, -58.065981031466336 ] ] ], [ [ [ -27.104363305336886, -56.771638854655571 ], [ -26.907128080906418, -56.162020226700285 ], [ -27.733784598108933, -56.164673018831863 ], [ -27.935409999495864, -56.774300580430229 ], [ -27.104363305336886, -56.771638854655571 ] ] ], [ [ [ -26.853074345247624, -59.790290727598773 ], [ -26.636056404402169, -59.170370614060708 ], [ -27.485341754578446, -59.173068080162473 ], [ -27.707352380117413, -59.792997587173296 ], [ -26.853074345247624, -59.790290727598773 ] ] ] ] } },
{ "type": "Feature", "properties": { "int_cd": 0, "name_fr": "Îles Heard et Mcdonald", "georeg": "AFR", "subreg": "Australia and New Zealand", "globalid": "{4A45C07A-2DD3-40D9-AD3F-673AA7F70313}", "geo_cd": 9, "objectid_1": 19, "nam_en": "Heard Island and McDonald Islands", "lbl_en": "Heard Is. & McDonald Is. (Aust.)", "isoclr": "AUS", "stscod": 4, "intreg": " ", "m49_cd": "334", "lbl_fr": "Îles Heard et Mcdonald (Aust.)", "iso2cd": "HM", "iso3cd": "HMD", "sub_cd": 53, "SHAPE__Length": 364836.39490282064, "objectid": 189, "SHAPE__Area": 8285398048.6089649 }, "geometry": { "type": "Polygon", "coordinates": [ [ [ 74.346450099922649, -53.507824136634127 ], [ 73.902267630310021, -52.613892326760521 ], [ 72.66153806517508, -52.614149065369126 ], [ 73.097722451501312, -53.507824136634127 ], [ 74.346450099922649, -53.507824136634127 ] ] ] } },
{ "type": "Feature", "properties": { "int_cd": 14, "name_fr": "Terres Australes Françaises", "georeg": "AFR", "subreg": "Sub-Saharan Africa", "globalid": "{28B17C5B-AF58-48AA-AA55-D4279EE6F880}", "geo_cd": 2, "objectid_1": 20, "nam_en": "French Southern Territories", "lbl_en": "French Southern Territories (Fr.)", "isoclr": "FRA", "stscod": 4, "intreg": "Eastern Africa", "m49_cd": "260", "lbl_fr": "Terres Australes Françaises (Fr.)", "iso2cd": "TF", "iso3cd": "ATF", "sub_cd": 202, "SHAPE__Length": 665479.18414706667, "objectid": 191, "SHAPE__Area": 14731020003.106781 }, "geometry": { "type": "MultiPolygon", "coordinates": [ [ [ [ 70.26363586942847, -49.250753478288878 ], [ 69.3862064888459, -48.74220659352779 ], [ 68.451129070851835, -48.74220659352779 ], [ 68.895085426062522, -49.69891503764196 ], [ 70.477536717751832, -49.700312635614267 ], [ 70.26363586942847, -49.250753478288878 ] ] ], [ [ [ 52.674317914830517, -46.726385257758089 ], [ 52.520158700884359, -46.143291549133153 ], [ 51.753600809319451, -46.145831219155561 ], [ 51.904980658603272, -46.728928835911702 ], [ 52.674317914830517, -46.726385257758089 ] ] ] ] } },
{ "type": "Feature", "properties": { "int_cd": 14, "name_fr": "Réunion", "georeg": "AFR", "subreg": "Sub-Saharan Africa", "globalid": "{6EA9B85B-1508-4472-B8A2-FF550DF258E0}", "geo_cd": 2, "objectid_1": 21, "nam_en": "Réunion", "lbl_en": "Réunion (Fr.)", "isoclr": "FRA", "stscod": 4, "intreg": "Eastern Africa", "m49_cd": "638", "lbl_fr": "Réunion (Fr.)", "iso2cd": "RE", "iso3cd": "REU", "sub_cd": 202, "SHAPE__Length": 271688.28924192226, "objectid": 193, "SHAPE__Area": 4593853858.048028 }, "geometry": { "type": "Polygon", "coordinates": [ [ [ 55.848068229028208, -21.424365801891767 ], [ 55.799330280164121, -20.853776388703459 ], [ 55.103314156213926, -20.856263498379722 ], [ 55.151340932731181, -21.426852911934763 ], [ 55.848068229028208, -21.424365801891767 ] ] ] } },
{ "type": "Feature", "properties": { "int_cd": 0, "name_fr": "Taïwan", "georeg": "ASI", "subreg": "Eastern Asia", "globalid": "{9194E25C-BE12-4DB7-8CA9-887A85014DE9}", "geo_cd": 142, "objectid_1": 22, "nam_en": "Taiwan", "lbl_en": "", "isoclr": "CHN", "stscod": 5, "intreg": " ", "m49_cd": "158", "lbl_fr": "", "iso2cd": "TW", "iso3cd": "TWN", "sub_cd": 30, "SHAPE__Length": 1196384.5755048678, "objectid": 241, "SHAPE__Area": 52863546584.147842 }, "geometry": { "type": "Polygon", "coordinates": [ [ [ 121.129879424006901, 21.493081848220552 ], [ 122.201267164892272, 25.870117773261629 ], [ 120.321898631098321, 24.561298206501839 ], [ 119.908966176613333, 22.801901412791196 ], [ 121.129879424006901, 21.493081848220552 ] ] ] } },
{ "type": "Feature", "properties": { "int_cd": 29, "name_fr": "Montserrat", "georeg": "AME", "subreg": "Latin America and the Caribbean", "globalid": "{8783B1A9-D6C8-4F51-891E-CF5388B4701F}", "geo_cd": 19, "objectid_1": 23, "nam_en": "Montserrat", "lbl_en": "Montserrat *", "isoclr": "GBR", "stscod": 3, "intreg": "Caribbean", "m49_cd": "500", "lbl_fr": "Montserrat *", "iso2cd": "MS", "iso3cd": "MSR", "sub_cd": 419, "SHAPE__Length": 243525.17508296858, "objectid": 215, "SHAPE__Area": 3693000466.9477215 }, "geometry": { "type": "Polygon", "coordinates": [ [ [ -61.954729241472961, 16.857830528423246 ], [ -62.576808644954291, 16.857596520952875 ], [ -62.519975224442668, 16.357421790614321 ], [ -61.900136942713146, 16.356286611244062 ], [ -61.954729241472961, 16.857830528423246 ] ] ] } },
{ "type": "Feature", "properties": { "int_cd": 0, "name_fr": "Guam", "georeg": "OCE", "subreg": "Micronesia", "globalid": "{456C2470-A799-48A5-A775-81EC23A626A1}", "geo_cd": 9, "objectid_1": 24, "nam_en": "Guam", "lbl_en": "Guam *", "isoclr": "USA", "stscod": 3, "intreg": " ", "m49_cd": "316", "lbl_fr": "Guam *", "iso2cd": "GU", "iso3cd": "GUM", "sub_cd": 57, "SHAPE__Length": 276099.45662912703, "objectid": 212, "SHAPE__Area": 4734482587.7107639 }, "geometry": { "type": "Polygon", "coordinates": [ [ [ 145.125333684238967, 13.119472839761929 ], [ 145.212143120671357, 13.69006225288825 ], [ 144.523187040914593, 13.687575143292936 ], [ 144.436854053949531, 13.116985730290155 ], [ 145.125333684238967, 13.119472839761929 ] ] ] } },
{ "type": "Feature", "properties": { "int_cd": 0, "name_fr": "Tokélaou", "georeg": "OCE", "subreg": "Polynesia", "globalid": "{8934FF7F-C1DB-4F3D-A256-B8CA3342E38B}", "geo_cd": 9, "objectid_1": 25, "nam_en": "Tokelau", "lbl_en": "Tokelau *", "isoclr": "NZL", "stscod": 3, "intreg": " ", "m49_cd": "772", "lbl_fr": "Tokélaou *", "iso2cd": "TK", "iso3cd": "TKL", "sub_cd": 61, "SHAPE__Length": 277682.73420186399, "objectid": 205, "SHAPE__Area": 4786162833.9585485 }, "geometry": { "type": "Polygon", "coordinates": [ [ [ -171.391424891513736, -9.345969133494581 ], [ -171.470623805330519, -8.775379720483258 ], [ -172.155596241949667, -8.777866829105566 ], [ -172.076674290946897, -9.348456242860399 ], [ -171.391424891513736, -9.345969133494581 ] ] ] } },
{ "type": "Feature", "properties": { "int_cd": 0, "name_fr": "Samoa Américaines", "georeg": "OCE", "subreg": "Polynesia", "globalid": "{AC25B24B-5ACB-43AD-BB6D-F42A2747E101}", "geo_cd": 9, "objectid_1": 26, "nam_en": "American Samoa", "lbl_en": "American Samoa *", "isoclr": "USA", "stscod": 3, "intreg": " ", "m49_cd": "016", "lbl_fr": "Samoa Américaines *", "iso2cd": "AS", "iso3cd": "ASM", "sub_cd": 61, "SHAPE__Length": 823252.22240450338, "objectid": 199, "SHAPE__Area": 14081157018.104605 }, "geometry": { "type": "MultiPolygon", "coordinates": [ [ [ [ -170.685390015266137, -11.350187618867112 ], [ -170.785619328384627, -10.779598206533397 ], [ -171.471637589567166, -10.782085315349978 ], [ -171.371761239595571, -11.352674729221121 ], [ -170.685390015266137, -11.350187618867112 ] ] ], [ [ [ -170.290559515515611, -14.57295023946555 ], [ -170.420528501111306, -14.002360826384598 ], [ -171.108806748907966, -14.00484793498012 ], [ -170.979305485194061, -14.575437349178641 ], [ -170.290559515515611, -14.57295023946555 ] ] ], [ [ [ -169.000184438495694, -14.616025312881833 ], [ -169.000011999329644, -14.502269107064942 ], [ -169.000012325563745, -14.497610701378679 ], [ -169.00014143755692, -14.313411142630384 ], [ -169.061209370929532, -14.045182012588768 ], [ -169.749517889031125, -14.047669123129834 ], [ -169.618651392964438, -14.618258536502804 ], [ -169.000184438495694, -14.616025312881833 ] ] ] ] } },
{ "type": "Feature", "properties": { "int_cd": 11, "name_fr": "Sainte-Hélène", "georeg": "AFR", "subreg": "Sub-Saharan Africa", "globalid": "{90D07E05-9033-4C57-9AA9-E498367B1A7F}", "geo_cd": 2, "objectid_1": 27, "nam_en": "Saint Helena", "lbl_en": "Saint Helena *", "isoclr": "GBR", "stscod": 3, "intreg": "Western Africa", "m49_cd": "654", "lbl_fr": "Sainte-Hélène *", "iso2cd": "SH", "iso3cd": "SHN", "sub_cd": 202, "SHAPE__Length": 1062238.8381875663, "objectid": 198, "SHAPE__Area": 17595156686.711174 }, "geometry": { "type": "MultiPolygon", "coordinates": [ [ [ [ -13.866218625785958, -8.28982952667233 ], [ -13.859265993970793, -7.719240112549286 ], [ -14.544099695855738, -7.721727222618447 ], [ -14.551320115944428, -8.29231663668857 ], [ -13.866218625785958, -8.28982952667233 ] ] ], [ [ [ -9.564883314934789, -40.612950881860307 ], [ -9.507374621442903, -40.037885775605865 ], [ -10.248664703261904, -40.040391228692606 ], [ -10.30836376139167, -40.61545867733097 ], [ -9.564883314934789, -40.612950881860307 ] ] ], [ [ [ -12.051065932732895, -37.373696051907437 ], [ -11.995292041475684, -36.801412844523966 ], [ -12.725395228570735, -36.803906877061415 ], [ -12.783036839237262, -37.376191008193956 ], [ -12.051065932732895, -37.373696051907437 ] ] ], [ [ [ -5.359964804153614, -15.677721232082748 ], [ -6.038551668940114, -15.677947561675849 ], [ -6.05206781292135, -16.250797755916345 ], [ -5.373702824147728, -16.251282101455864 ], [ -5.359964804153614, -15.677721232082748 ] ] ] ] } },
{ "type": "Feature", "properties": { "int_cd": 0, "name_fr": "Bermudes", "georeg": "AME", "subreg": "Northern America", "globalid": "{38855114-2B39-42A9-ADA6-07C06F2CAEFC}", "geo_cd": 19, "objectid_1": 28, "nam_en": "Bermuda", "lbl_en": "Bermuda *", "isoclr": "GBR", "stscod": 3, "intreg": " ", "m49_cd": "060", "lbl_fr": "Bermudes *", "iso2cd": "BM", "iso3cd": "BMU", "sub_cd": 21, "SHAPE__Length": 262092.3776627832, "objectid": 219, "SHAPE__Area": 4285042380.1450906 }, "geometry": { "type": "Polygon", "coordinates": [ [ [ -64.359609219309945, 31.984777015859603 ], [ -64.516950507431218, 32.555366429701216 ], [ -65.233709636547246, 32.552879320023685 ], [ -65.074922383300532, 31.982289906139609 ], [ -64.359609219309945, 31.984777015859603 ] ] ] } },
{ "type": "Feature", "properties": { "int_cd": 29, "name_fr": "Îles Turques-et-Caïques", "georeg": "AME", "subreg": "Latin America and the Caribbean", "globalid": "{1B5A1006-4625-48AE-B773-B398F48018ED}", "geo_cd": 19, "objectid_1": 29, "nam_en": "Turks and Caicos Islands", "lbl_en": "Turks and Caicos Islands *", "isoclr": "GBR", "stscod": 3, "intreg": "Caribbean", "m49_cd": "796", "lbl_fr": "Îles Turques-et-Caïques *", "iso2cd": "TC", "iso3cd": "TCA", "sub_cd": 419, "SHAPE__Length": 271421.66662239196, "objectid": 218, "SHAPE__Area": 4578502392.3630161 }, "geometry": { "type": "Polygon", "coordinates": [ [ [ -71.612506148668714, 21.652590480886357 ], [ -71.702371227581267, 22.223179894980113 ], [ -72.396421771662645, 22.224931801616012 ], [ -72.309343787823153, 21.650103371237755 ], [ -71.612506148668714, 21.652590480886357 ] ] ] } },
{ "type": "Feature", "properties": { "int_cd": 29, "name_fr": "Îles Caïmanes", "georeg": "AME", "subreg": "Latin America and the Caribbean", "globalid": "{FA0813FC-2ECC-4C6A-9A26-06FE8FEBAFA1}", "geo_cd": 19, "objectid_1": 30, "nam_en": "Cayman Islands", "lbl_en": "Cayman Islands *", "isoclr": "GBR", "stscod": 3, "intreg": "Caribbean", "m49_cd": "136", "lbl_fr": "Îles Caïmanes *", "iso2cd": "KY", "iso3cd": "CYM", "sub_cd": 419, "SHAPE__Length": 545697.27635423455, "objectid": 217, "SHAPE__Area": 9257913950.2800503 }, "geometry": { "type": "MultiPolygon", "coordinates": [ [ [ [ -80.960097461082668, 19.052499934002839 ], [ -81.055508258220897, 19.623089346633503 ], [ -81.749787636078523, 19.620602236981902 ], [ -81.653690930431807, 19.050012823823657 ], [ -80.960097461082668, 19.052499934002839 ] ] ], [ [ [ -79.475931617125298, 19.41205332402226 ], [ -79.571721694339587, 19.982642736652355 ], [ -80.266452374206523, 19.98015562697914 ], [ -80.169961389325323, 19.409566213764428 ], [ -79.475931617125298, 19.41205332402226 ] ] ] ] } },
{ "type": "Feature", "properties": { "int_cd": 29, "name_fr": "Anguilla", "georeg": "AME", "subreg": "Latin America and the Caribbean", "globalid": "{9712FFF5-75F0-405F-80C4-41EE1B6D9916}", "geo_cd": 19, "objectid_1": 31, "nam_en": "Anguilla", "lbl_en": "Anguilla *", "isoclr": "GBR", "stscod": 3, "intreg": "Caribbean", "m49_cd": "660", "lbl_fr": "Anguilla *", "iso2cd": "AI", "iso3cd": "AIA", "sub_cd": 419, "SHAPE__Length": 234013.09049587313, "objectid": 216, "SHAPE__Area": 3420370885.7085996 }, "geometry": { "type": "Polygon", "coordinates": [ [ [ -63.065891753729531, 18.875533664496675 ], [ -63.693871685221403, 18.875632614094279 ], [ -63.635173642476566, 18.412040281567016 ], [ -63.007423594074815, 18.411122494052435 ], [ -63.065891753729531, 18.875533664496675 ] ] ] } },
{ "type": "Feature", "properties": { "int_cd": 0, "name_fr": "Polynésie française", "georeg": "OCE", "subreg": "Polynesia", "globalid": "{5C0CD3B6-B6FC-42A9-BF7E-123B0101938D}", "geo_cd": 9, "objectid_1": 32, "nam_en": "French Polynesia", "lbl_en": "French Polynesia *", "isoclr": "FRA", "stscod": 3, "intreg": " ", "m49_cd": "258", "lbl_fr": "Polynésie Française *", "iso2cd": "PF", "iso3cd": "PYF", "sub_cd": 61, "SHAPE__Length": 4113314.9193156655, "objectid": 227, "SHAPE__Area": 69999289665.728302 }, "geometry": { "type": "MultiPolygon", "coordinates": [ [ [ [ -140.386255323618656, -8.326177303584091 ], [ -140.330107102767869, -7.755587890369287 ], [ -141.015165115776199, -7.758074999191703 ], [ -141.071595294619783, -8.328664413536606 ], [ -140.386255323618656, -8.326177303584091 ] ] ], [ [ [ -144.093903061367257, -27.928834330159223 ], [ -143.856805967222925, -27.358244915667012 ], [ -144.563683167859438, -27.360732025414258 ], [ -144.801911510598472, -27.931321439844616 ], [ -144.093903061367257, -27.928834330159223 ] ] ], [ [ [ -149.17161749408055, -23.661990978263564 ], [ -148.997573305273988, -23.091401565307969 ], [ -149.697439265059671, -23.093888675588545 ], [ -149.872270645344315, -23.66447808817739 ], [ -149.17161749408055, -23.661990978263564 ] ] ], [ [ [ -134.700469990262206, -23.410901785305214 ], [ -134.543668805094825, -22.840312371763218 ], [ -135.243125021068892, -22.842799481839847 ], [ -135.400705543312142, -23.413388895115347 ], [ -134.700469990262206, -23.410901785305214 ] ] ], [ [ [ -140.379425196715488, -21.955646939534354 ], [ -140.224030689665597, -21.385057526302777 ], [ -140.921593267712552, -21.387544635830139 ], [ -141.077730180636223, -21.958134048921472 ], [ -140.379425196715488, -21.955646939534354 ] ] ], [ [ [ -140.527375820271942, -18.137655092955402 ], [ -140.390359559539206, -17.567065679907284 ], [ -141.083242297661627, -17.569552789675839 ], [ -141.22091961284579, -18.140142202615632 ], [ -140.527375820271942, -18.137655092955402 ] ] ], [ [ [ -149.026607212956662, -17.983160910249875 ], [ -148.883162275152046, -17.41257149772818 ], [ -149.575903383400089, -17.415058607732405 ], [ -149.720004327535406, -17.985648020179379 ], [ -149.026607212956662, -17.983160910249875 ] ] ], [ [ [ -150.50193602948454, -17.078484493613189 ], [ -150.36544498027007, -16.507895079363969 ], [ -151.057199679190063, -16.510382189146867 ], [ -151.194310308138796, -17.080971603247434 ], [ -150.50193602948454, -17.078484493613189 ] ] ], [ [ [ -143.298994407985987, -16.923499518450129 ], [ -143.170066525288121, -16.352910105226197 ], [ -143.861630772847093, -16.35539721508453 ], [ -143.991170954401809, -16.925986628247248 ], [ -143.298994407985987, -16.923499518450129 ] ] ], [ [ [ -151.415524821156168, -16.903623886580537 ], [ -151.279856100868955, -16.333034472958474 ], [ -151.971429007554178, -16.335521582682262 ], [ -152.107710397566706, -16.906110996214451 ], [ -151.415524821156168, -16.903623886580537 ] ] ], [ [ [ -146.052740540788903, -16.472767012331349 ], [ -145.925470673622186, -15.902177599804288 ], [ -146.616577559337344, -15.90466470944871 ], [ -146.744442007803258, -16.475254122354414 ], [ -146.052740540788903, -16.472767012331349 ] ] ], [ [ [ -147.98303026176697, -16.096944807104983 ], [ -147.857539315876409, -15.526355393398731 ], [ -148.548274000460736, -15.528842503794628 ], [ -148.674344756239719, -16.099431916541789 ], [ -147.98303026176697, -16.096944807104983 ] ] ], [ [ [ -138.729067309726901, -10.135703117142505 ], [ -138.661473294649568, -9.565113704039826 ], [ -139.347478247429592, -9.567600812819997 ], [ -139.41542579386649, -10.138190227037299 ], [ -138.729067309726901, -10.135703117142505 ] ] ], [ [ [ -139.745603981857727, -9.745319780983079 ], [ -139.680824596451572, -9.174730368290017 ], [ -140.366612660079227, -9.177217476993858 ], [ -140.431714714691168, -9.747806891376445 ], [ -139.745603981857727, -9.745319780983079 ] ] ], [ [ [ -139.673505547695555, -9.034731127746189 ], [ -139.613206043993443, -8.464141713787726 ], [ -140.298615252365295, -8.466628823570504 ], [ -140.359216967963249, -9.037218237772409 ], [ -139.673505547695555, -9.034731127746189 ] ] ] ] } },
{ "type": "Feature", "properties": { "int_cd": 29, "name_fr": "Îles Vierges Américaines", "georeg": "AME", "subreg": "Latin America and the Caribbean", "globalid": "{6DCF2C28-0C93-430F-90F1-E68F6592606A}", "geo_cd": 19, "objectid_1": 33, "nam_en": "United States Virgin Islands", "lbl_en": "United States Virgin Islands *", "isoclr": "USA", "stscod": 3, "intreg": "Caribbean", "m49_cd": "850", "lbl_fr": "Îles Vierges Américaines *", "iso2cd": "VI", "iso3cd": "VIR", "sub_cd": 419, "SHAPE__Length": 243516.08455656242, "objectid": 231, "SHAPE__Area": 3693202192.1579738 }, "geometry": { "type": "Polygon", "coordinates": [ [ [ -64.378286590133797, 17.503307041274013 ], [ -64.439060471395436, 18.004850958180651 ], [ -65.06226161285764, 18.004616951107778 ], [ -65.00392046453446, 17.503807885384909 ], [ -64.378286590133797, 17.503307041274013 ] ] ] } },
{ "type": "Feature", "properties": { "int_cd": 0, "name_fr": "Nouvelle-Calédonie", "georeg": "OCE", "subreg": "Melanesia", "globalid": "{FAED7600-5169-44C9-91DF-3FC2EEF046CD}", "geo_cd": 9, "objectid_1": 34, "nam_en": "New Caledonia", "lbl_en": "New Caledonia *", "isoclr": "FRA", "stscod": 3, "intreg": " ", "m49_cd": "540", "lbl_fr": "Nouvelle-Calédonie *", "iso2cd": "NC", "iso3cd": "NCL", "sub_cd": 54, "SHAPE__Length": 1728899.2445341041, "objectid": 196, "SHAPE__Area": 43208799728.664818 }, "geometry": { "type": "MultiPolygon", "coordinates": [ [ [ [ 167.596516258062564, -22.407764330862097 ], [ 164.140977348749857, -20.028286330461405 ], [ 163.74383395734904, -20.495491679503541 ], [ 167.211149129761282, -22.874969679961779 ], [ 167.596516258062564, -22.407764330862097 ] ] ], [ [ [ 168.649931637546587, -22.066263502366191 ], [ 168.48194806236512, -21.495674087763927 ], [ 167.785640965775741, -21.498161197902125 ], [ 167.952907341701405, -22.068750611667355 ], [ 168.649931637546587, -22.066263502366191 ] ] ], [ [ [ 167.280908211733049, -20.905882225786055 ], [ 167.120607557521367, -20.335292812240727 ], [ 166.42571020012204, -20.337779921613098 ], [ 166.585322748765122, -20.908369336154184 ], [ 167.280908211733049, -20.905882225786055 ] ] ], [ [ [ 160.370793300341376, -19.43967495879668 ], [ 160.219237142234988, -18.86908554584701 ], [ 159.526098218710075, -18.871572656129487 ], [ 159.676984214447941, -19.442162068715266 ], [ 160.370793300341376, -19.43967495879668 ] ] ] ] } },
{ "type": "Feature", "properties": { "int_cd": 29, "name_fr": "Îles Vierges Britanniques", "georeg": "AME", "subreg": "Latin America and the Caribbean", "globalid": "{FCEE2977-1DAA-45D5-869F-65F7886D2060}", "geo_cd": 19, "objectid_1": 36, "nam_en": "British Virgin Islands", "lbl_en": "British Virgin Islands *", "isoclr": "GBR", "stscod": 3, "intreg": "Caribbean", "m49_cd": "092", "lbl_fr": "Îles Vierges Britanniques *", "iso2cd": "VG", "iso3cd": "VGB", "sub_cd": 419, "SHAPE__Length": 243073.32452653249, "objectid": 86, "SHAPE__Area": 3680099420.5428782 }, "geometry": { "type": "Polygon", "coordinates": [ [ [ -64.297479358514963, 18.87501852302805 ], [ -64.921588348675954, 18.874784515953934 ], [ -64.860053352856724, 18.37397545019515 ], [ -64.233530904010081, 18.373474606019212 ], [ -64.297479358514963, 18.87501852302805 ] ] ] } },
{ "type": "Feature", "properties": { "int_cd": 0, "name_fr": "Pitcairn", "georeg": "OCE", "subreg": "Polynesia", "globalid": "{1ECB0B1E-51A7-405D-B100-5A16A7F7092B}", "geo_cd": 9, "objectid_1": 37, "nam_en": "Pitcairn", "lbl_en": "Pitcairn *", "isoclr": "GBR", "stscod": 3, "intreg": " ", "m49_cd": "612", "lbl_fr": "Pitcairn *", "iso2cd": "PN", "iso3cd": "PCN", "sub_cd": 61, "SHAPE__Length": 406614.08854396601, "objectid": 7, "SHAPE__Area": 10176025253.994682 }, "geometry": { "type": "Polygon", "coordinates": [ [ [ -127.859566114395818, -24.501060360557034 ], [ -127.725338287739262, -23.980130838263346 ], [ -128.125092269960476, -23.98009454182964 ], [ -128.755834759861898, -23.980037273014055 ], [ -128.981692707765177, -24.854377965531075 ], [ -127.951320613547878, -24.857153637423686 ], [ -127.859566114395818, -24.501060360557034 ] ] ] } },
{ "type": "Feature", "properties": { "int_cd": 0, "name_fr": "Îles Cook", "georeg": "OCE", "subreg": "Polynesia", "globalid": "{CC885534-FC2C-4B05-A6E4-E2CC0C7AFC7D}", "geo_cd": 9, "objectid_1": 38, "nam_en": "Cook Islands", "lbl_en": "COOK ISLANDS", "isoclr": "COK", "stscod": 1, "intreg": " ", "m49_cd": "184", "lbl_fr": "ÎLES COOK", "iso2cd": "CK", "iso3cd": "COK", "sub_cd": 61, "SHAPE__Length": 817218.431288269, "objectid": 8, "SHAPE__Area": 13789350437.100685 }, "geometry": { "type": "MultiPolygon", "coordinates": [ [ [ [ -157.454146397349632, -20.092338272790354 ], [ -157.284282831446944, -19.521748859911 ], [ -157.979600134920275, -19.524235968939159 ], [ -158.150156530689372, -20.094825383021693 ], [ -157.454146397349632, -20.092338272790354 ] ] ], [ [ [ -159.472980982160294, -21.540821091949702 ], [ -159.300079086321148, -20.970231679250954 ], [ -159.997196444048029, -20.972718788414298 ], [ -160.170831899146293, -21.543308201572074 ], [ -159.472980982160294, -21.540821091949702 ] ] ], [ [ [ -157.66077091818255, -22.223485614610773 ], [ -157.485767749253085, -21.652896201301495 ], [ -158.1837552579575, -21.655383311745705 ], [ -158.35950925382059, -22.225972724271706 ], [ -157.66077091818255, -22.223485614610773 ] ] ] ] } },
{ "type": "Feature", "properties": { "int_cd": 18, "name_fr": "Eswatini", "georeg": "AFR", "subreg": "Sub-Saharan Africa", "globalid": "{E29B6973-77C5-46D9-8754-8EF762DD909A}", "geo_cd": 2, "objectid_1": 39, "nam_en": "Eswatini", "lbl_en": "ESWATINI", "isoclr": "SWZ", "stscod": 1, "intreg": "Southern Africa", "m49_cd": "748", "lbl_fr": "ESWATINI", "iso2cd": "SZ", "iso3cd": "SWZ", "sub_cd": 202, "SHAPE__Length": 545937.22325952782, "objectid": 6, "SHAPE__Area": 18605208809.420704 }, "geometry": { "type": "Polygon", "coordinates": [ [ [ 31.937279831500273, -25.97434129880109 ], [ 31.915136140170191, -25.671220994770188 ], [ 31.090807930545122, -25.671320736145972 ], [ 30.685490269515856, -26.042805932747751 ], [ 30.765022737193423, -27.064390222532854 ], [ 32.032046009592214, -27.064390222532854 ], [ 31.937279831500273, -25.97434129880109 ] ] ] } },
{ "type": "Feature", "properties": { "int_cd": 18, "name_fr": "Lesotho", "georeg": "AFR", "subreg": "Sub-Saharan Africa", "globalid": "{433C129E-735C-41DE-8281-747E74452B54}", "geo_cd": 2, "objectid_1": 40, "nam_en": "Lesotho", "lbl_en": "LESOTHO", "isoclr": "LSO", "stscod": 1, "intreg": "Southern Africa", "m49_cd": "426", "lbl_fr": "LESOTHO", "iso2cd": "LS", "iso3cd": "LSO", "sub_cd": 202, "SHAPE__Length": 756772.61476482998, "objectid": 5, "SHAPE__Area": 34712428454.924622 }, "geometry": { "type": "Polygon", "coordinates": [ [ [ 29.690928250566198, -29.243349316135721 ], [ 28.376048120142411, -28.314636325492053 ], [ 26.888668075369729, -29.70990285818726 ], [ 28.211796643463405, -30.638615849072924 ], [ 29.690928250566198, -29.243349316135721 ] ] ] } },
{ "type": "Feature", "properties": { "int_cd": 5, "name_fr": "Uruguay", "georeg": "AME", "subreg": "Latin America and the Caribbean", "globalid": "{BAC1BF35-B75D-41AB-AA38-CA7B8CCF1A28}", "geo_cd": 19, "objectid_1": 41, "nam_en": "Uruguay", "lbl_en": "URUGUAY", "isoclr": "URY", "stscod": 1, "intreg": "South America", "m49_cd": "858", "lbl_fr": "URUGUAY", "iso2cd": "UY", "iso3cd": "URY", "sub_cd": 419, "SHAPE__Length": 1869116.5792128525, "objectid": 4, "SHAPE__Area": 200359417022.36487 }, "geometry": { "type": "Polygon", "coordinates": [ [ [ -55.885873683634429, -31.033411993991418 ], [ -57.171689790297627, -29.745935908815081 ], [ -57.6769513925246, -30.117529036836462 ], [ -58.504969603612899, -34.11710282127595 ], [ -58.28505748993868, -33.962882790782309 ], [ -57.334136150461482, -34.947318561131624 ], [ -54.485700611822274, -34.941127141840099 ], [ -52.942296934326968, -33.848960664201243 ], [ -52.764981510152637, -32.953266684583873 ], [ -54.672067114743889, -31.045794834168909 ], [ -55.885873683634429, -31.033411993991418 ] ] ] } },
{ "type": "Feature", "properties": { "int_cd": 18, "name_fr": "Afrique du Sud", "georeg": "AFR", "subreg": "Sub-Saharan Africa", "globalid": "{C5D47BF3-05CD-4CA2-9784-F69851F61086}", "geo_cd": 2, "objectid_1": 42, "nam_en": "South Africa", "lbl_en": "SOUTH AFRICA", "isoclr": "ZAF", "stscod": 1, "intreg": "Southern Africa", "m49_cd": "710", "lbl_fr": "AFRIQUE DU SUD", "iso2cd": "ZA", "iso3cd": "ZAF", "sub_cd": 202, "SHAPE__Length": 6992297.7772292057, "objectid": 3, "SHAPE__Area": 1195222885056.9622 }, "geometry": { "type": "MultiPolygon", "coordinates": [ [ [ [ 30.685490269515856, -26.042805932747751 ], [ 31.090807930545122, -25.671320736145972 ], [ 31.915136140170191, -25.671220994770188 ], [ 31.671660656485773, -21.879312218430439 ], [ 28.828206686601522, -21.876211259072569 ], [ 25.359233476436113, -25.008729628632857 ], [ 25.410934936556487, -25.874293915660882 ], [ 23.488756081848521, -25.874293915660882 ], [ 22.671830069567843, -25.874293915660882 ], [ 22.716027555056641, -26.657423507892307 ], [ 21.175286727223476, -26.657423507892307 ], [ 21.129877476724605, -25.791859221157484 ], [ 20.241747899194518, -25.059838625133622 ], [ 20.423134541121051, -28.724323023323112 ], [ 16.650867429523807, -28.736073605898675 ], [ 16.734204656793306, -30.376799888950714 ], [ 18.218216605282056, -31.739402011826677 ], [ 18.381419876840436, -34.060694751258588 ], [ 26.10416106432271, -34.060694751258588 ], [ 32.846475454239823, -27.683532215731617 ], [ 32.695291428233666, -25.97434129880109 ], [ 31.937279831500273, -25.97434129880109 ], [ 32.032046009592214, -27.064390222532854 ], [ 30.765022737193423, -27.064390222532854 ], [ 30.685490269515856, -26.042805932747751 ] ], [ [ 26.888668075369729, -29.70990285818726 ], [ 28.376048120142411, -28.314636325492053 ], [ 29.690928250566198, -29.243349316135721 ], [ 28.211796643463405, -30.638615849072924 ], [ 26.888668075369729, -29.70990285818726 ] ] ], [ [ [ 38.372812530710057, -46.933484485891867 ], [ 38.269912731265528, -46.350072384758192 ], [ 37.50214937621061, -46.352613439314098 ], [ 37.602244204269006, -46.936029455433363 ], [ 38.372812530710057, -46.933484485891867 ] ] ] ] } },
{ "type": "Feature", "properties": { "int_cd": 0, "name_fr": "Nouvelle-Zélande", "georeg": "OCE", "subreg": "Australia and New Zealand", "globalid": "{FEDB303D-8F8C-4D5C-B19A-50D47F57F05D}", "geo_cd": 9, "objectid_1": 43, "nam_en": "New Zealand", "lbl_en": "NEW ZEALAND", "isoclr": "NZL", "stscod": 1, "intreg": " ", "m49_cd": "554", "lbl_fr": "NOUVELLE-ZÉLANDE", "iso2cd": "NZ", "iso3cd": "NZL", "sub_cd": 53, "SHAPE__Length": 5620905.056984988, "objectid": 2, "SHAPE__Area": 327838215190.89587 }, "geometry": { "type": "MultiPolygon", "coordinates": [ [ [ [ 169.027154605681886, -46.862330375619656 ], [ 169.351275741185077, -45.255128230634185 ], [ 173.710440455786596, -45.255128230634185 ], [ 174.441718474883601, -41.973831072145551 ], [ 172.509320753309765, -39.846665930395694 ], [ 171.41916345767163, -43.506619305674398 ], [ 166.064103689673345, -43.506619305674398 ], [ 165.488150457511836, -45.860820527264721 ], [ 167.774691008774852, -46.862330375619656 ], [ 169.027154605681886, -46.862330375619656 ] ] ], [ [ [ 174.87596766679934, -37.252318616251763 ], [ 173.044860941459973, -34.781642369127987 ], [ 171.920612638656081, -34.187568383201828 ], [ 174.342624849100076, -37.490697414019827 ], [ 173.562816203961205, -39.45872764310117 ], [ 174.995563281822001, -40.145510478814302 ], [ 174.701112147505853, -41.073977136000956 ], [ 175.432775147533249, -41.853774307198535 ], [ 176.853666119442352, -37.699309035461177 ], [ 176.433781840678449, -37.490697414019827 ], [ 176.252238936427716, -37.937756818520441 ], [ 174.87596766679934, -37.252318616251763 ] ] ], [ [ [ 179.527333505139865, -50.003261883054464 ], [ 178.851141747042902, -49.415078413025299 ], [ 178.070435246653261, -49.417640168980739 ], [ 178.255682633368309, -49.580687465406555 ], [ 178.743640887866775, -50.005836234790777 ], [ 179.527333505139865, -50.003261883054464 ] ] ], [ [ [ 166.850212766387045, -51.141855269359112 ], [ 166.176701744265074, -50.549254233299408 ], [ 165.389763930121831, -50.551834227992011 ], [ 166.059945299421855, -51.144441417146993 ], [ 166.850212766387045, -51.141855269359112 ] ] ] ] } },
{ "type": "Feature", "properties": { "int_cd": 0, "name_fr": "Îles Salomon", "georeg": "OCE", "subreg": "Melanesia", "globalid": "{343EA6B2-AD77-46EA-849B-03525D9E23DC}", "geo_cd": 9, "objectid_1": 45, "nam_en": "Solomon Islands", "lbl_en": "SOLOMON ISLANDS", "isoclr": "SLB", "stscod": 1, "intreg": " ", "m49_cd": "090", "lbl_fr": "ÎLES SALOMON", "iso2cd": "SB", "iso3cd": "SLB", "sub_cd": 54, "SHAPE__Length": 1803676.7820655492, "objectid": 16, "SHAPE__Area": 55687949087.52256 }, "geometry": { "type": "MultiPolygon", "coordinates": [ [ [ [ 162.384112791058669, -10.360308733311655 ], [ 160.587752899168777, -8.943295851217837 ], [ 159.810990707361469, -9.723161538995999 ], [ 161.62706886059442, -11.140174421464723 ], [ 162.384112791058669, -10.360308733311655 ] ] ], [ [ [ 159.620376308026209, -8.36512514432768 ], [ 158.495142311878595, -7.459417442415304 ], [ 157.858788252370857, -8.086806570816091 ], [ 158.990631611829798, -8.992514272167767 ], [ 159.620376308026209, -8.36512514432768 ] ] ], [ [ [ 166.212753906740772, -11.158203794944752 ], [ 166.126682529057319, -10.587614380721167 ], [ 165.440725955598566, -10.590101490538846 ], [ 165.526448182029839, -11.160690904979575 ], [ 166.212753906740772, -11.158203794944752 ] ] ], [ [ [ 160.479033782976614, -11.883153835574431 ], [ 160.390512994474136, -11.312564421880039 ], [ 159.704095087394933, -11.315051531161451 ], [ 159.79224037372461, -11.885640945165358 ], [ 160.479033782976614, -11.883153835574431 ] ] ] ] } },
{ "type": "Feature", "properties": { "int_cd": 14, "name_fr": "Comores", "georeg": "AFR", "subreg": "Sub-Saharan Africa", "globalid": "{3B820118-3A1B-4145-A1F8-FDFF3AB10FAF}", "geo_cd": 2, "objectid_1": 46, "nam_en": "Comoros", "lbl_en": "COMOROS", "isoclr": "COM", "stscod": 1, "intreg": "Eastern Africa", "m49_cd": "174", "lbl_fr": "COMORES", "iso2cd": "KM", "iso3cd": "COM", "sub_cd": 202, "SHAPE__Length": 829478.99105025874, "objectid": 15, "SHAPE__Area": 14255660485.1647 }, "geometry": { "type": "MultiPolygon", "coordinates": [ [ [ [ 43.825133692361874, -11.92692245305984 ], [ 43.803530461268949, -11.356333039442415 ], [ 43.116798765818736, -11.358820148357427 ], [ 43.138009955790693, -11.929409562466265 ], [ 43.825133692361874, -11.92692245305984 ] ] ], [ [ [ 43.837556426623017, -12.793721244518256 ], [ 43.814487953207824, -12.223131830817298 ], [ 43.127152642383116, -12.225618940169838 ], [ 43.149798232679132, -12.796208353702607 ], [ 43.837556426623017, -12.793721244518256 ] ] ], [ [ [ 44.867098804476854, -12.451913318595251 ], [ 44.843984622390821, -11.88132390536801 ], [ 44.156895579575114, -11.883811014855661 ], [ 44.179599192750103, -12.454400428505188 ], [ 44.867098804476854, -12.451913318595251 ] ] ] ] } },
{ "type": "Feature", "properties": { "int_cd": 14, "name_fr": "Madagascar", "georeg": "AFR", "subreg": "Sub-Saharan Africa", "globalid": "{D1E3A5F8-9A83-401C-BD8A-00205B69C050}", "geo_cd": 2, "objectid_1": 47, "nam_en": "Madagascar", "lbl_en": "MADAGASCAR", "isoclr": "MDG", "stscod": 1, "intreg": "Eastern Africa", "m49_cd": "450", "lbl_fr": "MADAGASCAR", "iso2cd": "MG", "iso3cd": "MDG", "sub_cd": 202, "SHAPE__Length": 3964094.6531668035, "objectid": 14, "SHAPE__Area": 681935036726.04846 }, "geometry": { "type": "Polygon", "coordinates": [ [ [ 50.665312758465411, -14.09274175371187 ], [ 48.601764749697409, -12.370683012572909 ], [ 46.813772529636431, -15.098888433717185 ], [ 45.278156494764964, -15.783468402851421 ], [ 43.256975281172359, -19.820102437432475 ], [ 43.697989166080873, -25.206721576567215 ], [ 45.829977248290646, -26.089106016792755 ], [ 47.183674776582478, -25.489287802963791 ], [ 50.725274103926559, -15.021492535235167 ], [ 50.665312758465411, -14.09274175371187 ] ] ] } },
{ "type": "Feature", "properties": { "int_cd": 14, "name_fr": "Zimbabwe", "georeg": "AFR", "subreg": "Sub-Saharan Africa", "globalid": "{5FBF3080-DC73-48D3-823A-FEACE3BEF561}", "geo_cd": 2, "objectid_1": 48, "nam_en": "Zimbabwe", "lbl_en": "ZIMBABWE", "isoclr": "ZWE", "stscod": 1, "intreg": "Eastern Africa", "m49_cd": "716", "lbl_fr": "ZIMBABWE", "iso2cd": "ZW", "iso3cd": "ZWE", "sub_cd": 202, "SHAPE__Length": 2451033.8544100123, "objectid": 13, "SHAPE__Area": 365634313158.47205 }, "geometry": { "type": "Polygon", "coordinates": [ [ [ 32.568169127386284, -16.874276674131565 ], [ 31.40422723459017, -15.877602929872603 ], [ 30.287953621226141, -15.877602929872603 ], [ 29.272275651915773, -15.878187869904471 ], [ 27.201265960436928, -17.754476561568048 ], [ 24.882415860811374, -17.754476561568048 ], [ 28.828206686601522, -21.876211259072569 ], [ 31.671660656485773, -21.879312218430439 ], [ 32.788731941267415, -20.860971652526114 ], [ 32.568169127386284, -16.874276674131565 ] ] ] } },
{ "type": "Feature", "properties": { "int_cd": 18, "name_fr": "Namibie", "georeg": "AFR", "subreg": "Sub-Saharan Africa", "globalid": "{93BE5C9B-BC6B-4DB1-A0E3-7239ED25D517}", "geo_cd": 2, "objectid_1": 49, "nam_en": "Namibia", "lbl_en": "NAMIBIA", "isoclr": "NAM", "stscod": 1, "intreg": "Southern Africa", "m49_cd": "516", "lbl_fr": "NAMIBIE", "iso2cd": "NA", "iso3cd": "NAM", "sub_cd": 202, "SHAPE__Length": 4989091.9764897171, "objectid": 12, "SHAPE__Area": 847869760362.71338 }, "geometry": { "type": "Polygon", "coordinates": [ [ [ 18.810285138401191, -17.259868398210127 ], [ 11.787179265822559, -17.252850587800321 ], [ 11.807325242675212, -18.396402309216388 ], [ 13.222588258815273, -19.603729197695721 ], [ 13.259017971937007, -21.151584182371909 ], [ 15.063672684011618, -23.039967262236804 ], [ 15.218759279325839, -27.559703816958436 ], [ 16.650867429523807, -28.736073605898675 ], [ 20.423134541121051, -28.724323023323112 ], [ 20.241747899194518, -25.059838625133622 ], [ 20.108365816719751, -21.958645953123693 ], [ 20.775793187283671, -21.958645953123693 ], [ 20.753848109856968, -21.381603095803879 ], [ 20.639953859344718, -18.249084726344044 ], [ 22.487059320040327, -18.249084726344044 ], [ 23.257672389165236, -18.578823502319946 ], [ 24.882415860811374, -17.754476561568048 ], [ 24.013338381977405, -17.301085746082023 ], [ 22.925680085165023, -17.301085746082023 ], [ 21.94836063335557, -17.754476561568048 ], [ 19.913451362543327, -17.754476561568048 ], [ 18.810285138401191, -17.259868398210127 ] ] ] } },
{ "type": "Feature", "properties": { "int_cd": 18, "name_fr": "Botswana", "georeg": "AFR", "subreg": "Sub-Saharan Africa", "globalid": "{C07BBA6C-858A-4CC9-A748-8363CA2834B6}", "geo_cd": 2, "objectid_1": 50, "nam_en": "Botswana", "lbl_en": "BOTSWANA", "isoclr": "BWA", "stscod": 1, "intreg": "Southern Africa", "m49_cd": "072", "lbl_fr": "BOTSWANA", "iso2cd": "BW", "iso3cd": "BWA", "sub_cd": 202, "SHAPE__Length": 3312052.8528081588, "objectid": 11, "SHAPE__Area": 575461121767.12341 }, "geometry": { "type": "Polygon", "coordinates": [ [ [ 28.828206686601522, -21.876211259072569 ], [ 24.882415860811374, -17.754476561568048 ], [ 23.257672389165236, -18.578823502319946 ], [ 22.487059320040327, -18.249084726344044 ], [ 20.639953859344718, -18.249084726344044 ], [ 20.753848109856968, -21.381603095803879 ], [ 20.775793187283671, -21.958645953123693 ], [ 20.108365816719751, -21.958645953123693 ], [ 20.241747899194518, -25.059838625133622 ], [ 21.129877476724605, -25.791859221157484 ], [ 21.175286727223476, -26.657423507892307 ], [ 22.716027555056641, -26.657423507892307 ], [ 22.671830069567843, -25.874293915660882 ], [ 23.488756081848521, -25.874293915660882 ], [ 25.410934936556487, -25.874293915660882 ], [ 25.359233476436113, -25.008729628632857 ], [ 28.828206686601522, -21.876211259072569 ] ] ] } },
{ "type": "Feature", "properties": { "int_cd": 5, "name_fr": "Paraguay", "georeg": "AME", "subreg": "Latin America and the Caribbean", "globalid": "{62D4F965-5DF0-4AA3-9737-777F8A11D568}", "geo_cd": 19, "objectid_1": 51, "nam_en": "Paraguay", "lbl_en": "PARAGUAY", "isoclr": "PRY", "stscod": 1, "intreg": "South America", "m49_cd": "600", "lbl_fr": "PARAGUAY", "iso2cd": "PY", "iso3cd": "PRY", "sub_cd": 419, "SHAPE__Length": 3212971.401898575, "objectid": 10, "SHAPE__Area": 415432167510.15521 }, "geometry": { "type": "Polygon", "coordinates": [ [ [ -57.930826414576984, -19.950770305751039 ], [ -58.708950440206522, -19.207799913762432 ], [ -61.872903160693525, -19.207799913762432 ], [ -62.201061037513796, -22.15491580349001 ], [ -62.28522321472385, -22.873120516820638 ], [ -61.048597543950542, -24.061873144915385 ], [ -59.524301219296291, -24.061873144915385 ], [ -58.23599560818689, -25.300157132174917 ], [ -58.555087761795306, -27.479536950321968 ], [ -55.65584513513619, -27.479536950321968 ], [ -55.575826257426804, -26.93469199586545 ], [ -55.025762147573367, -26.93469199586545 ], [ -54.85602011264227, -25.69640800796919 ], [ -54.658460059337038, -24.012341784943835 ], [ -55.909878420636751, -22.823589156713691 ], [ -55.821634098671822, -21.981556046059545 ], [ -56.394554904696676, -21.981556046059545 ], [ -58.141963363565587, -21.981556046059545 ], [ -57.930826414576984, -19.950770305751039 ] ] ] } },
{ "type": "Feature", "properties": { "int_cd": 5, "name_fr": "Argentine", "georeg": "AME", "subreg": "Latin America and the Caribbean", "globalid": "{7163F3DC-95CD-4AD2-90C2-3B3712DA47E5}", "geo_cd": 19, "objectid_1": 52, "nam_en": "Argentina", "lbl_en": "ARGENTINA", "isoclr": "ARG", "stscod": 1, "intreg": "South America", "m49_cd": "032", "lbl_fr": "ARGENTINE", "iso2cd": "AR", "iso3cd": "ARG", "sub_cd": 419, "SHAPE__Length": 11024355.141828386, "objectid": 9, "SHAPE__Area": 2727614905635.5132 }, "geometry": { "type": "MultiPolygon", "coordinates": [ [ [ [ -65.390184346536827, -21.51100813085829 ], [ -66.649521624514463, -21.51100813085829 ], [ -66.806294370139923, -22.774057798084552 ], [ -67.035803367801094, -22.774057798084552 ], [ -67.303240392308268, -24.804843537406047 ], [ -67.936908086254547, -24.804843537406047 ], [ -68.850229027172389, -25.49828256992717 ], [ -69.998143249732721, -31.293451631895067 ], [ -69.343542238757365, -31.986890665225541 ], [ -71.928795248329777, -40.476523938058961 ], [ -71.102398615900981, -41.450972776078714 ], [ -71.92221455116055, -43.504874596461455 ], [ -71.287448436075081, -44.28314749344726 ], [ -72.397094465472307, -46.806547852887128 ], [ -71.854895042270812, -47.491164118669793 ], [ -73.04102985697385, -49.961004036671291 ], [ -71.375982885264932, -52.226589208860304 ], [ -71.34310465590427, -52.272033571077515 ], [ -69.069765317220245, -52.272705170977304 ], [ -69.32663067092065, -51.926609481859828 ], [ -66.894701880846767, -46.712510313561431 ], [ -67.345604763688101, -46.16837141312876 ], [ -67.121248410299074, -45.62501168793861 ], [ -65.814428559043449, -44.830729249727248 ], [ -65.055425857057728, -42.860098013044897 ], [ -63.696226099201631, -42.860098013044897 ], [ -63.377374407468047, -41.958485960249504 ], [ -64.714402125231786, -41.958485960249504 ], [ -65.525468621851914, -41.03320770244656 ], [ -62.436481904885717, -41.03320770244656 ], [ -61.663171344044642, -38.529479031942863 ], [ -57.630773579261188, -38.529479031942863 ], [ -56.979970798032248, -35.99559407181475 ], [ -58.682765018185947, -34.241496688279639 ], [ -58.504969603612899, -34.11710282127595 ], [ -57.6769513925246, -30.117529036836462 ], [ -57.171689790297627, -29.745935908815081 ], [ -54.115650104460187, -27.45477127028833 ], [ -53.874731285812594, -25.69640800796919 ], [ -54.85602011264227, -25.69640800796919 ], [ -55.025762147573367, -26.93469199586545 ], [ -55.575826257426804, -26.93469199586545 ], [ -55.65584513513619, -27.479536950321968 ], [ -58.555087761795306, -27.479536950321968 ], [ -58.23599560818689, -25.300157132174917 ], [ -59.524301219296291, -24.061873144915385 ], [ -61.048597543950542, -24.061873144915385 ], [ -62.28522321472385, -22.873120516820638 ], [ -62.201061037513796, -22.15491580349001 ], [ -64.722723636097939, -22.15491580349001 ], [ -65.390184346536827, -21.51100813085829 ] ] ], [ [ [ -68.053566675019454, -52.945801290313931 ], [ -68.612689901387768, -52.945835361955147 ], [ -70.020173193994054, -55.135176934124814 ], [ -66.270086999426624, -55.135509884031286 ], [ -67.192795777968101, -53.86874214936141 ], [ -68.556470620650956, -53.868952357202517 ], [ -68.053566675019454, -52.945801290313931 ] ] ] ] } },
{ "type": "Feature", "properties": { "int_cd": 17, "name_fr": "Guinée Équatoriale", "georeg": "AFR", "subreg": "Sub-Saharan Africa", "globalid": "{455C86EA-AECC-40C1-BBED-39D76EE3E6B2}", "geo_cd": 2, "objectid_1": 53, "nam_en": "Equatorial Guinea", "lbl_en": "EQUATORIAL GUINEA", "isoclr": "GNQ", "stscod": 1, "intreg": "Middle Africa", "m49_cd": "226", "lbl_fr": "GUINÉE ÉQUATORIALE", "iso2cd": "GQ", "iso3cd": "GNQ", "sub_cd": 202, "SHAPE__Length": 922357.00766966643, "objectid": 32, "SHAPE__Area": 30551241318.66457 }, "geometry": { "type": "MultiPolygon", "coordinates": [ [ [ [ 11.297624058516481, 1.091654508493947 ], [ 11.299970680106274, 2.213546430155087 ], [ 9.448732673748697, 2.213546430155087 ], [ 9.445735055635891, 1.091654508493947 ], [ 11.297624058516481, 1.091654508493947 ] ] ], [ [ [ 9.028241558170668, 3.497479787865336 ], [ 9.025098348241251, 4.068069201323846 ], [ 8.341673647499722, 4.065582091223859 ], [ 8.344981758259927, 3.494992677735584 ], [ 9.028241558170668, 3.497479787865336 ] ] ] ] } },
{ "type": "Feature", "properties": { "int_cd": 0, "name_fr": "Maldives", "georeg": "ASI", "subreg": "Southern Asia", "globalid": "{ADA85314-0BCE-499A-85B1-EA45CA6A5786}", "geo_cd": 142, "objectid_1": 54, "nam_en": "Maldives", "lbl_en": "MALDIVES", "isoclr": "MDV", "stscod": 1, "intreg": " ", "m49_cd": "462", "lbl_fr": "MALDIVES", "iso2cd": "MV", "iso3cd": "MDV", "sub_cd": 34, "SHAPE__Length": 835986.07534586464, "objectid": 31, "SHAPE__Area": 14469598807.436218 }, "geometry": { "type": "MultiPolygon", "coordinates": [ [ [ [ 73.347182125489994, -0.910567550594506 ], [ 73.347356620729684, -0.339978138001445 ], [ 72.664507005297054, -0.342465247665964 ], [ 72.664373437991827, -0.913054660839873 ], [ 73.347182125489994, -0.910567550594506 ] ] ], [ [ [ 73.491038401199248, 1.821637059471205 ], [ 73.501231724272159, 2.392226472407836 ], [ 72.817909308808012, 2.389739362423122 ], [ 72.807866129545815, 1.819149949429846 ], [ 73.491038401199248, 1.821637059471205 ] ] ], [ [ [ 73.382563190685119, 5.084421666015309 ], [ 73.397245898211565, 5.655011079620584 ], [ 72.713199387090256, 5.652523970363541 ], [ 72.698713218585269, 5.081934556183667 ], [ 73.382563190685119, 5.084421666015309 ] ] ] ] } },
{ "type": "Feature", "properties": { "int_cd": 17, "name_fr": "Sao Tomé-et-Principe", "georeg": "AFR", "subreg": "Sub-Saharan Africa", "globalid": "{75F188AF-1314-4090-B520-84DC2C182E7F}", "geo_cd": 2, "objectid_1": 55, "nam_en": "Sao Tome and Principe", "lbl_en": "SAO TOME AND PRINCIPE", "isoclr": "STP", "stscod": 1, "intreg": "Middle Africa", "m49_cd": "678", "lbl_fr": "SAO TOMÉ-ET-PRINCIPE", "iso2cd": "ST", "iso3cd": "STP", "sub_cd": 202, "SHAPE__Length": 557580.62560402823, "objectid": 30, "SHAPE__Area": 9654771477.1228714 }, "geometry": { "type": "MultiPolygon", "coordinates": [ [ [ [ 6.887768621725084, -0.227581675116407 ], [ 6.885089795777884, 0.343007738006681 ], [ 6.202291409541147, 0.340520628257719 ], [ 6.204971990557351, -0.230068785353086 ], [ 6.887768621725084, -0.227581675116407 ] ] ], [ [ [ 7.749753336529199, 1.263904005745125 ], [ 7.746767349127941, 1.834493418256646 ], [ 7.063846310466375, 1.832006308889602 ], [ 7.066899289715028, 1.261416895367815 ], [ 7.749753336529199, 1.263904005745125 ] ] ] ] } },
{ "type": "Feature", "properties": { "int_cd": 5, "name_fr": "Pérou", "georeg": "AME", "subreg": "Latin America and the Caribbean", "globalid": "{CC5724C7-A0CB-4AB9-8C4B-D1CA5ADB976D}", "geo_cd": 19, "objectid_1": 56, "nam_en": "Peru", "lbl_en": "PERU", "isoclr": "PER", "stscod": 1, "intreg": "South America", "m49_cd": "604", "lbl_fr": "PÉROU", "iso2cd": "PE", "iso3cd": "PER", "sub_cd": 419, "SHAPE__Length": 6840358.4900915492, "objectid": 29, "SHAPE__Area": 1291568222523.0 }, "geometry": { "type": "Polygon", "coordinates": [ [ [ -72.769202569307566, -2.416669043196996 ], [ -75.689377789818209, 0.183727330391205 ], [ -75.69642303931272, -1.30221345435988 ], [ -75.708727926180444, -2.144246565410446 ], [ -76.967917999278981, -3.23393647426214 ], [ -78.34251121002454, -3.23393647426214 ], [ -78.404974677513664, -4.967534057779463 ], [ -79.949115606615237, -4.967534057779463 ], [ -81.232524384683487, -3.794104801101743 ], [ -81.550528236733442, -4.066071377089635 ], [ -81.616002905662967, -5.675840560466608 ], [ -78.422887287947944, -8.616765030304245 ], [ -78.520223583307455, -10.195577115203115 ], [ -76.577196335842302, -12.022045995928142 ], [ -76.729229111811662, -13.786600678467154 ], [ -73.503606057789227, -16.882310647396963 ], [ -71.657876830157988, -16.882310647396963 ], [ -70.183943604563012, -18.306337233373679 ], [ -69.268311102342039, -17.598030729727721 ], [ -68.751801086988735, -11.85239302723217 ], [ -69.732581311377743, -10.936062877376774 ], [ -70.77560934508098, -10.936062877376774 ], [ -70.726003701569809, -10.168326804467888 ], [ -72.050002580843611, -10.168326804467888 ], [ -73.520054893666725, -8.80621441780708 ], [ -73.39538443465716, -6.156286685106433 ], [ -70.989881913280342, -4.100735265730897 ], [ -70.232183079103152, -4.100735265730897 ], [ -70.860363545857837, -3.53112463172731 ], [ -70.834051650009897, -2.416669043196996 ], [ -72.769202569307566, -2.416669043196996 ] ] ] } },
{ "type": "Feature", "properties": { "int_cd": 0, "name_fr": "Nauru", "georeg": "OCE", "subreg": "Micronesia", "globalid": "{B40328A4-3A4D-4925-82A5-D4E8D6C4DC78}", "geo_cd": 9, "objectid_1": 57, "nam_en": "Nauru", "lbl_en": "NAURU", "isoclr": "NRU", "stscod": 1, "intreg": " ", "m49_cd": "520", "lbl_fr": "NAURU", "iso2cd": "NR", "iso3cd": "NRU", "sub_cd": 57, "SHAPE__Length": 544064.03088133701, "objectid": 28, "SHAPE__Area": 18173929766.471397 }, "geometry": { "type": "Polygon", "coordinates": [ [ [ 167.681046839050026, -1.10222290733513 ], [ 167.670426213179041, 0.066702001834782 ], [ 166.415736442170214, 0.066702001834782 ], [ 166.42627201212045, -1.10222290733513 ], [ 167.681046839050026, -1.10222290733513 ] ] ] } },
{ "type": "Feature", "properties": { "int_cd": 14, "name_fr": "République-Unie de Tanzanie", "georeg": "AFR", "subreg": "Sub-Saharan Africa", "globalid": "{ED2982E4-2461-4FD4-BD41-F597676CA9D0}", "geo_cd": 2, "objectid_1": 58, "nam_en": "United Republic of Tanzania", "lbl_en": "UNITED REPUBLIC OF TANZANIA", "isoclr": "TZA", "stscod": 1, "intreg": "Eastern Africa", "m49_cd": "834", "lbl_fr": "RÉPUBLIQUE-UNIE DE TANZANIE", "iso2cd": "TZ", "iso3cd": "TZA", "sub_cd": 202, "SHAPE__Length": 4348546.8783049053, "objectid": 27, "SHAPE__Area": 913024909659.62708 }, "geometry": { "type": "MultiPolygon", "coordinates": [ [ [ [ 38.226443701721436, -11.587572464459344 ], [ 40.600394510064163, -10.439230975676098 ], [ 39.7105837136045, -9.691721516700637 ], [ 39.647103942422312, -7.405876101337216 ], [ 38.918872310822699, -6.777538305641473 ], [ 38.89854276157655, -5.703832365743957 ], [ 39.43308304170673, -4.753557459862125 ], [ 37.636018122500481, -3.426117024770404 ], [ 37.630371364408965, -3.010053604759498 ], [ 34.047294387728492, -1.088236856684506 ], [ 30.975378349643542, -1.102668386902621 ], [ 31.003316286372467, -2.672984208130039 ], [ 31.014712273592266, -3.662237616754948 ], [ 30.046032824649579, -4.527801903075553 ], [ 30.087554679275129, -6.890173246906932 ], [ 31.053635882483661, -7.202835738056462 ], [ 31.08880582121612, -8.456914245060061 ], [ 33.099764709575666, -9.302268844762281 ], [ 34.569769743069202, -9.919227283103098 ], [ 34.624959523966496, -11.587572464459344 ], [ 38.226443701721436, -11.587572464459344 ] ] ], [ [ [ 40.00388850541286, -5.756998057204369 ], [ 39.993033981764114, -5.18640864421451 ], [ 39.309256200291962, -5.188895753010444 ], [ 39.319920570129604, -5.759485166894797 ], [ 40.00388850541286, -5.756998057204369 ] ] ] ] } },
{ "type": "Feature", "properties": { "int_cd": 14, "name_fr": "Rwanda", "georeg": "AFR", "subreg": "Sub-Saharan Africa", "globalid": "{709837F3-A3D0-4F92-83CF-03E5D1DCC235}", "geo_cd": 2, "objectid_1": 59, "nam_en": "Rwanda", "lbl_en": "RWANDA", "isoclr": "RWA", "stscod": 1, "intreg": "Eastern Africa", "m49_cd": "646", "lbl_fr": "RWANDA", "iso2cd": "RW", "iso3cd": "RWA", "sub_cd": 202, "SHAPE__Length": 772596.32989019738, "objectid": 26, "SHAPE__Area": 37126304238.193687 }, "geometry": { "type": "Polygon", "coordinates": [ [ [ 31.003316286372467, -2.672984208130039 ], [ 30.975378349643542, -1.102668386902621 ], [ 29.063377708412354, -1.108775063820827 ], [ 29.089959086636007, -2.673021289554951 ], [ 31.003316286372467, -2.672984208130039 ] ] ] } },
{ "type": "Feature", "properties": { "int_cd": 14, "name_fr": "Burundi", "georeg": "AFR", "subreg": "Sub-Saharan Africa", "globalid": "{061E3A69-CA05-41A8-A005-C234948907E3}", "geo_cd": 2, "objectid_1": 60, "nam_en": "Burundi", "lbl_en": "BURUNDI", "isoclr": "BDI", "stscod": 1, "intreg": "Eastern Africa", "m49_cd": "108", "lbl_fr": "BURUNDI", "iso2cd": "BI", "iso3cd": "BDI", "sub_cd": 202, "SHAPE__Length": 731795.68099834712, "objectid": 25, "SHAPE__Area": 33907527589.710979 }, "geometry": { "type": "Polygon", "coordinates": [ [ [ 31.014712273592266, -3.662237616754948 ], [ 31.003316286372467, -2.672984208130039 ], [ 29.089959086636007, -2.673021289554951 ], [ 29.100670964580875, -3.703454963829206 ], [ 30.046032824649579, -4.527801903075553 ], [ 31.014712273592266, -3.662237616754948 ] ] ] } },
{ "type": "Feature", "properties": { "int_cd": 17, "name_fr": "Angola", "georeg": "AFR", "subreg": "Sub-Saharan Africa", "globalid": "{6D32DC96-964A-42D1-8F0E-D5583F8DC99A}", "geo_cd": 2, "objectid_1": 61, "nam_en": "Angola", "lbl_en": "ANGOLA", "isoclr": "AGO", "stscod": 1, "intreg": "Middle Africa", "m49_cd": "024", "lbl_fr": "ANGOLA", "iso2cd": "AO", "iso3cd": "AGO", "sub_cd": 202, "SHAPE__Length": 6306093.6330707772, "objectid": 24, "SHAPE__Area": 1297404847893.4414 }, "geometry": { "type": "MultiPolygon", "coordinates": [ [ [ [ 16.58728751750137, -6.08996736917287 ], [ 11.958856225757932, -6.089967370695255 ], [ 11.981846909469009, -9.057616352347267 ], [ 13.116333564668647, -10.046832680256211 ], [ 13.160331958554423, -13.344220437220766 ], [ 11.741661680851474, -14.632894479530927 ], [ 11.787179265822559, -17.252850587800321 ], [ 18.810285138401191, -17.259868398210127 ], [ 19.913451362543327, -17.754476561568048 ], [ 21.94836063335557, -17.754476561568048 ], [ 22.925680085165023, -17.301085746082023 ], [ 21.991604191779832, -16.229434723835748 ], [ 21.899657838071239, -12.973264314387803 ], [ 23.921745100815851, -12.988471485996515 ], [ 23.881042889717772, -11.365787781607079 ], [ 23.870231245719161, -10.912396965416013 ], [ 21.759043654172963, -10.912396965416013 ], [ 21.690771530832922, -6.708227574398169 ], [ 19.212063481998232, -6.708227574398169 ], [ 19.227016466061755, -7.944747983950876 ], [ 16.605965779850646, -7.944747983950876 ], [ 16.58728751750137, -6.08996736917287 ] ] ], [ [ [ 13.363710578618017, -4.930101317330853 ], [ 12.929162099258235, -4.05146902613559 ], [ 11.313054682919791, -4.779853735258306 ], [ 11.741311706975187, -5.648847815393469 ], [ 13.363710578618017, -4.930101317330853 ] ] ] ] } },
{ "type": "Feature", "properties": { "int_cd": 0, "name_fr": "Tuvalu", "georeg": "OCE", "subreg": "Polynesia", "globalid": "{AF897AD1-B6D6-4A0A-992B-5FC18629A13B}", "geo_cd": 9, "objectid_1": 62, "nam_en": "Tuvalu", "lbl_en": "TUVALU", "isoclr": "TUV", "stscod": 1, "intreg": " ", "m49_cd": "798", "lbl_fr": "TUVALU", "iso2cd": "TV", "iso3cd": "TUV", "sub_cd": 61, "SHAPE__Length": 278048.03423801076, "objectid": 23, "SHAPE__Area": 4800508822.6746674 }, "geometry": { "type": "Polygon", "coordinates": [ [ [ 179.039134024185756, -7.713610262264056 ], [ 178.975438694861282, -7.143020849118654 ], [ 178.29115428705677, -7.145507958249073 ], [ 178.354618269519761, -7.71609737221018 ], [ 179.039134024185756, -7.713610262264056 ] ] ] } },
{ "type": "Feature", "properties": { "int_cd": 14, "name_fr": "Zambie", "georeg": "AFR", "subreg": "Sub-Saharan Africa", "globalid": "{D0A20278-BAAC-42A1-934C-D767ACE5EB71}", "geo_cd": 2, "objectid_1": 63, "nam_en": "Zambia", "lbl_en": "ZAMBIA", "isoclr": "ZMB", "stscod": 1, "intreg": "Eastern Africa", "m49_cd": "894", "lbl_fr": "ZAMBIE", "iso2cd": "ZM", "iso3cd": "ZMB", "sub_cd": 202, "SHAPE__Length": 4466580.7627535397, "objectid": 22, "SHAPE__Area": 764957261589.12292 }, "geometry": { "type": "Polygon", "coordinates": [ [ [ 31.08880582121612, -8.456914245060061 ], [ 29.721391180425361, -8.43935614769503 ], [ 28.526948605611846, -9.511007168285955 ], [ 28.568515994454632, -11.159701046950477 ], [ 29.821037262686698, -12.231352068071459 ], [ 29.839790078740226, -12.8083949251928 ], [ 28.852642745016805, -12.8083949251928 ], [ 27.166192484932854, -11.365787781607079 ], [ 24.06842801004461, -11.365787781607079 ], [ 23.881042889717772, -11.365787781607079 ], [ 23.921745100815851, -12.988471485996515 ], [ 21.899657838071239, -12.973264314387803 ], [ 21.991604191779832, -16.229434723835748 ], [ 22.925680085165023, -17.301085746082023 ], [ 24.013338381977405, -17.301085746082023 ], [ 24.882415860811374, -17.754476561568048 ], [ 27.201265960436928, -17.754476561568048 ], [ 29.272275651915773, -15.878187869904471 ], [ 30.287953621226141, -15.877602929872603 ], [ 30.263455422065068, -15.055977949588515 ], [ 33.258512051076693, -14.013821701752097 ], [ 33.106193650601924, -9.550891334095832 ], [ 33.099764709575666, -9.302268844762281 ], [ 31.08880582121612, -8.456914245060061 ] ] ] } },
{ "type": "Feature", "properties": { "int_cd": 0, "name_fr": "Indonésie", "georeg": "ASI", "subreg": "South-eastern Asia", "globalid": "{374EF849-E7C5-43A9-A02E-CF0AB5B67251}", "geo_cd": 142, "objectid_1": 64, "nam_en": "Indonesia", "lbl_en": "INDONESIA", "isoclr": "IDN", "stscod": 1, "intreg": " ", "m49_cd": "360", "lbl_fr": "INDONÉSIE", "iso2cd": "ID", "iso3cd": "IDN", "sub_cd": 35, "SHAPE__Length": 28877600.483775038, "objectid": 21, "SHAPE__Area": 2148701642545.4783 }, "geometry": { "type": "MultiPolygon", "coordinates": [ [ [ [ 116.164140361257935, -1.106092124986581 ], [ 118.602020630294334, 1.047965467771859 ], [ 117.6135261598467, 1.936514224847696 ], [ 117.697666519529875, 4.063646096592946 ], [ 115.736882525121501, 4.068734851650389 ], [ 115.64811161672003, 1.691229595498017 ], [ 113.040300065167116, 1.691229595498017 ], [ 111.699167846044062, 0.521051226691594 ], [ 109.116469353030539, 0.509451068186988 ], [ 109.134230517226626, -1.779235123498907 ], [ 111.205445298512942, -3.556332636826302 ], [ 114.103269709704776, -3.556332636826302 ], [ 114.125431935463951, -4.014069874275867 ], [ 115.589880232865298, -4.014069874275867 ], [ 116.261085701531542, -4.014069874275867 ], [ 116.164140361257935, -1.106092124986581 ] ] ], [ [ [ 120.379951846443234, -9.281032255360866 ], [ 119.427379491241879, -9.281032255360866 ], [ 120.461469079222212, -10.119084717665883 ], [ 120.379951846443234, -9.281032255360866 ] ] ], [ [ [ 125.003510510027837, -9.373410567020303 ], [ 124.463975301897548, -8.914703900600935 ], [ 124.261124500081664, -9.109183582593367 ], [ 124.568640293013161, -9.362723689979129 ], [ 124.296689677123027, -9.590502123598187 ], [ 123.970578921134631, -9.388156992825182 ], [ 123.508145655862535, -9.833385015908787 ], [ 123.566967423904345, -10.385737774697727 ], [ 124.58541763976352, -10.385737774697727 ], [ 124.526111058114381, -9.833385015908787 ], [ 125.003510510027837, -9.373410567020303 ] ] ], [ [ [ 123.239597521580563, -9.071519138849022 ], [ 123.16958920983312, -8.29060661665506 ], [ 119.426974404746332, -8.29060661665506 ], [ 119.494855454560067, -9.071519138849022 ], [ 123.239597521580563, -9.071519138849022 ] ] ], [ [ [ 118.876863034256218, -8.938192611332232 ], [ 118.813360386439015, -8.195373383648482 ], [ 115.39547623392653, -8.195373383648482 ], [ 115.457152110757605, -8.938192611332232 ], [ 118.876863034256218, -8.938192611332232 ] ] ], [ [ [ 124.34821772104462, -8.656281519041073 ], [ 124.299953415791435, -8.085692104975506 ], [ 123.615184793952224, -8.08817921512558 ], [ 123.663185185829704, -8.658768628813856 ], [ 124.34821772104462, -8.656281519041073 ] ] ], [ [ [ 130.095117523315224, -8.315337676849774 ], [ 130.046226271181069, -7.74474826295967 ], [ 129.361617038960162, -7.747235372856295 ], [ 129.410254716855093, -8.317824786546678 ], [ 130.095117523315224, -8.315337676849774 ] ] ], [ [ [ 131.953057422138983, -7.965989862067238 ], [ 131.905196968660931, -7.395400448515926 ], [ 131.220737938660619, -7.397887558059049 ], [ 131.246687016360596, -7.713073008503229 ], [ 131.268354973724115, -7.968476970957379 ], [ 131.953057422138983, -7.965989862067238 ] ] ], [ [ [ 126.648198238314876, -7.954829843303945 ], [ 126.602373237375545, -7.384240428726751 ], [ 125.917910451890648, -7.386727539294977 ], [ 125.963491804204253, -7.957316951807526 ], [ 126.648198238314876, -7.954829843303945 ] ] ], [ [ [ 138.001149914298054, -6.883487853397539 ], [ 137.986470348318704, -6.714982076928819 ], [ 137.753711240652535, -6.961039812323659 ], [ 136.095258832342978, -8.729144090621462 ], [ 138.181532048509837, -8.751245393609599 ], [ 138.001149914298054, -6.883487853397539 ] ] ], [ [ [ 113.94281518567351, -7.16284412541804 ], [ 113.905107755925641, -6.592254711893503 ], [ 113.220938135303371, -6.594741821167553 ], [ 113.230170077773678, -6.738754730994661 ], [ 113.258423148624459, -7.165331235587891 ], [ 113.94281518567351, -7.16284412541804 ] ] ], [ [ [ 111.332390563194892, -6.022116025105883 ], [ 110.720120452749882, -6.022116025105883 ], [ 110.300835411245714, -6.412616307632181 ], [ 108.932704784250461, -6.412616307632181 ], [ 108.466445363711387, -6.022116025105883 ], [ 105.769851471145358, -6.022116025105883 ], [ 105.882726415053497, -7.802337898911495 ], [ 111.712020225032731, -7.802337898911495 ], [ 113.092734470662592, -8.927897535466807 ], [ 114.437015600460825, -8.927897535466807 ], [ 114.333335856101584, -7.630058363604455 ], [ 113.271044530697537, -7.635801013477763 ], [ 111.332390563194892, -6.022116025105883 ] ] ], [ [ [ 135.38434815033844, -6.917926207541087 ], [ 135.231959821875847, -5.579717085575874 ], [ 133.690696040062051, -5.634202868537109 ], [ 133.842598038857091, -6.972411989783275 ], [ 135.38434815033844, -6.917926207541087 ] ] ], [ [ [ 133.15106655099774, -5.963487158774639 ], [ 133.112877855171433, -5.392897744135585 ], [ 132.429146408166503, -5.395384854474697 ], [ 132.467148701716667, -5.965974266988666 ], [ 133.15106655099774, -5.963487158774639 ] ] ], [ [ [ 127.296398825861729, -3.852515555463038 ], [ 127.261421033994338, -3.152446837681003 ], [ 126.110162816351462, -3.141824712272113 ], [ 126.137126502591371, -3.852515555463038 ], [ 127.296398825861729, -3.852515555463038 ] ] ], [ [ [ 130.733328097273727, -3.664035516489699 ], [ 130.695882638340947, -2.883189638399208 ], [ 128.221492397046575, -2.880043801956766 ], [ 128.262443815203085, -3.664035516489699 ], [ 130.733328097273727, -3.664035516489699 ] ] ], [ [ [ 108.332332802083769, -3.128965309552364 ], [ 107.776358198697636, -2.652799136877051 ], [ 107.249803643405855, -3.12778897124537 ], [ 107.808515426126206, -3.603955143684516 ], [ 108.332332802083769, -3.128965309552364 ] ] ], [ [ [ 126.187840131492266, -2.362741150313307 ], [ 126.169880771718667, -1.792151737166698 ], [ 125.487020799842, -1.79463884697252 ], [ 125.50490768855741, -2.365228259865664 ], [ 126.187840131492266, -2.362741150313307 ] ] ], [ [ [ 130.721430603904622, -2.194599091702923 ], [ 130.704156477969235, -1.624009677839571 ], [ 130.02131516608523, -1.626496787127178 ], [ 130.038524884074008, -2.197086201751722 ], [ 130.721430603904622, -2.194599091702923 ] ] ], [ [ [ 124.999636672475816, -2.081120058260229 ], [ 124.983887960862987, -1.510530645540169 ], [ 124.301054079401908, -1.51301775563119 ], [ 124.316742428334706, -2.083607168418669 ], [ 124.999636672475816, -2.081120058260229 ] ] ], [ [ [ 128.067611978932774, -2.018653976463696 ], [ 128.051978679187442, -1.448064562179799 ], [ 127.369151134262239, -1.450551672600864 ], [ 127.38472728576518, -2.021141086633385 ], [ 128.067611978932774, -2.018653976463696 ] ] ], [ [ [ 99.380713945103324, -1.485896007127907 ], [ 99.371268793570238, -0.915306593771622 ], [ 98.688464803615645, -0.917793702956971 ], [ 98.697871501719234, -1.48838311707242 ], [ 99.380713945103324, -1.485896007127907 ] ] ], [ [ [ 107.306914454888997, -2.267397604572111 ], [ 105.624629925086097, -0.805274389374844 ], [ 105.087602255520409, -1.280264223497001 ], [ 106.778153394009976, -2.742387439364579 ], [ 107.306914454888997, -2.267397604572111 ] ] ], [ [ [ 134.262475045475583, -2.113832339471877 ], [ 134.229067313636193, -0.158135436815551 ], [ 132.08019498106222, -0.158135436815551 ], [ 130.982482275533471, -1.135983888649626 ], [ 132.113067888987473, -2.113832339471877 ], [ 133.350605343916101, -2.113832339471877 ], [ 133.380885891108647, -2.919119300331026 ], [ 132.143067423960048, -2.919119300331026 ], [ 132.209654166973621, -4.184570236199004 ], [ 135.677809888789028, -4.184570236199004 ], [ 138.518681611191852, -6.542910619119877 ], [ 138.648547868600474, -8.038443545157328 ], [ 139.999879667012038, -9.131332990356217 ], [ 141.374322804686471, -9.131332990356217 ], [ 140.957268509305123, -2.34391432837409 ], [ 139.937133386511277, -2.34391432837409 ], [ 138.960074001688128, -2.34391432837409 ], [ 137.692161536682335, -1.251024883192808 ], [ 135.544160457861267, -3.206721785279643 ], [ 134.262475045475583, -2.113832339471877 ] ] ], [ [ [ 130.920375517591282, -0.32283366956878 ], [ 130.917424180981044, 0.247755743990827 ], [ 130.234619303142892, 0.245268634114194 ], [ 130.237587950865162, -0.325320779668594 ], [ 130.920375517591282, -0.32283366956878 ] ] ], [ [ [ 97.732879115347018, 0.695656535040512 ], [ 97.735652893931231, 1.266245949095218 ], [ 97.052766911140424, 1.263758839644882 ], [ 97.050049620846025, 0.693169425472067 ], [ 97.732879115347018, 0.695656535040512 ] ] ], [ [ [ 125.424967577573753, 1.432147870745583 ], [ 124.892847807968948, 1.801873738776044 ], [ 124.25996077091348, 1.253225693996304 ], [ 121.184499812363768, 1.258183678597265 ], [ 118.963793193093593, -0.702206326420552 ], [ 119.163550140333612, -5.629613069004765 ], [ 120.628775211337441, -5.632524263342049 ], [ 120.496745733936038, -3.304550366839177 ], [ 121.534730725286181, -3.304550366839177 ], [ 121.627398270354021, -4.951468069916893 ], [ 122.848662455206366, -4.951468069916893 ], [ 122.741142770644515, -2.982596529691779 ], [ 121.988411912554028, -2.338688856494759 ], [ 121.966857965108517, -1.521421424732363 ], [ 122.93424236910748, -1.521421424732363 ], [ 122.925039717451114, -0.988959309489871 ], [ 120.33152206922145, -0.988959309489871 ], [ 120.324934227858662, -0.344535859492561 ], [ 121.178033106819569, 0.410252071210879 ], [ 124.250614330348029, 0.407378699046137 ], [ 124.799828875054359, 0.888258748341895 ], [ 125.424967577573753, 1.432147870745583 ] ] ], [ [ [ 128.867231614255559, -0.136766208753503 ], [ 128.90941469443149, 2.421177181938673 ], [ 128.437890480322267, 2.851988700796743 ], [ 127.307311389859208, 1.882662784423449 ], [ 127.282676825501611, -0.298320528035916 ], [ 127.989159156011254, -0.917612085480234 ], [ 128.867231614255559, -0.136766208753503 ] ] ], [ [ [ 96.392370220721503, 2.467804027906434 ], [ 96.404736870874942, 3.038393441979067 ], [ 95.721517637538241, 3.03590633209145 ], [ 95.709622520968622, 2.483272998891711 ], [ 95.709284712924728, 2.465316918452825 ], [ 96.392370220721503, 2.467804027906434 ] ] ], [ [ [ 106.068769175747661, -2.711801765834171 ], [ 96.897637366277905, 5.490709250184176 ], [ 95.492138473320196, 5.483229312130984 ], [ 95.437255658554022, 4.332892929282119 ], [ 98.489959481229491, 1.55954377955217 ], [ 98.477506336866881, 0.374822469358768 ], [ 100.160093369711248, -1.106092124986581 ], [ 100.176772075834663, -2.048492321315937 ], [ 104.293636745691344, -5.552465215375955 ], [ 106.201780133491511, -5.552793032110984 ], [ 106.068769175747661, -2.711801765834171 ] ] ] ] } },
{ "type": "Feature", "properties": { "int_cd": 14, "name_fr": "Malawi", "georeg": "AFR", "subreg": "Sub-Saharan Africa", "globalid": "{AC48EA0D-1D1C-4C48-8611-62E3A32DF297}", "geo_cd": 2, "objectid_1": 65, "nam_en": "Malawi", "lbl_en": "MALAWI", "isoclr": "MWI", "stscod": 1, "intreg": "Eastern Africa", "m49_cd": "454", "lbl_fr": "MALAWI", "iso2cd": "MW", "iso3cd": "MWI", "sub_cd": 202, "SHAPE__Length": 2275210.4309502281, "objectid": 20, "SHAPE__Area": 125208226258.358 }, "geometry": { "type": "Polygon", "coordinates": [ [ [ 34.569769743069202, -9.919227283103098 ], [ 33.099764709575666, -9.302268844762281 ], [ 33.106193650601924, -9.550891334095832 ], [ 33.258512051076693, -14.013821701752097 ], [ 33.28156921098703, -14.599260517918584 ], [ 34.197810319528372, -14.599260517918584 ], [ 34.273144316656854, -16.088142922631491 ], [ 35.185941932485342, -17.047611238958648 ], [ 35.129475840115198, -15.964270212065221 ], [ 35.675276983475868, -15.964270212065221 ], [ 35.590876865292337, -14.18759092821703 ], [ 34.694647279600041, -13.472585851155852 ], [ 34.624959523966496, -11.587572464459344 ], [ 34.569769743069202, -9.919227283103098 ] ] ] } },
{ "type": "Feature", "properties": { "int_cd": 29, "name_fr": "Trinité-et-Tobago", "georeg": "AME", "subreg": "Latin America and the Caribbean", "globalid": "{861ACD1A-E172-4B32-B9FB-AB97CC60211E}", "geo_cd": 19, "objectid_1": 83, "nam_en": "Trinidad and Tobago", "lbl_en": "TRINIDAD AND TOBAGO", "isoclr": "TTO", "stscod": 1, "intreg": "Caribbean", "m49_cd": "780", "lbl_fr": "TRINITÉ-ET-TOBAGO", "iso2cd": "TT", "iso3cd": "TTO", "sub_cd": 419, "SHAPE__Length": 689466.46868708765, "objectid": 51, "SHAPE__Area": 14355589146.49297 }, "geometry": { "type": "MultiPolygon", "coordinates": [ [ [ [ -60.853240828285351, 9.903882212138713 ], [ -60.920314728347734, 10.942794610716772 ], [ -61.679511860743325, 10.942505843113141 ], [ -61.609843377955066, 9.903882212138713 ], [ -60.853240828285351, 9.903882212138713 ] ] ], [ [ [ -60.238878545692444, 11.070153912617753 ], [ -60.281610008180216, 11.640743325704754 ], [ -60.968434475164912, 11.638256215800631 ], [ -60.929092451037143, 11.070739487075203 ], [ -60.238878545692444, 11.070153912617753 ] ] ] ] } },
{ "type": "Feature", "properties": { "int_cd": 0, "name_fr": "Papouasie-Nouvelle-Guinée", "georeg": "OCE", "subreg": "Melanesia", "globalid": "{489EBD25-DC51-4E48-B94E-E15030E50EE3}", "geo_cd": 9, "objectid_1": 66, "nam_en": "Papua New Guinea", "lbl_en": "PAPUA NEW GUINEA", "isoclr": "PNG", "stscod": 1, "intreg": " ", "m49_cd": "598", "lbl_fr": "PAPOUASIE-NOUVELLE-GUINÉE", "iso2cd": "PG", "iso3cd": "PNG", "sub_cd": 54, "SHAPE__Length": 7840836.0243348386, "objectid": 19, "SHAPE__Area": 560984340806.35791 }, "geometry": { "type": "MultiPolygon", "coordinates": [ [ [ [ 147.65997569500999, -7.611819634028543 ], [ 147.566678867575263, -6.427869624752722 ], [ 142.672899665902861, -2.343914327615103 ], [ 140.957268509305123, -2.34391432837409 ], [ 141.374322804686471, -9.131332990356217 ], [ 141.555242246073959, -9.131332990356217 ], [ 143.385691255967942, -9.131332990356217 ], [ 143.250638231735621, -7.808361556472196 ], [ 145.667167609695781, -7.808361556472196 ], [ 148.681554064192142, -10.224222435396097 ], [ 149.843333824161761, -10.200242005617593 ], [ 149.731132291411257, -9.279914051488507 ], [ 147.65997569500999, -7.611819634028543 ] ] ], [ [ [ 150.055133107063966, -1.818740753892744 ], [ 150.038841139031888, -1.248151339638568 ], [ 149.356035376947716, -1.250638449249277 ], [ 149.372282423438577, -1.821227863594531 ], [ 150.055133107063966, -1.818740753892744 ] ] ], [ [ [ 147.283507635236845, -2.498416162142175 ], [ 147.261564609414421, -1.927826747667182 ], [ 146.578700997727822, -1.930313858023407 ], [ 146.600568982213872, -2.500903271889767 ], [ 147.283507635236845, -2.498416162142175 ] ] ], [ [ [ 153.665050114053116, -4.342066836188179 ], [ 150.802143281445524, -1.928716771383482 ], [ 150.268410668545215, -2.415814949653154 ], [ 153.151391983660659, -4.829165013942975 ], [ 153.665050114053116, -4.342066836188179 ] ] ], [ [ [ 151.088439176498383, -6.379022853502693 ], [ 152.631727103802092, -4.917728319149571 ], [ 151.987215082293886, -4.386348488584539 ], [ 151.004647176887858, -5.316263192306897 ], [ 148.34363780505646, -5.316263192306897 ], [ 148.425953219255689, -6.379022853502693 ], [ 151.088439176498383, -6.379022853502693 ] ] ], [ [ [ 157.533767124754547, -7.087529294003063 ], [ 155.078646155097317, -5.072714102684587 ], [ 154.26678594133358, -5.852579791159174 ], [ 156.739755941080489, -7.867394981707867 ], [ 157.533767124754547, -7.087529294003063 ] ] ], [ [ [ 153.237989530714344, -9.549823182797381 ], [ 153.17282516744487, -8.979233768880908 ], [ 152.48768969991977, -8.981720878706982 ], [ 152.55256757223836, -9.552310292258726 ], [ 153.237989530714344, -9.549823182797381 ] ] ], [ [ [ 151.248736417151662, -9.969674838164309 ], [ 151.181996272365069, -9.39908542402954 ], [ 150.496647633780043, -9.401572534247085 ], [ 150.563089024917787, -9.972161948322736 ], [ 151.248736417151662, -9.969674838164309 ] ] ], [ [ [ 153.824929011491093, -11.710156357652018 ], [ 153.74149143621878, -11.139566944072632 ], [ 153.055167481775754, -11.142054053777393 ], [ 153.138234823941076, -11.712643467506807 ], [ 153.824929011491093, -11.710156357652018 ] ] ] ] } },
{ "type": "Feature", "properties": { "int_cd": 5, "name_fr": "Bolivie (République bolivarienne du)", "georeg": "AME", "subreg": "Latin America and the Caribbean", "globalid": "{DA5F6ED1-2BB9-4525-941A-4DCE63E3B02D}", "geo_cd": 19, "objectid_1": 67, "nam_en": "Bolivia (Bolivarian Republic of)", "lbl_en": "BOLIVIA", "isoclr": "BOL", "stscod": 1, "intreg": "South America", "m49_cd": "068", "lbl_fr": "BOLIVIE", "iso2cd": "BO", "iso3cd": "BOL", "sub_cd": 419, "SHAPE__Length": 5425379.6779724034, "objectid": 18, "SHAPE__Area": 1056316661825.6121 }, "geometry": { "type": "Polygon", "coordinates": [ [ [ -62.374582264975444, -13.486927891464575 ], [ -65.910337961393978, -10.193092483918266 ], [ -67.234365700410351, -10.193092483918266 ], [ -68.125754339784677, -10.936062877376774 ], [ -69.732581311377743, -10.936062877376774 ], [ -68.751801086988735, -11.85239302723217 ], [ -69.268311102342039, -17.598030729727721 ], [ -68.113987789198944, -18.71248631928022 ], [ -68.613677726035391, -22.774057798084552 ], [ -67.035803367801094, -22.774057798084552 ], [ -66.806294370139923, -22.774057798084552 ], [ -66.649521624514463, -21.51100813085829 ], [ -65.390184346536827, -21.51100813085829 ], [ -64.722723636097939, -22.15491580349001 ], [ -62.201061037513796, -22.15491580349001 ], [ -61.872903160693525, -19.207799913762432 ], [ -58.708950440206522, -19.207799913762432 ], [ -57.930826414576984, -19.950770305751039 ], [ -57.666852688607058, -17.251311213580621 ], [ -58.774919025744126, -17.251311213580621 ], [ -58.680876992825389, -16.186386983812746 ], [ -60.666531797702795, -16.186386983812746 ], [ -60.452466754139635, -13.486927891464575 ], [ -62.374582264975444, -13.486927891464575 ] ] ] } },
{ "type": "Feature", "properties": { "int_cd": 14, "name_fr": "Mozambique", "georeg": "AFR", "subreg": "Sub-Saharan Africa", "globalid": "{A819323C-FE87-4374-8094-2DAE48E0B818}", "geo_cd": 2, "objectid_1": 68, "nam_en": "Mozambique", "lbl_en": "MOZAMBIQUE", "isoclr": "MOZ", "stscod": 1, "intreg": "Eastern Africa", "m49_cd": "508", "lbl_fr": "MOZAMBIQUE", "iso2cd": "MZ", "iso3cd": "MOZ", "sub_cd": 202, "SHAPE__Length": 6218586.714094907, "objectid": 17, "SHAPE__Area": 762540092722.46277 }, "geometry": { "type": "Polygon", "coordinates": [ [ [ 40.802270588101671, -14.92293995973011 ], [ 40.600394510064163, -10.439230975676098 ], [ 38.226443701721436, -11.587572464459344 ], [ 34.624959523966496, -11.587572464459344 ], [ 34.694647279600041, -13.472585851155852 ], [ 35.590876865292337, -14.18759092821703 ], [ 35.675276983475868, -15.964270212065221 ], [ 35.129475840115198, -15.964270212065221 ], [ 35.185941932485342, -17.047611238958648 ], [ 34.273144316656854, -16.088142922631491 ], [ 34.197810319528372, -14.599260517918584 ], [ 33.28156921098703, -14.599260517918584 ], [ 33.258512051076693, -14.013821701752097 ], [ 30.263455422065068, -15.055977949588515 ], [ 30.287953621226141, -15.877602929872603 ], [ 31.40422723459017, -15.877602929872603 ], [ 32.568169127386284, -16.874276674131565 ], [ 32.788731941267415, -20.860971652526114 ], [ 31.671660656485773, -21.879312218430439 ], [ 31.915136140170191, -25.671220994770188 ], [ 31.937279831500273, -25.97434129880109 ], [ 32.695291428233666, -25.97434129880109 ], [ 32.65622775181577, -25.476004425843346 ], [ 35.265995445161373, -24.63099842551776 ], [ 34.940775425516129, -19.669296523424713 ], [ 37.983821233032799, -16.874276674131565 ], [ 38.679409576907076, -16.874276674131565 ], [ 40.802270588101671, -14.92293995973011 ] ] ] } },
{ "type": "Feature", "properties": { "int_cd": 29, "name_fr": "Barbade", "georeg": "AME", "subreg": "Latin America and the Caribbean", "globalid": "{27D73AD5-A2F0-458E-9A95-D2E239FC1A42}", "geo_cd": 19, "objectid_1": 69, "nam_en": "Barbados", "lbl_en": "BARBADOS", "isoclr": "BRB", "stscod": 1, "intreg": "Caribbean", "m49_cd": "052", "lbl_fr": "BARBADE", "iso2cd": "BB", "iso3cd": "BRB", "sub_cd": 419, "SHAPE__Length": 276105.03628333175, "objectid": 65, "SHAPE__Area": 4738022536.906642 }, "geometry": { "type": "Polygon", "coordinates": [ [ [ -59.250845708054101, 12.867053696795503 ], [ -59.299494504378693, 13.437643109794941 ], [ -59.987641326906413, 13.435156001098189 ], [ -59.938551657158364, 12.864566587219185 ], [ -59.250845708054101, 12.867053696795503 ] ] ] } },
{ "type": "Feature", "properties": { "int_cd": 11, "name_fr": "Bénin", "georeg": "AFR", "subreg": "Sub-Saharan Africa", "globalid": "{89B8B158-F8EF-46A1-83DD-BE77BA2425D2}", "geo_cd": 2, "objectid_1": 70, "nam_en": "Benin", "lbl_en": "BENIN", "isoclr": "BEN", "stscod": 1, "intreg": "Western Africa", "m49_cd": "204", "lbl_fr": "BÉNIN", "iso2cd": "BJ", "iso3cd": "BEN", "sub_cd": 202, "SHAPE__Length": 2220665.8838425158, "objectid": 64, "SHAPE__Area": 175607553091.86127 }, "geometry": { "type": "Polygon", "coordinates": [ [ [ 3.839202305513054, 9.772523141965179 ], [ 3.857357195413861, 12.851689792511051 ], [ 2.083946454461115, 11.500150973806207 ], [ 1.603469369484612, 11.133506783288295 ], [ 0.975312012474424, 11.133506783288295 ], [ 0.97153206479993, 5.744747229943871 ], [ 3.016143920492853, 5.744747229943871 ], [ 3.021901764120369, 9.055247978947136 ], [ 3.839202305513054, 9.772523141965179 ] ] ] } },
{ "type": "Feature", "properties": { "int_cd": 0, "name_fr": "Yémen", "georeg": "ASI", "subreg": "Western Asia", "globalid": "{9896E25D-096B-4A01-880E-7123024DD653}", "geo_cd": 142, "objectid_1": 71, "nam_en": "Yemen", "lbl_en": "YEMEN", "isoclr": "YEM", "stscod": 1, "intreg": " ", "m49_cd": "887", "lbl_fr": "YÉMEN", "iso2cd": "YE", "iso3cd": "YEM", "sub_cd": 145, "SHAPE__Length": 3035167.7592323977, "objectid": 63, "SHAPE__Area": 437627754532.52295 }, "geometry": { "type": "MultiPolygon", "coordinates": [ [ [ [ 46.274887268326253, 12.818636257807917 ], [ 52.515008390420384, 15.790517827902034 ], [ 52.591050954108574, 16.781145018102915 ], [ 51.558523328888285, 18.923080836996888 ], [ 43.157717309168127, 16.561356984247873 ], [ 43.031010379549365, 14.5522338396115 ], [ 44.919138866292734, 12.818636257807917 ], [ 46.274887268326253, 12.818636257807917 ] ] ], [ [ [ 54.493439951612757, 12.275081084033527 ], [ 54.512359938739664, 12.973989585452939 ], [ 53.120060378130887, 12.951813879590571 ], [ 53.102267504471783, 12.252905377652898 ], [ 54.493439951612757, 12.275081084033527 ] ] ] ] } },
{ "type": "Feature", "properties": { "int_cd": 5, "name_fr": "Colombie", "georeg": "AME", "subreg": "Latin America and the Caribbean", "globalid": "{67FBF94A-88E0-432D-9E78-A73975450ADC}", "geo_cd": 19, "objectid_1": 72, "nam_en": "Colombia", "lbl_en": "COLOMBIA", "isoclr": "COL", "stscod": 1, "intreg": "South America", "m49_cd": "170", "lbl_fr": "COLOMBIE", "iso2cd": "CO", "iso3cd": "COL", "sub_cd": 419, "SHAPE__Length": 6453119.2995663788, "objectid": 62, "SHAPE__Area": 1117630390782.1084 }, "geometry": { "type": "Polygon", "coordinates": [ [ [ -71.445002743889944, 11.32879919318578 ], [ -71.536863797880457, 12.559446619832457 ], [ -73.161797446967256, 11.033880746653706 ], [ -74.808243642121454, 11.033880746653706 ], [ -75.931116003746368, 9.983815925545528 ], [ -75.89732555074626, 9.429064698868345 ], [ -76.966547972840729, 8.438437509300529 ], [ -77.976883371640525, 7.511685545583342 ], [ -76.988885209696804, 6.67604221495321 ], [ -76.861764396860195, 3.332675449401381 ], [ -79.049992239727459, 1.363399075954212 ], [ -77.043113443984211, 1.372479958666674 ], [ -75.689377789818209, 0.183727330391205 ], [ -72.769202569307566, -2.416669043196996 ], [ -70.834051650009897, -2.416669043196996 ], [ -70.860363545857837, -3.53112463172731 ], [ -70.232183079103152, -4.100735265730897 ], [ -69.390295485809617, -4.100735265730897 ], [ -69.327636099903231, -0.831665538869759 ], [ -70.13805966732636, -0.113460826122644 ], [ -70.152450935108888, 1.917324913733216 ], [ -67.71277380533806, 1.917324913733216 ], [ -67.14570783431904, 1.422011318691854 ], [ -67.26666121252758, 6.028427751340874 ], [ -69.794777195612824, 6.028427751340874 ], [ -69.838488327368623, 7.118117660366491 ], [ -73.15520518062857, 7.118117660366491 ], [ -73.284316446583901, 9.619451315916542 ], [ -71.445002743889944, 11.32879919318578 ] ] ] } },
{ "type": "Feature", "properties": { "int_cd": 14, "name_fr": "Djibouti", "georeg": "AFR", "subreg": "Sub-Saharan Africa", "globalid": "{15D94088-A512-44BE-8867-5FB7F5C8F093}", "geo_cd": 2, "objectid_1": 73, "nam_en": "Djibouti", "lbl_en": "DJIBOUTI", "isoclr": "DJI", "stscod": 1, "intreg": "Eastern Africa", "m49_cd": "262", "lbl_fr": "DJIBOUTI", "iso2cd": "DJ", "iso3cd": "DJI", "sub_cd": 202, "SHAPE__Length": 873436.06749828625, "objectid": 61, "SHAPE__Area": 30537011098.582523 }, "geometry": { "type": "Polygon", "coordinates": [ [ [ 42.415765077391931, 12.443290777342963 ], [ 41.872863779320653, 12.443730559069577 ], [ 41.809696554552708, 10.957789774149001 ], [ 43.253458093833018, 10.96217239443016 ], [ 44.0683886218902, 10.964640687557734 ], [ 42.959466258509643, 11.976603145597561 ], [ 43.862478132841588, 11.976603145597561 ], [ 43.323981688458318, 12.439969553501824 ], [ 42.415765077391931, 12.443290777342963 ] ] ] } },
{ "type": "Feature", "properties": { "int_cd": 11, "name_fr": "Guinée", "georeg": "AFR", "subreg": "Sub-Saharan Africa", "globalid": "{4430D2C3-9EC2-4F36-A93E-E35B200059D9}", "geo_cd": 2, "objectid_1": 74, "nam_en": "Guinea", "lbl_en": "GUINEA", "isoclr": "GIN", "stscod": 1, "intreg": "Western Africa", "m49_cd": "324", "lbl_fr": "GUINÉE", "iso2cd": "GN", "iso3cd": "GIN", "sub_cd": 202, "SHAPE__Length": 2499865.4315492841, "objectid": 60, "SHAPE__Area": 216887844401.18793 }, "geometry": { "type": "Polygon", "coordinates": [ [ [ -7.920277878584248, 10.692106682933332 ], [ -9.462960726246344, 12.36891977683632 ], [ -11.333774451499149, 12.36891977683632 ], [ -12.535033791222377, 12.36891977683632 ], [ -12.514229785098259, 10.71046117194371 ], [ -15.110065916561638, 10.71458169005351 ], [ -13.955757155509939, 9.941833008874532 ], [ -13.93461289080107, 8.202940068985553 ], [ -11.906664002993843, 10.01057821949062 ], [ -10.09050342650059, 8.803259807994362 ], [ -8.615711148844699, 7.820173040641403 ], [ -7.905956750081635, 8.448322842009842 ], [ -7.920277878584248, 10.692106682933332 ] ] ] } },
{ "type": "Feature", "properties": { "int_cd": 11, "name_fr": "Guinée-Bissau", "georeg": "AFR", "subreg": "Sub-Saharan Africa", "globalid": "{FC660372-3532-4E0D-956E-3501988AB697}", "geo_cd": 2, "objectid_1": 75, "nam_en": "Guinea-Bissau", "lbl_en": "GUINEA-BISSAU", "isoclr": "GNB", "stscod": 1, "intreg": "Western Africa", "m49_cd": "624", "lbl_fr": "GUINÉE-BISSAU", "iso2cd": "GW", "iso3cd": "GNB", "sub_cd": 202, "SHAPE__Length": 1071981.9414736386, "objectid": 59, "SHAPE__Area": 70228226375.987808 }, "geometry": { "type": "Polygon", "coordinates": [ [ [ -12.535033791222377, 12.36891977683632 ], [ -16.314100537945432, 12.36891977683632 ], [ -16.300208304395376, 11.50915831524849 ], [ -15.110065916561638, 10.71458169005351 ], [ -12.514229785098259, 10.71046117194371 ], [ -12.535033791222377, 12.36891977683632 ] ] ] } },
{ "type": "Feature", "properties": { "int_cd": 29, "name_fr": "Grenade", "georeg": "AME", "subreg": "Latin America and the Caribbean", "globalid": "{847BBF52-3B33-4FD0-A7CC-AD8F8D69F44A}", "geo_cd": 19, "objectid_1": 76, "nam_en": "Grenada", "lbl_en": "GRENADA", "isoclr": "GRD", "stscod": 1, "intreg": "Caribbean", "m49_cd": "308", "lbl_fr": "GRENADE", "iso2cd": "GD", "iso3cd": "GRD", "sub_cd": 419, "SHAPE__Length": 276520.77823834762, "objectid": 58, "SHAPE__Area": 4751762425.7453251 }, "geometry": { "type": "Polygon", "coordinates": [ [ [ -61.346030836122473, 11.837701616211948 ], [ -61.392227203428661, 12.408291028909975 ], [ -62.079587617364822, 12.405803920040677 ], [ -62.032987375767654, 11.835214506168594 ], [ -61.346030836122473, 11.837701616211948 ] ] ] } },
{ "type": "Feature", "properties": { "int_cd": 17, "name_fr": "Cameroun", "georeg": "AFR", "subreg": "Sub-Saharan Africa", "globalid": "{3EA60136-A216-4A6F-85C6-1573D44CE5A6}", "geo_cd": 2, "objectid_1": 77, "nam_en": "Cameroon", "lbl_en": "CAMEROON", "isoclr": "CMR", "stscod": 1, "intreg": "Middle Africa", "m49_cd": "120", "lbl_fr": "CAMEROUN", "iso2cd": "CM", "iso3cd": "CMR", "sub_cd": 202, "SHAPE__Length": 3817757.2065259223, "objectid": 57, "SHAPE__Area": 455079616629.19092 }, "geometry": { "type": "Polygon", "coordinates": [ [ [ 14.883496152735805, 9.956439849543573 ], [ 14.916449538066201, 12.255398703215276 ], [ 13.07190955623143, 10.655323341140896 ], [ 13.049746172675228, 8.558672866950522 ], [ 11.031199931444092, 6.793072466790479 ], [ 10.470886531369977, 7.289647579509647 ], [ 8.919067194971451, 5.928663937532368 ], [ 8.912030413178835, 4.346418359084939 ], [ 9.453834761970811, 4.34698024616646 ], [ 9.448732673748697, 2.213546430155087 ], [ 11.299970680106274, 2.213546430155087 ], [ 13.299734362925369, 2.212298246837989 ], [ 16.135009001586905, 2.210528565070513 ], [ 16.136191507965343, 2.840840618098902 ], [ 14.828832969115021, 3.997538500524379 ], [ 14.851787001914264, 6.958597504358528 ], [ 15.507479997740676, 7.527470000098983 ], [ 14.163691203063381, 8.724181162078349 ], [ 14.173690440317506, 9.954332970326334 ], [ 14.883496152735805, 9.956439849543573 ] ] ] } },
{ "type": "Feature", "properties": { "int_cd": 5, "name_fr": "Venezuela", "georeg": "AME", "subreg": "Latin America and the Caribbean", "globalid": "{539472CF-478D-4A41-B8E4-C10E8ACEC649}", "geo_cd": 19, "objectid_1": 78, "nam_en": "Venezuela", "lbl_en": "VENEZUELA", "isoclr": "VEN", "stscod": 1, "intreg": "South America", "m49_cd": "862", "lbl_fr": "VENEZUELA", "iso2cd": "VE", "iso3cd": "VEN", "sub_cd": 419, "SHAPE__Length": 5756579.8150594868, "objectid": 56, "SHAPE__Area": 915753092075.23706 }, "geometry": { "type": "MultiPolygon", "coordinates": [ [ [ [ -69.736199658680391, 11.727319779908525 ], [ -71.030114423653075, 10.51875460830151 ], [ -70.974874168590617, 9.607377593211485 ], [ -71.617712196832613, 9.013001279777635 ], [ -72.279090700840214, 9.567752505949771 ], [ -71.383126374725052, 10.399879345059556 ], [ -71.445002743889944, 11.32879919318578 ], [ -73.284316446583901, 9.619451315916542 ], [ -73.15520518062857, 7.118117660366491 ], [ -69.838488327368623, 7.118117660366491 ], [ -69.794777195612824, 6.028427751340874 ], [ -67.26666121252758, 6.028427751340874 ], [ -67.14570783431904, 1.422011318691854 ], [ -66.538268243839781, 0.889549203358807 ], [ -64.098985264169968, 0.889549203358807 ], [ -64.151442614345271, 3.923344973301635 ], [ -62.678256865033454, 3.923344973301635 ], [ -62.227021114505831, 4.331978688925973 ], [ -60.72585652672015, 4.344361528251552 ], [ -60.751076537738584, 5.161628960915242 ], [ -60.820552524431434, 7.241946060308426 ], [ -59.830850604476794, 8.145047265503463 ], [ -62.644037590878824, 10.51875460830151 ], [ -68.279841914244656, 10.51875460830151 ], [ -69.736199658680391, 11.727319779908525 ] ] ], [ [ [ -63.569987987180994, 10.763671783700211 ], [ -63.604578199949536, 11.249862314470008 ], [ -64.705913964729049, 11.249862314470008 ], [ -64.670981030149392, 10.762013216846039 ], [ -63.569987987180994, 10.763671783700211 ] ] ] ] } },
{ "type": "Feature", "properties": { "int_cd": 14, "name_fr": "Somalie", "georeg": "AFR", "subreg": "Sub-Saharan Africa", "globalid": "{2F4D92EC-3B49-4A4C-9215-E646187E7F96}", "geo_cd": 2, "objectid_1": 79, "nam_en": "Somalia", "lbl_en": "SOMALIA", "isoclr": "SOM", "stscod": 1, "intreg": "Eastern Africa", "m49_cd": "706", "lbl_fr": "SOMALIE", "iso2cd": "SO", "iso3cd": "SOM", "sub_cd": 202, "SHAPE__Length": 5062787.4590997603, "objectid": 55, "SHAPE__Area": 641785065878.55957 }, "geometry": { "type": "Polygon", "coordinates": [ [ [ 51.042499125030801, 9.896286047102828 ], [ 51.143583797603824, 11.440440661891932 ], [ 47.537396880031075, 11.433290825043176 ], [ 44.642377670532852, 10.441131002198196 ], [ 44.0683886218902, 10.964640687557734 ], [ 43.253458093833018, 10.96217239443016 ], [ 43.25314120795764, 10.954482657936328 ], [ 43.192473004916458, 9.333161182118866 ], [ 46.076948135752616, 8.045345835218001 ], [ 47.921925577225863, 8.045345835218001 ], [ 44.874197465788839, 4.934711015707644 ], [ 42.69579276479471, 3.983774356314855 ], [ 41.910118998997987, 3.982318999901373 ], [ 40.976308480257984, 3.17146006034472 ], [ 40.954736235371115, -0.810861243520941 ], [ 41.564500252016735, -1.664949852634934 ], [ 46.827018218774775, 3.287310370198267 ], [ 51.042499125030801, 9.896286047102828 ] ] ] } },
{ "type": "Feature", "properties": { "int_cd": 11, "name_fr": "Togo", "georeg": "AFR", "subreg": "Sub-Saharan Africa", "globalid": "{E24CBE6F-4D47-4ABD-AE3A-9E791D1664A6}", "geo_cd": 2, "objectid_1": 80, "nam_en": "Togo", "lbl_en": "TOGO", "isoclr": "TGO", "stscod": 1, "intreg": "Western Africa", "m49_cd": "768", "lbl_fr": "TOGO", "iso2cd": "TG", "iso3cd": "TGO", "sub_cd": 202, "SHAPE__Length": 1667794.4957269332, "objectid": 54, "SHAPE__Area": 74148183414.333221 }, "geometry": { "type": "Polygon", "coordinates": [ [ [ 0.97153206479993, 5.744747229943871 ], [ 0.975312012474424, 11.133506783288295 ], [ -0.134432653577632, 11.133506783288295 ], [ -0.133892228001828, 5.45719933175975 ], [ 0.470953782388511, 5.744747229943871 ], [ 0.97153206479993, 5.744747229943871 ] ] ] } },
{ "type": "Feature", "properties": { "int_cd": 11, "name_fr": "Ghana", "georeg": "AFR", "subreg": "Sub-Saharan Africa", "globalid": "{F3B72CDC-F30E-439D-A82D-1A94717C39A4}", "geo_cd": 2, "objectid_1": 81, "nam_en": "Ghana", "lbl_en": "GHANA", "isoclr": "GHA", "stscod": 1, "intreg": "Western Africa", "m49_cd": "288", "lbl_fr": "GHANA", "iso2cd": "GH", "iso3cd": "GHA", "sub_cd": 202, "SHAPE__Length": 2114482.3931990648, "objectid": 53, "SHAPE__Area": 211665487699.69504 }, "geometry": { "type": "Polygon", "coordinates": [ [ [ -0.133892228001828, 5.45719933175975 ], [ -0.134432653577632, 11.133506783288295 ], [ -2.940202183985924, 11.133506783288295 ], [ -2.93416072110859, 10.17700840760301 ], [ -2.921091327471347, 5.053655500088228 ], [ -1.926540211471143, 4.604463638621901 ], [ -0.133892228001828, 5.45719933175975 ] ] ] } },
{ "type": "Feature", "properties": { "int_cd": 17, "name_fr": "République Centrafricaine", "georeg": "AFR", "subreg": "Sub-Saharan Africa", "globalid": "{DDE2F5DE-AFF8-41FD-BF76-66855FC6FF3C}", "geo_cd": 2, "objectid_1": 82, "nam_en": "Central African Republic", "lbl_en": "CENTRAL AFRICAN REPUBLIC", "isoclr": "CAF", "stscod": 1, "intreg": "Middle Africa", "m49_cd": "140", "lbl_fr": "RÉPUBLIQUE CENTRAFRICAINE", "iso2cd": "CF", "iso3cd": "CAF", "sub_cd": 202, "SHAPE__Length": 4057956.1810155557, "objectid": 52, "SHAPE__Area": 623146626343.2998 }, "geometry": { "type": "Polygon", "coordinates": [ [ [ 23.272940049283189, 8.659290827795296 ], [ 23.319811506433343, 10.797721181850042 ], [ 22.00449989824363, 10.79742080427817 ], [ 20.297052639662567, 9.319683781728591 ], [ 19.166471873776509, 9.319683781728591 ], [ 17.109659435296717, 7.528753904583099 ], [ 15.507479997740676, 7.527470000098983 ], [ 14.851787001914264, 6.958597504358528 ], [ 14.828832969115021, 3.997538500524379 ], [ 16.136191507965343, 2.840840618098902 ], [ 16.135009001586905, 2.210528565070513 ], [ 17.055198275920347, 3.468648217362564 ], [ 18.514078853802022, 3.468648217362564 ], [ 18.52186513858587, 4.419650319886864 ], [ 19.532577504177304, 5.115319246886558 ], [ 20.553992850559219, 4.419650319886864 ], [ 22.990162536494331, 4.419650319886864 ], [ 23.6958444737643, 5.212152072123755 ], [ 27.739161245119963, 5.212152072123755 ], [ 23.880031974380493, 8.659404284110487 ], [ 23.272940049283189, 8.659290827795296 ] ] ] } },
{ "type": "Feature", "properties": { "int_cd": 11, "name_fr": "Côte d’Ivoire", "georeg": "AFR", "subreg": "Sub-Saharan Africa", "globalid": "{8183D733-0AB4-405B-A49C-EBB63FEE1FEF}", "geo_cd": 2, "objectid_1": 84, "nam_en": "Côte d'Ivoire", "lbl_en": "CÔTE D'IVOIRE", "isoclr": "CIV", "stscod": 1, "intreg": "Western Africa", "m49_cd": "384", "lbl_fr": "CÔTE D’IVOIRE", "iso2cd": "CI", "iso3cd": "CIV", "sub_cd": 202, "SHAPE__Length": 2525963.2726114755, "objectid": 50, "SHAPE__Area": 342572673764.97949 }, "geometry": { "type": "Polygon", "coordinates": [ [ [ -5.280662284984476, 10.177139900631468 ], [ -6.233309998152009, 10.699999998883998 ], [ -7.920277878584248, 10.692106682933332 ], [ -7.905956750081635, 8.448322842009842 ], [ -8.615711148844699, 7.820173040641403 ], [ -8.924210653801975, 7.547130970486157 ], [ -7.896767953377681, 6.645939099896604 ], [ -7.887921489291214, 4.503309447769825 ], [ -6.660009148079686, 5.045863737191827 ], [ -2.921091327471347, 5.053655500088228 ], [ -2.93416072110859, 10.17700840760301 ], [ -5.280662284984476, 10.177139900631468 ] ] ] } },
{ "type": "Feature", "properties": { "int_cd": 13, "name_fr": "Costa Rica", "georeg": "AME", "subreg": "Latin America and the Caribbean", "globalid": "{5DE5B354-DE58-43DF-B132-8181D2E12956}", "geo_cd": 19, "objectid_1": 85, "nam_en": "Costa Rica", "lbl_en": "COSTA RICA", "isoclr": "CRI", "stscod": 1, "intreg": "Central America", "m49_cd": "188", "lbl_fr": "COSTA RICA", "iso2cd": "CR", "iso3cd": "CRI", "sub_cd": 419, "SHAPE__Length": 1043090.4045585194, "objectid": 40, "SHAPE__Area": 62422613756.570396 }, "geometry": { "type": "Polygon", "coordinates": [ [ [ -82.634600284162531, 9.450765128290953 ], [ -83.133740181849191, 9.865913705551748 ], [ -83.210222285139267, 10.926935799252028 ], [ -84.090584993640292, 10.926971151002995 ], [ -84.446864198026503, 11.219171920939743 ], [ -85.278596225135843, 11.219171920939743 ], [ -86.082398025364583, 10.459237949597536 ], [ -83.687503833740394, 8.470608005860274 ], [ -82.634600284162531, 9.450765128290953 ] ] ] } },
{ "type": "Feature", "properties": { "int_cd": 0, "name_fr": "Brunéi Darussalam", "georeg": "ASI", "subreg": "South-eastern Asia", "globalid": "{B81A2788-1B77-47E2-B5A6-DBB5D3C09E15}", "geo_cd": 142, "objectid_1": 86, "nam_en": "Brunei Darussalam", "lbl_en": "BRUNEI DARUSSALAM", "isoclr": "BRN", "stscod": 1, "intreg": " ", "m49_cd": "096", "lbl_fr": "BRUNÉI DARUSSALAM", "iso2cd": "BN", "iso3cd": "BRN", "sub_cd": 35, "SHAPE__Length": 637078.84708879562, "objectid": 39, "SHAPE__Area": 19043048640.713837 }, "geometry": { "type": "Polygon", "coordinates": [ [ [ 114.785330731775872, 3.548655576011502 ], [ 114.887346385997347, 5.442133529785948 ], [ 113.73804909825482, 4.476467780975412 ], [ 113.691135873243567, 3.548655576011502 ], [ 114.785330731775872, 3.548655576011502 ] ] ] } },
{ "type": "Feature", "properties": { "int_cd": 17, "name_fr": "République Démocratique du Congo", "georeg": "AFR", "subreg": "Sub-Saharan Africa", "globalid": "{F3E3CBB9-E592-44AD-8921-13A5D2BF170F}", "geo_cd": 2, "objectid_1": 87, "nam_en": "Democratic Republic of the Congo", "lbl_en": "DEMOCRATIC REPUBLIC OF THE CONGO", "isoclr": "COD", "stscod": 1, "intreg": "Middle Africa", "m49_cd": "180", "lbl_fr": "RÉPUBLIQUE DÉMOCRATIQUE DU CONGO", "iso2cd": "CD", "iso3cd": "COD", "sub_cd": 202, "SHAPE__Length": 8425832.6210894082, "objectid": 38, "SHAPE__Area": 2346417658273.9341 }, "geometry": { "type": "Polygon", "coordinates": [ [ [ 27.728177847684577, 4.439462863500022 ], [ 27.739161245119963, 5.212152072123755 ], [ 23.6958444737643, 5.212152072123755 ], [ 22.990162536494331, 4.419650319886864 ], [ 20.553992850559219, 4.419650319886864 ], [ 19.532577504177304, 5.115319246886558 ], [ 18.52186513858587, 4.419650319886864 ], [ 18.514078853802022, 3.468648217362564 ], [ 17.841678654452156, 2.470091915161416 ], [ 17.831457691025761, -0.873766667763382 ], [ 16.197210429468839, -2.328748770046801 ], [ 16.199198748259711, -4.131528656467344 ], [ 13.363710578618017, -4.930101317330853 ], [ 11.741311706975187, -5.648847815393469 ], [ 11.958856225757932, -6.089967370695255 ], [ 16.58728751750137, -6.08996736917287 ], [ 16.605965779850646, -7.944747983950876 ], [ 19.227016466061755, -7.944747983950876 ], [ 19.212063481998232, -6.708227574398169 ], [ 21.690771530832922, -6.708227574398169 ], [ 21.759043654172963, -10.912396965416013 ], [ 23.870231245719161, -10.912396965416013 ], [ 23.881042889717772, -11.365787781607079 ], [ 24.06842801004461, -11.365787781607079 ], [ 27.166192484932854, -11.365787781607079 ], [ 28.852642745016805, -12.8083949251928 ], [ 29.839790078740226, -12.8083949251928 ], [ 29.821037262686698, -12.231352068071459 ], [ 28.568515994454632, -11.159701046950477 ], [ 28.526948605611846, -9.511007168285955 ], [ 29.721391180425361, -8.43935614769503 ], [ 31.08880582121612, -8.456914245060061 ], [ 31.053635882483661, -7.202835738056462 ], [ 30.087554679275129, -6.890173246906932 ], [ 30.046032824649579, -4.527801903075553 ], [ 29.100670964580875, -3.703454963829206 ], [ 29.089959086636007, -2.673021289554951 ], [ 29.063377708412354, -1.108775063820827 ], [ 29.079040938667884, 0.665583814678338 ], [ 30.510064337102992, 1.411589779352603 ], [ 30.545912346455125, 3.607336023905622 ], [ 29.614311891568597, 4.439462863500022 ], [ 27.728177847684577, 4.439462863500022 ] ] ] } },
{ "type": "Feature", "properties": { "int_cd": 5, "name_fr": "Brésil", "georeg": "AME", "subreg": "Latin America and the Caribbean", "globalid": "{0ED9C969-59FC-46D4-A9F7-123FD19CEA97}", "geo_cd": 19, "objectid_1": 88, "nam_en": "Brazil", "lbl_en": "BRAZIL", "isoclr": "BRA", "stscod": 1, "intreg": "South America", "m49_cd": "076", "lbl_fr": "BRÉSIL", "iso2cd": "BR", "iso3cd": "BRA", "sub_cd": 419, "SHAPE__Length": 16822033.352071006, "objectid": 37, "SHAPE__Area": 8523226980180.2764 }, "geometry": { "type": "Polygon", "coordinates": [ [ [ -59.380121780177817, 4.393892888440104 ], [ -60.273975674975617, 5.161628960915242 ], [ -60.751076537738584, 5.161628960915242 ], [ -60.72585652672015, 4.344361528251552 ], [ -62.227021114505831, 4.331978688925973 ], [ -62.678256865033454, 3.923344973301635 ], [ -64.151442614345271, 3.923344973301635 ], [ -64.098985264169968, 0.889549203358807 ], [ -66.538268243839781, 0.889549203358807 ], [ -67.14570783431904, 1.422011318691854 ], [ -67.71277380533806, 1.917324913733216 ], [ -70.152450935108888, 1.917324913733216 ], [ -70.13805966732636, -0.113460826122644 ], [ -69.327636099903231, -0.831665538869759 ], [ -69.390295485809617, -4.100735265730897 ], [ -70.232183079103152, -4.100735265730897 ], [ -70.989881913280342, -4.100735265730897 ], [ -73.39538443465716, -6.156286685106433 ], [ -73.520054893666725, -8.80621441780708 ], [ -72.050002580843611, -10.168326804467888 ], [ -70.726003701569809, -10.168326804467888 ], [ -70.77560934508098, -10.936062877376774 ], [ -69.732581311377743, -10.936062877376774 ], [ -68.125754339784677, -10.936062877376774 ], [ -67.234365700410351, -10.193092483918266 ], [ -65.910337961393978, -10.193092483918266 ], [ -62.374582264975444, -13.486927891464575 ], [ -60.452466754139635, -13.486927891464575 ], [ -60.666531797702795, -16.186386983812746 ], [ -58.680876992825389, -16.186386983812746 ], [ -58.774919025744126, -17.251311213580621 ], [ -57.666852688607058, -17.251311213580621 ], [ -57.930826414576984, -19.950770305751039 ], [ -58.141963363565587, -21.981556046059545 ], [ -56.394554904696676, -21.981556046059545 ], [ -55.821634098671822, -21.981556046059545 ], [ -55.909878420636751, -22.823589156713691 ], [ -54.658460059337038, -24.012341784943835 ], [ -54.85602011264227, -25.69640800796919 ], [ -53.874731285812594, -25.69640800796919 ], [ -54.115650104460187, -27.45477127028833 ], [ -57.171689790297627, -29.745935908815081 ], [ -55.885873683634429, -31.033411993991418 ], [ -54.672067114743889, -31.045794834168909 ], [ -52.764981510152637, -32.953266684583873 ], [ -52.598235951611748, -32.058470499523629 ], [ -51.705363318255145, -32.058402018165403 ], [ -48.922723306235355, -30.01771000654411 ], [ -48.322501366982358, -25.500450020028214 ], [ -46.503428452662817, -24.061015712701163 ], [ -42.629991578896799, -24.054134322429153 ], [ -40.420498194707527, -22.271005380639526 ], [ -39.872121471571127, -13.672361371779266 ], [ -36.434367643006695, -10.759917432722668 ], [ -36.300990652158056, -5.469968238611003 ], [ -39.932138934653629, -2.201779362294274 ], [ -45.29328453911431, -2.20089851174466 ], [ -48.917315135713281, 1.008733583970837 ], [ -51.024954195604124, -0.853645532721649 ], [ -51.583972753770112, -0.358331938151422 ], [ -49.481525928952173, 1.504047179359544 ], [ -51.228637008651631, 3.029613051511068 ], [ -51.254463606767828, 4.257990758174365 ], [ -51.640442392059938, 4.591109738507923 ], [ -52.242573528785421, 4.047173371170072 ], [ -52.204852573170875, 1.867793553850935 ], [ -53.971496769834943, 1.867793553850935 ], [ -54.251916484773368, 1.867793553850935 ], [ -56.192438477170668, 1.867793553850935 ], [ -57.252407423974489, 1.867793553850935 ], [ -59.635974991375114, 1.867793553850935 ], [ -59.681095580447725, 4.121470411081271 ], [ -59.380121780177817, 4.393892888440104 ] ] ] } },
{ "type": "Feature", "properties": { "int_cd": 14, "name_fr": "Kenya", "georeg": "AFR", "subreg": "Sub-Saharan Africa", "globalid": "{062F8DE6-D553-4CA9-8E45-4D7852350F36}", "geo_cd": 2, "objectid_1": 89, "nam_en": "Kenya", "lbl_en": "KENYA", "isoclr": "KEN", "stscod": 1, "intreg": "Eastern Africa", "m49_cd": "404", "lbl_fr": "KENYA", "iso2cd": "KE", "iso3cd": "KEN", "sub_cd": 202, "SHAPE__Length": 3591477.8279903703, "objectid": 36, "SHAPE__Area": 597616681376.94556 }, "geometry": { "type": "Polygon", "coordinates": [ [ [ 37.458896220479161, 4.271056241849917 ], [ 37.138621096057904, 4.558338126788377 ], [ 35.994749091904616, 4.558338126788377 ], [ 35.274829267746682, 4.558338126788377 ], [ 34.304759302794324, 4.558338126788377 ], [ 33.789395382370706, 3.991071231787468 ], [ 34.903297272235861, 1.744956906750065 ], [ 34.045048838475921, 0.080703227597986 ], [ 34.047294387728492, -1.088236856684506 ], [ 37.630371364408965, -3.010053604759498 ], [ 37.636018122500481, -3.426117024770404 ], [ 39.43308304170673, -4.753557459862125 ], [ 40.016980956664447, -4.753557459862125 ], [ 39.986632302626909, -3.010053604759498 ], [ 41.564500252016735, -1.664949852634934 ], [ 40.954736235371115, -0.810861243520941 ], [ 40.976308480257984, 3.17146006034472 ], [ 41.910118998997987, 3.982318999901373 ], [ 40.316183292783933, 3.983774356314855 ], [ 39.862763482822473, 3.726211286716228 ], [ 38.06703167824336, 3.726211286716228 ], [ 37.458896220479161, 4.271056241849917 ] ] ] } },
{ "type": "Feature", "properties": { "int_cd": 14, "name_fr": "Ouganda", "georeg": "AFR", "subreg": "Sub-Saharan Africa", "globalid": "{53DC45FB-5849-4358-A3E4-A15D7C81C9A9}", "geo_cd": 2, "objectid_1": 90, "nam_en": "Uganda", "lbl_en": "UGANDA", "isoclr": "UGA", "stscod": 1, "intreg": "Eastern Africa", "m49_cd": "800", "lbl_fr": "OUGANDA", "iso2cd": "UG", "iso3cd": "UGA", "sub_cd": 202, "SHAPE__Length": 2192167.205599573, "objectid": 35, "SHAPE__Area": 262941015305.72092 }, "geometry": { "type": "Polygon", "coordinates": [ [ [ 34.903297272235861, 1.744956906750065 ], [ 33.789395382370706, 3.991071231787468 ], [ 33.441388416764063, 3.607336023905622 ], [ 30.545912346455125, 3.607336023905622 ], [ 30.510064337102992, 1.411589779352603 ], [ 29.079040938667884, 0.665583814678338 ], [ 29.063377708412354, -1.108775063820827 ], [ 30.975378349643542, -1.102668386902621 ], [ 34.047294387728492, -1.088236856684506 ], [ 34.045048838475921, 0.080703227597986 ], [ 34.903297272235861, 1.744956906750065 ] ] ] } },
{ "type": "Feature", "properties": { "int_cd": 17, "name_fr": "Congo", "georeg": "AFR", "subreg": "Sub-Saharan Africa", "globalid": "{81961091-85CF-41ED-AA88-EB5483DAF818}", "geo_cd": 2, "objectid_1": 91, "nam_en": "Congo", "lbl_en": "CONGO", "isoclr": "COG", "stscod": 1, "intreg": "Middle Africa", "m49_cd": "178", "lbl_fr": "CONGO", "iso2cd": "CG", "iso3cd": "COG", "sub_cd": 202, "SHAPE__Length": 3651009.7677050172, "objectid": 34, "SHAPE__Area": 376055572980.70551 }, "geometry": { "type": "Polygon", "coordinates": [ [ [ 17.841678654452156, 2.470091915161416 ], [ 18.514078853802022, 3.468648217362564 ], [ 17.055198275920347, 3.468648217362564 ], [ 16.135009001586905, 2.210528565070513 ], [ 13.299734362925369, 2.212298246837989 ], [ 13.29395259664839, 1.120710193426023 ], [ 14.469115121080964, 1.120710193426023 ], [ 14.469355226997225, -1.245911264151187 ], [ 14.471250476896437, -1.972505570916463 ], [ 11.180309803097115, -1.972505570916463 ], [ 10.639655263640099, -1.972505570916463 ], [ 10.64238842205045, -3.417497383987732 ], [ 11.313054682919791, -4.779853735258306 ], [ 12.929162099258235, -4.05146902613559 ], [ 13.363710578618017, -4.930101317330853 ], [ 16.199198748259711, -4.131528656467344 ], [ 16.197210429468839, -2.328748770046801 ], [ 17.831457691025761, -0.873766667763382 ], [ 17.841678654452156, 2.470091915161416 ] ] ] } },
{ "type": "Feature", "properties": { "int_cd": 17, "name_fr": "Gabon", "georeg": "AFR", "subreg": "Sub-Saharan Africa", "globalid": "{723FCECA-5BCF-43E3-B8D2-922F29F54481}", "geo_cd": 2, "objectid_1": 92, "nam_en": "Gabon", "lbl_en": "GABON", "isoclr": "GAB", "stscod": 1, "intreg": "Middle Africa", "m49_cd": "266", "lbl_fr": "GABON", "iso2cd": "GA", "iso3cd": "GAB", "sub_cd": 202, "SHAPE__Length": 2374676.0821952703, "objectid": 33, "SHAPE__Area": 242801757375.7019 }, "geometry": { "type": "Polygon", "coordinates": [ [ [ 13.299734362925369, 2.212298246837989 ], [ 11.299970680106274, 2.213546430155087 ], [ 11.297624058516481, 1.091654508493947 ], [ 9.445735055635891, 1.091654508493947 ], [ 9.443940973880853, 0.456395397869417 ], [ 9.015740818796031, -0.166399722529316 ], [ 9.017336991529538, -1.785667034891286 ], [ 10.64238842205045, -3.417497383987732 ], [ 10.639655263640099, -1.972505570916463 ], [ 11.180309803097115, -1.972505570916463 ], [ 14.471250476896437, -1.972505570916463 ], [ 14.469355226997225, -1.245911264151187 ], [ 14.469115121080964, 1.120710193426023 ], [ 13.29395259664839, 1.120710193426023 ], [ 13.299734362925369, 2.212298246837989 ] ] ] } },
{ "type": "Feature", "properties": { "int_cd": 11, "name_fr": "Sierra Leone", "georeg": "AFR", "subreg": "Sub-Saharan Africa", "globalid": "{51EB96FA-E0E5-4B6B-9A68-85126885C7B0}", "geo_cd": 2, "objectid_1": 93, "nam_en": "Sierra Leone", "lbl_en": "SIERRA LEONE", "isoclr": "SLE", "stscod": 1, "intreg": "Western Africa", "m49_cd": "694", "lbl_fr": "SIERRA LEONE", "iso2cd": "SL", "iso3cd": "SLE", "sub_cd": 202, "SHAPE__Length": 1061548.6074489169, "objectid": 49, "SHAPE__Area": 69065586654.011551 }, "geometry": { "type": "Polygon", "coordinates": [ [ [ -10.09050342650059, 8.803259807994362 ], [ -11.906664002993843, 10.01057821949062 ], [ -13.93461289080107, 8.202940068985553 ], [ -12.053995419869498, 7.055263125022075 ], [ -10.09050342650059, 8.803259807994362 ] ] ] } },
{ "type": "Feature", "properties": { "int_cd": 0, "name_fr": "Sri Lanka", "georeg": "ASI", "subreg": "Southern Asia", "globalid": "{68DA231B-AB5A-43BA-8ECC-23A769DEAE2D}", "geo_cd": 142, "objectid_1": 94, "nam_en": "Sri Lanka", "lbl_en": "SRI LANKA", "isoclr": "LKA", "stscod": 1, "intreg": " ", "m49_cd": "144", "lbl_fr": "SRI LANKA", "iso2cd": "LK", "iso3cd": "LKA", "sub_cd": 34, "SHAPE__Length": 1219867.1982578719, "objectid": 48, "SHAPE__Area": 72007383642.709152 }, "geometry": { "type": "Polygon", "coordinates": [ [ [ 81.657861876287996, 8.735629048081998 ], [ 80.468795974212085, 9.842670362013662 ], [ 79.962649045317775, 9.842670362013662 ], [ 79.763496325074854, 6.167749712333694 ], [ 80.550963482439727, 5.81395300388142 ], [ 81.546650825442782, 6.65849998510926 ], [ 81.657861876287996, 8.735629048081998 ] ] ] } },
{ "type": "Feature", "properties": { "int_cd": 13, "name_fr": "Panama", "georeg": "AME", "subreg": "Latin America and the Caribbean", "globalid": "{88407DEC-C7ED-41F0-9567-51B1A17FD5BF}", "geo_cd": 19, "objectid_1": 95, "nam_en": "Panama", "lbl_en": "PANAMA", "isoclr": "PAN", "stscod": 1, "intreg": "Central America", "m49_cd": "591", "lbl_fr": "PANAMA", "iso2cd": "PA", "iso3cd": "PAN", "sub_cd": 419, "SHAPE__Length": 1622627.7028889933, "objectid": 47, "SHAPE__Area": 109311073531.73517 }, "geometry": { "type": "Polygon", "coordinates": [ [ [ -78.256408161035409, 9.518221146750703 ], [ -80.205369268384629, 9.528127418175441 ], [ -80.72644510887946, 9.042298895802826 ], [ -82.133596807151349, 9.03281382327909 ], [ -82.634600284162531, 9.450765128290953 ], [ -83.687503833740394, 8.470608005860274 ], [ -82.729830676241448, 7.666669404250195 ], [ -79.988369888500202, 7.666669404250195 ], [ -79.454557658501145, 8.16785471151119 ], [ -78.753370997276917, 8.165418115657479 ], [ -78.160729361915941, 7.666669404250195 ], [ -77.976883371640525, 7.511685545583342 ], [ -76.966547972840729, 8.438437509300529 ], [ -78.256408161035409, 9.518221146750703 ] ] ] } },
{ "type": "Feature", "properties": { "int_cd": 11, "name_fr": "Libéria", "georeg": "AFR", "subreg": "Sub-Saharan Africa", "globalid": "{C285648C-15D2-4247-A35E-130B4A6E6354}", "geo_cd": 2, "objectid_1": 96, "nam_en": "Liberia", "lbl_en": "LIBERIA", "isoclr": "LBR", "stscod": 1, "intreg": "Western Africa", "m49_cd": "430", "lbl_fr": "LIBÉRIA", "iso2cd": "LR", "iso3cd": "LBR", "sub_cd": 202, "SHAPE__Length": 1475187.5082631854, "objectid": 46, "SHAPE__Area": 107255033429.63789 }, "geometry": { "type": "Polygon", "coordinates": [ [ [ -8.615711148844699, 7.820173040641403 ], [ -10.09050342650059, 8.803259807994362 ], [ -12.053995419869498, 7.055263125022075 ], [ -7.887921489291214, 4.503309447769825 ], [ -7.896767953377681, 6.645939099896604 ], [ -8.924210653801975, 7.547130970486157 ], [ -8.615711148844699, 7.820173040641403 ] ] ] } },
{ "type": "Feature", "properties": { "int_cd": 0, "name_fr": "Malaisie", "georeg": "ASI", "subreg": "South-eastern Asia", "globalid": "{74C0A237-9228-46A4-8BEC-4FD2171CB463}", "geo_cd": 142, "objectid_1": 97, "nam_en": "Malaysia", "lbl_en": "MALAYSIA", "isoclr": "MYS", "stscod": 1, "intreg": " ", "m49_cd": "458", "lbl_fr": "MALAISIE", "iso2cd": "MY", "iso3cd": "MYS", "sub_cd": 35, "SHAPE__Length": 4981693.0581795378, "objectid": 43, "SHAPE__Area": 405105697539.18457 }, "geometry": { "type": "MultiPolygon", "coordinates": [ [ [ [ 119.094624043215433, 5.234914912187326 ], [ 116.992218921630794, 7.200492465201947 ], [ 114.887346385997347, 5.442133529785948 ], [ 114.785330731775872, 3.548655576011502 ], [ 113.691135873243567, 3.548655576011502 ], [ 113.73804909825482, 4.476467780975412 ], [ 109.116469353030539, 0.509451068186988 ], [ 111.699167846044062, 0.521051226691594 ], [ 113.040300065167116, 1.691229595498017 ], [ 115.64811161672003, 1.691229595498017 ], [ 115.736882525121501, 4.068734851650389 ], [ 117.697666519529875, 4.063646096592946 ], [ 119.094624043215433, 5.234914912187326 ] ] ], [ [ [ 103.897038110778709, 4.622168110442302 ], [ 102.084153234346516, 6.3005191882172 ], [ 100.508731877042777, 6.258491062039849 ], [ 100.602236060173055, 6.169482269956492 ], [ 100.474342695152629, 3.577789560675614 ], [ 103.784544369509675, 0.591943050894339 ], [ 103.897038110778709, 4.622168110442302 ] ] ] ] } },
{ "type": "Feature", "properties": { "int_cd": 5, "name_fr": "Suriname", "georeg": "AME", "subreg": "Latin America and the Caribbean", "globalid": "{DB98BF30-F53F-4313-82BF-DEF294D543B5}", "geo_cd": 19, "objectid_1": 98, "nam_en": "Suriname", "lbl_en": "SURINAME", "isoclr": "SUR", "stscod": 1, "intreg": "South America", "m49_cd": "740", "lbl_fr": "SURINAME", "iso2cd": "SR", "iso3cd": "SUR", "sub_cd": 419, "SHAPE__Length": 1570815.4033356903, "objectid": 41, "SHAPE__Area": 146967536755.3667 }, "geometry": { "type": "Polygon", "coordinates": [ [ [ -53.971496769834943, 1.867793553850935 ], [ -54.059184481220925, 5.841648004889222 ], [ -57.134004279908325, 5.837379141082497 ], [ -57.052461921128454, 2.617840773157668 ], [ -56.370615933997989, 2.02346445930133 ], [ -56.192438477170668, 1.867793553850935 ], [ -54.251916484773368, 1.867793553850935 ], [ -53.971496769834943, 1.867793553850935 ] ] ] } },
{ "type": "Feature", "properties": { "int_cd": 5, "name_fr": "Guyana", "georeg": "AME", "subreg": "Latin America and the Caribbean", "globalid": "{5DC5B7EE-CC30-43DA-BF0D-129472EAC0F3}", "geo_cd": 19, "objectid_1": 99, "nam_en": "Guyana", "lbl_en": "GUYANA", "isoclr": "GUY", "stscod": 1, "intreg": "South America", "m49_cd": "328", "lbl_fr": "GUYANA", "iso2cd": "GY", "iso3cd": "GUY", "sub_cd": 419, "SHAPE__Length": 2205026.4003540659, "objectid": 45, "SHAPE__Area": 201330038606.43579 }, "geometry": { "type": "Polygon", "coordinates": [ [ [ -57.134004279908325, 5.837379141082497 ], [ -59.830850604476794, 8.145047265503463 ], [ -60.820552524431434, 7.241946060308426 ], [ -60.751076537738584, 5.161628960915242 ], [ -60.273975674975617, 5.161628960915242 ], [ -59.380121780177817, 4.393892888440104 ], [ -59.681095580447725, 4.121470411081271 ], [ -59.635974991375114, 1.867793553850935 ], [ -57.252407423974489, 1.867793553850935 ], [ -56.192438477170668, 1.867793553850935 ], [ -56.370615933997989, 2.02346445930133 ], [ -57.052461921128454, 2.617840773157668 ], [ -57.134004279908325, 5.837379141082497 ] ] ] } },
{ "type": "Feature", "properties": { "int_cd": 13, "name_fr": "Guatemala", "georeg": "AME", "subreg": "Latin America and the Caribbean", "globalid": "{D2329CF1-C889-4AC8-B817-595043D2490A}", "geo_cd": 19, "objectid_1": 115, "nam_en": "Guatemala", "lbl_en": "GUATEMALA", "isoclr": "GTM", "stscod": 1, "intreg": "Central America", "m49_cd": "320", "lbl_fr": "GUATEMALA", "iso2cd": "GT", "iso3cd": "GTM", "sub_cd": 419, "SHAPE__Length": 1698207.1452702743, "objectid": 81, "SHAPE__Area": 123352737736.23097 }, "geometry": { "type": "Polygon", "coordinates": [ [ [ -88.981514152628776, 16.283985247654439 ], [ -89.199011152844491, 17.874886272796775 ], [ -90.747002183031981, 17.87485610040628 ], [ -90.529302343067272, 16.316451999409274 ], [ -90.0736386053633, 15.959317726554413 ], [ -92.17403272657107, 15.959317726554413 ], [ -91.963057350520586, 14.274887560516149 ], [ -91.053686303268961, 13.548518345650445 ], [ -89.97696692863903, 13.548518345650445 ], [ -89.148591287216092, 14.346616189202967 ], [ -87.970992002667771, 15.48890151965781 ], [ -88.486157930405554, 15.895168799021867 ], [ -88.981514152628776, 16.283985247654439 ] ] ] } },
{ "type": "Feature", "properties": { "int_cd": 14, "name_fr": " ", "georeg": "AFR", "subreg": "Sub-Saharan Africa", "globalid": "{F402B167-07D6-47A9-B70E-73E3F8F794D6}", "geo_cd": 2, "objectid_1": 237, "nam_en": " ", "lbl_en": " ", "isoclr": "SSD", "stscod": 99, "intreg": "Eastern Africa", "m49_cd": "728", "lbl_fr": " ", "iso2cd": "SS", "iso3cd": "SSD", "sub_cd": 202, "SHAPE__Length": 221172.05606019191, "objectid": 248, "SHAPE__Area": 2102313991.6366119 }, "geometry": { "type": "Polygon", "coordinates": [ [ [ 35.274829267746682, 4.558338126788377 ], [ 34.870805838495492, 4.909270509095395 ], [ 34.304759302794324, 4.558338126788377 ], [ 35.274829267746682, 4.558338126788377 ] ] ] } },
{ "type": "Feature", "properties": { "int_cd": 0, "name_fr": "Inde", "georeg": "ASI", "subreg": "Southern Asia", "globalid": "{B651D119-DB9B-4086-BC4C-D3CBFFE7BECF}", "geo_cd": 142, "objectid_1": 100, "nam_en": "India", "lbl_en": "INDIA", "isoclr": "IND", "stscod": 1, "intreg": " ", "m49_cd": "356", "lbl_fr": "INDE", "iso2cd": "IN", "iso3cd": "IND", "sub_cd": 34, "SHAPE__Length": 12795290.099315492, "objectid": 44, "SHAPE__Area": 2980338797713.7397 }, "geometry": { "type": "MultiPolygon", "coordinates": [ [ [ [ 79.716064540290631, 29.518202342519675 ], [ 80.654372578982148, 30.173522579491745 ], [ 77.327447384633814, 33.838015186021799 ], [ 74.958848430074639, 32.238910589238586 ], [ 74.420781623683709, 30.085872027956984 ], [ 69.98715839674432, 27.086790401745329 ], [ 71.362847153460876, 25.701471965085879 ], [ 71.119618558291208, 24.116468460848193 ], [ 67.796696053500568, 24.116468460848193 ], [ 69.676468063326013, 22.264731929188422 ], [ 69.093974116362816, 21.811581080051099 ], [ 70.46748002965353, 20.481831896510293 ], [ 72.764889623485345, 22.269260247873007 ], [ 73.260714380789608, 21.79664912625989 ], [ 72.657336479736983, 16.988215110052177 ], [ 74.488572478994385, 15.225961804969126 ], [ 74.270217485170974, 12.834332320904519 ], [ 75.578007270685177, 11.600755007521418 ], [ 75.462710463540816, 9.964376939634612 ], [ 77.717982004211379, 7.874848022060636 ], [ 80.113271925332768, 10.543403026171452 ], [ 80.563591142981508, 15.477712277319439 ], [ 87.121125127925993, 20.336496388594789 ], [ 87.297492053466812, 21.469373513005777 ], [ 89.06318448458498, 21.469373513005777 ], [ 87.744591590375492, 24.691148267241012 ], [ 87.952016234585955, 25.741230659068435 ], [ 90.425809971112756, 25.741230659068435 ], [ 90.274419714921464, 25.026280946012346 ], [ 92.58809381485581, 25.026280946012346 ], [ 92.300003591406991, 23.462328449186202 ], [ 93.067455253255758, 22.09798123059333 ], [ 93.4500053518464, 24.22196251816024 ], [ 94.253689537535166, 24.217188297814669 ], [ 94.890093658020319, 27.082016181693543 ], [ 92.344499490436291, 27.081788002004703 ], [ 92.270868772543977, 26.770054567343315 ], [ 89.132199663405274, 26.7745962817114 ], [ 89.40199694004221, 27.908416219815766 ], [ 88.056593525515197, 27.897263352461849 ], [ 87.788334402476153, 26.751423238117503 ], [ 84.000409997979986, 26.751423238117503 ], [ 82.72688368947594, 26.751423238117503 ], [ 79.716064540290631, 29.518202342519675 ] ] ], [ [ [ 93.978469390365646, 6.973546992074561 ], [ 94.005360884117124, 7.544136406304172 ], [ 93.32051503302938, 7.541649296243248 ], [ 93.293875914524605, 6.97105988183294 ], [ 93.978469390365646, 6.973546992074561 ] ] ], [ [ [ 92.788941664346055, 10.235683054222733 ], [ 92.828763895058657, 10.806272467630761 ], [ 92.142127420118314, 10.803785358413405 ], [ 92.102672072235336, 10.233195944387584 ], [ 92.788941664346055, 10.235683054222733 ] ] ], [ [ [ 93.044961470745861, 13.344274252954072 ], [ 92.726241434060128, 13.344303713213032 ], [ 92.725277529801545, 13.334859748022435 ], [ 92.529396392446202, 13.334152161526188 ], [ 92.370258340112954, 11.416330011123076 ], [ 93.057311603924276, 11.418817120403885 ], [ 93.217904730727611, 13.336639271138555 ], [ 93.044115029227939, 13.336011489917198 ], [ 93.044961470745861, 13.344274252954072 ] ] ] ] } },
{ "type": "Feature", "properties": { "int_cd": 13, "name_fr": "Belize", "georeg": "AME", "subreg": "Latin America and the Caribbean", "globalid": "{17E66D81-3388-41E1-969D-6492E1E210CD}", "geo_cd": 19, "objectid_1": 101, "nam_en": "Belize", "lbl_en": "BELIZE", "isoclr": "BLZ", "stscod": 1, "intreg": "Central America", "m49_cd": "084", "lbl_fr": "BELIZE", "iso2cd": "BZ", "iso3cd": "BLZ", "sub_cd": 419, "SHAPE__Length": 1000949.1020410554, "objectid": 85, "SHAPE__Area": 47348956620.429237 }, "geometry": { "type": "Polygon", "coordinates": [ [ [ -87.556178998703857, 15.893746216120316 ], [ -87.942241434350578, 18.719117679055916 ], [ -89.324898693646233, 18.718991654628056 ], [ -89.199011152844491, 17.874886272796775 ], [ -88.981514152628776, 16.283985247654439 ], [ -88.486157930405554, 15.895168799021867 ], [ -87.970992002667771, 15.48890151965781 ], [ -87.556178998703857, 15.893746216120316 ] ] ] } },
{ "type": "Feature", "properties": { "int_cd": 29, "name_fr": "Jamaïque", "georeg": "AME", "subreg": "Latin America and the Caribbean", "globalid": "{60EDC338-5201-4E88-84CC-CF831872F629}", "geo_cd": 19, "objectid_1": 102, "nam_en": "Jamaica", "lbl_en": "JAMAICA", "isoclr": "JAM", "stscod": 1, "intreg": "Caribbean", "m49_cd": "388", "lbl_fr": "JAMAÏQUE", "iso2cd": "JM", "iso3cd": "JAM", "sub_cd": 419, "SHAPE__Length": 582719.83033414546, "objectid": 83, "SHAPE__Area": 19838322196.768154 }, "geometry": { "type": "Polygon", "coordinates": [ [ [ -76.067256464331464, 17.942759762768397 ], [ -76.143689119910775, 18.549178445437871 ], [ -78.438533888672325, 18.549178445437871 ], [ -78.388976093547697, 18.170166768100998 ], [ -77.873211689746796, 17.765887645986666 ], [ -76.24748541054484, 17.765579704586361 ], [ -76.067256464331464, 17.942759762768397 ] ] ] } },
{ "type": "Feature", "properties": { "int_cd": 14, "name_fr": "Érythrée", "georeg": "AFR", "subreg": "Sub-Saharan Africa", "globalid": "{93BEB28C-9A40-49F3-B8F7-B632DFEF6C61}", "geo_cd": 2, "objectid_1": 103, "nam_en": "Eritrea", "lbl_en": "ERITREA", "isoclr": "ERI", "stscod": 1, "intreg": "Eastern Africa", "m49_cd": "232", "lbl_fr": "ÉRYTHRÉE", "iso2cd": "ER", "iso3cd": "ERI", "sub_cd": 202, "SHAPE__Length": 2125875.9432953172, "objectid": 82, "SHAPE__Area": 122926163951.28104 }, "geometry": { "type": "Polygon", "coordinates": [ [ [ 38.987118781144865, 17.304327375798419 ], [ 38.267409380104048, 17.967263119581609 ], [ 37.052814345980174, 16.960990545364574 ], [ 37.018757173206772, 16.346801687674461 ], [ 36.913441227156156, 14.246672044784678 ], [ 39.493709574969067, 14.246672044784678 ], [ 40.317039895439876, 14.246672044784678 ], [ 42.415765077391931, 12.443290777342963 ], [ 43.323981688458318, 12.439969553501824 ], [ 38.923817836372216, 16.227020308082565 ], [ 38.987118781144865, 17.304327375798419 ] ] ] } },
{ "type": "Feature", "properties": { "int_cd": 29, "name_fr": "Bahamas", "georeg": "AME", "subreg": "Latin America and the Caribbean", "globalid": "{989FA0DB-046E-4AF1-AB10-0471E8B49720}", "geo_cd": 19, "objectid_1": 104, "nam_en": "Bahamas", "lbl_en": "BAHAMAS", "isoclr": "BHS", "stscod": 1, "intreg": "Caribbean", "m49_cd": "044", "lbl_fr": "BAHAMAS", "iso2cd": "BS", "iso3cd": "BHS", "sub_cd": 419, "SHAPE__Length": 1885787.8672561317, "objectid": 90, "SHAPE__Area": 31591637825.072094 }, "geometry": { "type": "MultiPolygon", "coordinates": [ [ [ [ -72.917425246358675, 20.849936137689369 ], [ -73.006335311593119, 21.420525551780582 ], [ -73.702874604306174, 21.418038441664979 ], [ -73.615607450160979, 20.851133903018937 ], [ -72.917425246358675, 20.849936137689369 ] ] ], [ [ [ -77.684105159870981, 24.51277053328575 ], [ -77.791101538776218, 25.083359947045 ], [ -78.488707234201016, 25.081993566688858 ], [ -78.384710528929773, 24.510283423390732 ], [ -77.684105159870981, 24.51277053328575 ] ] ], [ [ [ -73.907140765786735, 22.353718121595211 ], [ -73.996218354890289, 22.920040698439493 ], [ -74.699964843654556, 22.921820426054115 ], [ -74.608910152993985, 22.356290962640458 ], [ -73.907140765786735, 22.353718121595211 ] ] ], [ [ [ -74.42323193103752, 23.365727953962363 ], [ -74.519053342547593, 23.932600902125202 ], [ -75.22098895250862, 23.933830257781722 ], [ -75.122286495149211, 23.363240844390315 ], [ -74.42323193103752, 23.365727953962363 ] ] ], [ [ [ -77.342377817219798, 23.739669078744143 ], [ -77.444720267824181, 24.310258492130192 ], [ -78.141027658090508, 24.308468127459886 ], [ -78.041922456619503, 23.737181968302348 ], [ -77.342377817219798, 23.739669078744143 ] ] ], [ [ [ -75.806087312483314, 24.85091352842311 ], [ -75.919902089149588, 25.421502942577241 ], [ -76.621816696887194, 25.419015832700619 ], [ -76.509737373497032, 24.852115034084228 ], [ -75.806087312483314, 24.85091352842311 ] ] ], [ [ [ -77.066105723541682, 26.253279424645502 ], [ -77.192535729617802, 26.824372114557868 ], [ -77.89682436048254, 26.821885004771488 ], [ -77.765789743334651, 26.25129559057401 ], [ -77.066105723541682, 26.253279424645502 ] ] ] ] } },
{ "type": "Feature", "properties": { "int_cd": 0, "name_fr": "Thaïlande", "georeg": "ASI", "subreg": "South-eastern Asia", "globalid": "{DB7F0BB9-D0C3-4F0E-BAB3-DBBCC5479936}", "geo_cd": 142, "objectid_1": 105, "nam_en": "Thailand", "lbl_en": "THAILAND", "isoclr": "THA", "stscod": 1, "intreg": " ", "m49_cd": "764", "lbl_fr": "THAÏLANDE", "iso2cd": "TH", "iso3cd": "THA", "sub_cd": 35, "SHAPE__Length": 5286734.1299821613, "objectid": 89, "SHAPE__Area": 507608137445.99615 }, "geometry": { "type": "Polygon", "coordinates": [ [ [ 102.084153234346516, 6.3005191882172 ], [ 99.758084602311683, 8.470726658383708 ], [ 100.248285514253837, 13.6314410749504 ], [ 100.482151330250105, 13.453032469972047 ], [ 102.807843893686368, 11.687716948468989 ], [ 102.848172294107258, 12.067817400370545 ], [ 103.150435700209243, 14.59248357438867 ], [ 104.861275820292349, 14.59248357438867 ], [ 105.15100737493546, 16.580937463042634 ], [ 103.984463034654453, 17.76507292528829 ], [ 101.18626538228159, 17.775543685415364 ], [ 101.495833596201095, 19.552447207357606 ], [ 100.539036372065269, 20.535503062166871 ], [ 98.154798621561355, 19.574789386067692 ], [ 97.794478411402537, 17.385255889972552 ], [ 99.065525826211896, 16.11175171450375 ], [ 98.857751313716207, 14.570141395373227 ], [ 99.289989407823725, 14.14564000371951 ], [ 98.861897257442138, 10.034679154556414 ], [ 98.709185668711896, 7.979198730568881 ], [ 100.508731877042777, 6.258491062039849 ], [ 102.084153234346516, 6.3005191882172 ] ] ] } },
{ "type": "Feature", "properties": { "int_cd": 29, "name_fr": "Haïti", "georeg": "AME", "subreg": "Latin America and the Caribbean", "globalid": "{8918851C-C8B9-442B-9F4D-662E8C81C962}", "geo_cd": 19, "objectid_1": 106, "nam_en": "Haiti", "lbl_en": "HAITI", "isoclr": "HTI", "stscod": 1, "intreg": "Caribbean", "m49_cd": "332", "lbl_fr": "HAÏTI", "iso2cd": "HT", "iso3cd": "HTI", "sub_cd": 419, "SHAPE__Length": 1072132.4419992233, "objectid": 88, "SHAPE__Area": 41780374851.209526 }, "geometry": { "type": "Polygon", "coordinates": [ [ [ -71.48312597589333, 18.119781329747696 ], [ -71.750850251118834, 20.014690263671731 ], [ -73.544378423328183, 20.014690263671731 ], [ -73.454248757415016, 19.332469244478744 ], [ -72.843401516894446, 19.332469244478744 ], [ -72.769947898319984, 18.751318006438616 ], [ -74.164762244149287, 18.751318006438616 ], [ -74.086326760526404, 18.119631878575237 ], [ -71.48312597589333, 18.119781329747696 ] ] ] } },
{ "type": "Feature", "properties": { "int_cd": 0, "name_fr": "Bangladesh", "georeg": "ASI", "subreg": "Southern Asia", "globalid": "{992A17F0-DBBB-4502-A691-7D9AA95E0D07}", "geo_cd": 142, "objectid_1": 107, "nam_en": "Bangladesh", "lbl_en": "BANGLADESH", "isoclr": "BGD", "stscod": 1, "intreg": " ", "m49_cd": "050", "lbl_fr": "BANGLADESH", "iso2cd": "BD", "iso3cd": "BGD", "sub_cd": 34, "SHAPE__Length": 2229060.682495913, "objectid": 98, "SHAPE__Area": 189756922406.77139 }, "geometry": { "type": "Polygon", "coordinates": [ [ [ 90.274419714921464, 25.026280946012346 ], [ 90.425809971112756, 25.741230659068435 ], [ 87.952016234585955, 25.741230659068435 ], [ 87.744591590375492, 24.691148267241012 ], [ 89.06318448458498, 21.469373513005777 ], [ 90.032158476536637, 21.469373513005777 ], [ 91.734686633677356, 22.210386581596048 ], [ 92.775623240054898, 20.37955420265812 ], [ 93.067455253255758, 22.09798123059333 ], [ 92.300003591406991, 23.462328449186202 ], [ 92.58809381485581, 25.026280946012346 ], [ 90.274419714921464, 25.026280946012346 ] ] ] } },
{ "type": "Feature", "properties": { "int_cd": 11, "name_fr": "Mali", "georeg": "AFR", "subreg": "Sub-Saharan Africa", "globalid": "{2EFB2074-53B7-4AE6-9198-A3C4CC8FDA45}", "geo_cd": 2, "objectid_1": 108, "nam_en": "Mali", "lbl_en": "MALI", "isoclr": "MLI", "stscod": 1, "intreg": "Western Africa", "m49_cd": "466", "lbl_fr": "MALI", "iso2cd": "ML", "iso3cd": "MLI", "sub_cd": 202, "SHAPE__Length": 6008273.6118118223, "objectid": 97, "SHAPE__Area": 1179463418951.1282 }, "geometry": { "type": "Polygon", "coordinates": [ [ [ 4.163981045297341, 19.04258017864715 ], [ -5.498822156679496, 25.223583553717333 ], [ -5.47680288428265, 22.037966700480975 ], [ -5.417510614663064, 15.498742603685804 ], [ -6.914051532478681, 15.498742603685804 ], [ -12.54436370893608, 15.514133005168878 ], [ -11.362022316338068, 14.493819865405021 ], [ -11.333774451499149, 12.36891977683632 ], [ -9.462960726246344, 12.36891977683632 ], [ -7.920277878584248, 10.692106682933332 ], [ -6.233309998152009, 10.699999998883998 ], [ -5.280662284984476, 10.177139900631468 ], [ -5.289205271776445, 11.869173615790865 ], [ -1.629391879269143, 14.989752451401589 ], [ 0.229350000660709, 14.989669999969195 ], [ 4.138196511554664, 14.992480093293187 ], [ 4.163981045297341, 19.04258017864715 ] ] ] } },
{ "type": "Feature", "properties": { "int_cd": 0, "name_fr": "Oman", "georeg": "ASI", "subreg": "Western Asia", "globalid": "{F61ED6F5-6526-4F6D-8C3C-D18CE8B7A294}", "geo_cd": 142, "objectid_1": 109, "nam_en": "Oman", "lbl_en": "OMAN", "isoclr": "OMN", "stscod": 1, "intreg": " ", "m49_cd": "512", "lbl_fr": "OMAN", "iso2cd": "OM", "iso3cd": "OMN", "sub_cd": 145, "SHAPE__Length": 3089074.4012973215, "objectid": 96, "SHAPE__Area": 336644702686.95422 }, "geometry": { "type": "MultiPolygon", "coordinates": [ [ [ [ 54.124191023776234, 16.781145018102915 ], [ 59.512223233523983, 20.694122418182847 ], [ 59.71701755804073, 22.491357737447277 ], [ 58.359479533355227, 23.765066706943387 ], [ 56.374247627970931, 24.980335749299169 ], [ 56.373968233979532, 24.980152643733014 ], [ 55.08819596943038, 24.135455481639479 ], [ 54.930166392142191, 22.651826003179437 ], [ 54.929925230958766, 22.649514696693892 ], [ 55.61646491967646, 21.995510845093307 ], [ 55.455634252779518, 20.48004115079863 ], [ 53.514167291779373, 18.924756461828796 ], [ 51.558523328888285, 18.923080836996888 ], [ 52.591050954108574, 16.781145018102915 ], [ 54.124191023776234, 16.781145018102915 ] ] ], [ [ [ 56.483625549475725, 25.779878978533265 ], [ 56.568327688377686, 26.374272931159435 ], [ 56.175159910548963, 26.374272931159435 ], [ 56.093908596278716, 25.779896584820921 ], [ 56.483625549475725, 25.779878978533265 ] ] ] ] } },
{ "type": "Feature", "properties": { "int_cd": 0, "name_fr": "Japon", "georeg": "ASI", "subreg": "Eastern Asia", "globalid": "{D15265E9-E9C1-4F0D-A7B2-F92387CE3E51}", "geo_cd": 142, "objectid_1": 110, "nam_en": "Japan", "lbl_en": "JAPAN", "isoclr": "JPN", "stscod": 1, "intreg": " ", "m49_cd": "392", "lbl_fr": "JAPON", "iso2cd": "JP", "iso3cd": "JPN", "sub_cd": 30, "SHAPE__Length": 8115218.7408096371, "objectid": 95, "SHAPE__Area": 465925615741.74359 }, "geometry": { "type": "MultiPolygon", "coordinates": [ [ [ [ 139.574819150213102, 35.391713016359098 ], [ 142.429199057087715, 39.842595553706872 ], [ 141.459115168564722, 41.91742713986126 ], [ 139.418143066150293, 40.884746468524106 ], [ 140.15840354942938, 39.496211898250891 ], [ 138.273794098773436, 37.742395082333964 ], [ 131.012039440980658, 34.4237045858128 ], [ 131.44865987317408, 33.780112480928302 ], [ 134.377337595312213, 35.092372844949963 ], [ 135.831521861555899, 34.678483322936842 ], [ 134.981071967317689, 33.069503060069017 ], [ 139.574819150213102, 35.391713016359098 ] ] ], [ [ [ 128.801332839457814, 27.262468367006196 ], [ 127.626225872302086, 27.275729894050073 ], [ 127.269369125416063, 26.136831613531903 ], [ 128.441347074693141, 26.123570085894887 ], [ 128.801332839457814, 27.262468367006196 ] ] ], [ [ [ 129.609595919013231, 27.853096670858857 ], [ 129.796079127848486, 28.423686084975305 ], [ 129.087325310183957, 28.421198975037935 ], [ 128.901998769598265, 27.850609562435363 ], [ 129.609595919013231, 27.853096670858857 ] ] ], [ [ [ 130.773321524619234, 29.950583576808448 ], [ 130.989192749149765, 30.521172991259974 ], [ 130.275793831956321, 30.518685881483975 ], [ 130.061269679571922, 29.948096467096182 ], [ 130.773321524619234, 29.950583576808448 ] ] ], [ [ [ 139.994253378953744, 32.86283001996636 ], [ 140.268564596533878, 33.433419434240001 ], [ 139.547539812549161, 33.430932324085106 ], [ 139.274809777684567, 32.860342911076998 ], [ 139.994253378953744, 32.86283001996636 ] ] ], [ [ [ 130.537429132891816, 33.828022327338886 ], [ 129.294287398746945, 33.092488492282733 ], [ 129.893849608839616, 32.253520212857978 ], [ 130.447139044262087, 32.586808981754849 ], [ 129.596759926970861, 30.702003529894416 ], [ 130.819262950816949, 30.702003529894416 ], [ 131.567858621247581, 32.356954658337763 ], [ 130.537429132891816, 33.828022327338886 ] ] ], [ [ [ 134.178173585972644, 33.161444789720584 ], [ 133.616058926230835, 33.988920353209771 ], [ 132.076979598364289, 33.083050794875938 ], [ 132.671491558998838, 32.265012928504731 ], [ 134.178173585972644, 33.161444789720584 ] ] ], [ [ [ 139.506403472502029, 34.124323786121323 ], [ 139.797884204537411, 34.694913200126109 ], [ 139.073197239352965, 34.692426090331232 ], [ 138.783408271416903, 34.121836677337505 ], [ 139.506403472502029, 34.124323786121323 ] ] ], [ [ [ 142.979455419882271, 45.705284710779665 ], [ 141.206295825540565, 44.862563543440928 ], [ 141.617785685640513, 43.813261606529274 ], [ 139.523228156223752, 42.789015020758711 ], [ 140.117548758579858, 41.453244917578267 ], [ 141.380055035493001, 42.091645640918138 ], [ 141.193159781553646, 42.509972064992411 ], [ 144.85574231089916, 42.509972064992411 ], [ 146.460534950172644, 43.289285059002601 ], [ 145.976209800271505, 44.582573471699995 ], [ 143.803254536024014, 43.548300675653017 ], [ 142.979455419882271, 45.705284710779665 ] ] ] ] } },
{ "type": "Feature", "properties": { "int_cd": 11, "name_fr": "Niger", "georeg": "AFR", "subreg": "Sub-Saharan Africa", "globalid": "{0370FD24-5F2E-4709-812A-125672C32AD8}", "geo_cd": 2, "objectid_1": 111, "nam_en": "Niger", "lbl_en": "NIGER", "isoclr": "NER", "stscod": 1, "intreg": "Western Africa", "m49_cd": "562", "lbl_fr": "NIGER", "iso2cd": "NE", "iso3cd": "NER", "sub_cd": 202, "SHAPE__Length": 5207214.48512288, "objectid": 94, "SHAPE__Area": 1145954109277.4651 }, "geometry": { "type": "Polygon", "coordinates": [ [ [ 11.998500001087491, 23.512695998136447 ], [ 11.559930670109122, 23.896012989955633 ], [ 4.163981045297341, 19.04258017864715 ], [ 4.138196511554664, 14.992480093293187 ], [ 0.229350000660709, 14.989669999969195 ], [ 2.088009731063745, 12.758573815622933 ], [ 2.083946454461115, 11.500150973806207 ], [ 3.857357195413861, 12.851689792511051 ], [ 5.068166345725048, 13.772663364969249 ], [ 13.484058436980074, 13.772843621530367 ], [ 13.51564889217914, 15.316488341898118 ], [ 15.072396295611913, 16.652135266778764 ], [ 15.141231160718638, 19.408685279720896 ], [ 16.19255857566198, 20.228654363352817 ], [ 15.187668196422679, 21.113766361520806 ], [ 15.25668969498432, 23.514240017595487 ], [ 11.998500001087491, 23.512695998136447 ] ] ] } },
{ "type": "Feature", "properties": { "int_cd": 17, "name_fr": "Tchad", "georeg": "AFR", "subreg": "Sub-Saharan Africa", "globalid": "{A5DC1C89-BFDC-45B4-9335-DE8EFD0612B0}", "geo_cd": 2, "objectid_1": 112, "nam_en": "Chad", "lbl_en": "CHAD", "isoclr": "TCD", "stscod": 1, "intreg": "Middle Africa", "m49_cd": "148", "lbl_fr": "TCHAD", "iso2cd": "TD", "iso3cd": "TCD", "sub_cd": 202, "SHAPE__Length": 5429100.9933068631, "objectid": 93, "SHAPE__Area": 1303709414107.0068 }, "geometry": { "type": "Polygon", "coordinates": [ [ [ 24.083395253220079, 19.208184636258359 ], [ 15.943928534147854, 23.514565691386707 ], [ 15.25668969498432, 23.514240017595487 ], [ 15.187668196422679, 21.113766361520806 ], [ 16.19255857566198, 20.228654363352817 ], [ 15.141231160718638, 19.408685279720896 ], [ 15.072396295611913, 16.652135266778764 ], [ 13.51564889217914, 15.316488341898118 ], [ 13.484058436980074, 13.772843621530367 ], [ 14.916449538066201, 12.255398703215276 ], [ 14.883496152735805, 9.956439849543573 ], [ 14.173690440317506, 9.954332970326334 ], [ 14.163691203063381, 8.724181162078349 ], [ 15.507479997740676, 7.527470000098983 ], [ 17.109659435296717, 7.528753904583099 ], [ 19.166471873776509, 9.319683781728591 ], [ 20.297052639662567, 9.319683781728591 ], [ 22.00449989824363, 10.79742080427817 ], [ 23.319811506433343, 10.797721181850042 ], [ 23.328665867769399, 11.196244939787473 ], [ 22.23278996951521, 12.182790706245125 ], [ 22.291816616166734, 14.4651634540953 ], [ 23.957584718583629, 15.884711655507807 ], [ 24.083395253220079, 19.208184636258359 ] ] ] } },
{ "type": "Feature", "properties": { "int_cd": 29, "name_fr": "Cuba", "georeg": "AME", "subreg": "Latin America and the Caribbean", "globalid": "{ED6C6E38-299C-4CB7-9EC3-AD2743FACB93}", "geo_cd": 19, "objectid_1": 113, "nam_en": "Cuba", "lbl_en": "CUBA", "isoclr": "CUB", "stscod": 1, "intreg": "Caribbean", "m49_cd": "192", "lbl_fr": "CUBA", "iso2cd": "CU", "iso3cd": "CUB", "sub_cd": 419, "SHAPE__Length": 2510295.4930141964, "objectid": 91, "SHAPE__Area": 136803098116.44286 }, "geometry": { "type": "MultiPolygon", "coordinates": [ [ [ [ -78.938168598693935, 23.097318570627227 ], [ -83.653525811207516, 23.097318570627227 ], [ -84.721286419889751, 22.03608587542891 ], [ -83.866253036272141, 22.03608587542891 ], [ -79.627993592568103, 22.03608587542891 ], [ -78.183543439463278, 20.924318288404997 ], [ -78.079094436209502, 20.166294934764082 ], [ -74.292022538229304, 20.166294934764082 ], [ -75.788327534451682, 21.328597410944059 ], [ -76.634881347823267, 21.328597410944059 ], [ -78.938168598693935, 23.097318570627227 ] ] ], [ [ [ -82.490458986641698, 21.177444459880139 ], [ -82.590259768291304, 21.748033873881528 ], [ -83.287168085060458, 21.745546763934197 ], [ -83.186652481356546, 21.174957350476877 ], [ -82.490458986641698, 21.177444459880139 ] ] ] ] } },
{ "type": "Feature", "properties": { "int_cd": 0, "name_fr": "Israël", "georeg": "ASI", "subreg": "Western Asia", "globalid": "{621DD387-D490-4960-A068-FDCDF7A5ED59}", "geo_cd": 142, "objectid_1": 149, "nam_en": "Israel", "lbl_en": "ISRAEL", "isoclr": "ISR", "stscod": 1, "intreg": " ", "m49_cd": "376", "lbl_fr": "ISRAËL", "iso2cd": "IL", "iso3cd": "ISR", "sub_cd": 145, "SHAPE__Length": 1320402.7976130238, "objectid": 111, "SHAPE__Area": 36167803423.495453 }, "geometry": { "type": "Polygon", "coordinates": [ [ [ 35.452797910708234, 33.335295816017101 ], [ 34.44559954602839, 33.336550610278032 ], [ 34.21522278340781, 31.49520580930211 ], [ 34.167815715408501, 31.094942442221555 ], [ 33.703737010023488, 31.094506176193129 ], [ 34.920045265726692, 28.804429594806034 ], [ 35.206572439185358, 31.359974087981904 ], [ 34.77144968314937, 31.360340412442724 ], [ 34.918985126427486, 32.565608049400318 ], [ 35.351428705140293, 32.565607472489546 ], [ 35.354395566354235, 32.565606140962664 ], [ 35.452797910708234, 33.335295816017101 ] ] ] } },
{ "type": "Feature", "properties": { "int_cd": 0, "name_fr": "Soudan", "georeg": "AFR", "subreg": "Northern Africa", "globalid": "{A9D6AC11-3525-4A92-BF3D-437993F5B880}", "geo_cd": 2, "objectid_1": 114, "nam_en": "Sudan", "lbl_en": "SUDAN", "isoclr": "SDN", "stscod": 1, "intreg": " ", "m49_cd": "729", "lbl_fr": "SOUDAN", "iso2cd": "SD", "iso3cd": "SDN", "sub_cd": 15, "SHAPE__Length": 6645067.5887215789, "objectid": 92, "SHAPE__Area": 1839960265455.6516 }, "geometry": { "type": "Polygon", "coordinates": [ [ [ 34.088205195577807, 21.773535855183962 ], [ 34.032093886856835, 21.564382333575892 ], [ 33.657878757069859, 21.468954942578517 ], [ 33.229152685541727, 21.77351397600286 ], [ 24.878936273469158, 21.773301297330161 ], [ 24.786406355751541, 19.950702986223234 ], [ 24.105704583328038, 19.950702986223234 ], [ 24.083395253220079, 19.208184636258359 ], [ 23.957584718583629, 15.884711655507807 ], [ 22.291816616166734, 14.4651634540953 ], [ 22.23278996951521, 12.182790706245125 ], [ 23.328665867769399, 11.196244939787473 ], [ 23.319811506433343, 10.797721181850042 ], [ 23.272940049283189, 8.659290827795296 ], [ 23.880031974380493, 8.659404284110487 ], [ 24.577831995277638, 8.659534692824439 ], [ 24.607347666412664, 10.185100565570098 ], [ 25.666562399390656, 10.185100565570098 ], [ 26.515793794878437, 9.532147283999352 ], [ 29.526901941924848, 9.531286620313598 ], [ 29.540650100206868, 10.078236843384728 ], [ 30.491143716768448, 10.093099814227196 ], [ 30.792877196339273, 9.748537062676654 ], [ 31.627161128709439, 9.749224601827105 ], [ 32.444993917634349, 10.779476880074439 ], [ 32.482906240847782, 11.946616303254268 ], [ 33.209568404787674, 11.943175917266069 ], [ 33.160092996150048, 10.482075403906231 ], [ 33.788669888071809, 10.482288722927144 ], [ 33.760421116258883, 9.491661532997401 ], [ 34.116535168191376, 9.498845731175621 ], [ 34.158059096383873, 10.759664336206248 ], [ 36.065819489061113, 12.384292927433842 ], [ 36.114328088996672, 13.573045555758622 ], [ 36.913441227156156, 14.246672044784678 ], [ 37.018757173206772, 16.346801687674461 ], [ 37.052814345980174, 16.960990545364574 ], [ 38.267409380104048, 17.967263119581609 ], [ 36.888804629091617, 19.236050397270038 ], [ 37.061647213029325, 21.773611587775065 ], [ 34.088205195577807, 21.773535855183962 ] ] ] } },
{ "type": "Feature", "properties": { "int_cd": 0, "name_fr": " ", "georeg": "AFR", "subreg": "Northern Africa", "globalid": "{EA2686E8-742C-409E-9A06-653874681F8E}", "geo_cd": 2, "objectid_1": 238, "nam_en": " ", "lbl_en": " ", "isoclr": "EGY", "stscod": 99, "intreg": " ", "m49_cd": "818", "lbl_fr": " ", "iso2cd": "EG", "iso3cd": "EGY", "sub_cd": 15, "SHAPE__Length": 196913.34169101287, "objectid": 247, "SHAPE__Area": 1926584986.2997792 }, "geometry": { "type": "Polygon", "coordinates": [ [ [ 33.229152685541727, 21.77351397600286 ], [ 33.657878757069859, 21.468954942578517 ], [ 34.032093886856835, 21.564382333575892 ], [ 34.088205195577807, 21.773535855183962 ], [ 33.229152685541727, 21.77351397600286 ] ] ] } },
{ "type": "Feature", "properties": { "int_cd": 29, "name_fr": "Antigua-et-Barbuda", "georeg": "AME", "subreg": "Latin America and the Caribbean", "globalid": "{D229F8BF-CFBB-4225-A147-12C4A664EB5B}", "geo_cd": 19, "objectid_1": 116, "nam_en": "Antigua and Barbuda", "lbl_en": "ANTIGUA AND BARBUDA", "isoclr": "ATG", "stscod": 1, "intreg": "Caribbean", "m49_cd": "028", "lbl_fr": "ANTIGUA-ET-BARBUDA", "iso2cd": "AG", "iso3cd": "ATG", "sub_cd": 419, "SHAPE__Length": 273544.23440522462, "objectid": 80, "SHAPE__Area": 4654314401.0154524 }, "geometry": { "type": "Polygon", "coordinates": [ [ [ -61.319968166215574, 17.075665966740104 ], [ -61.384038813773294, 17.641988352105887 ], [ -62.077359514861037, 17.643443796575113 ], [ -62.011438904120496, 17.073178857142498 ], [ -61.319968166215574, 17.075665966740104 ] ] ] } },
{ "type": "Feature", "properties": { "int_cd": 11, "name_fr": "Sénégal", "georeg": "AFR", "subreg": "Sub-Saharan Africa", "globalid": "{A2737A70-DA48-4954-A159-F12FC383DAE6}", "geo_cd": 2, "objectid_1": 117, "nam_en": "Senegal", "lbl_en": "SENEGAL", "isoclr": "SEN", "stscod": 1, "intreg": "Western Africa", "m49_cd": "686", "lbl_fr": "SÉNÉGAL", "iso2cd": "SN", "iso3cd": "SEN", "sub_cd": 202, "SHAPE__Length": 2621359.5112878061, "objectid": 79, "SHAPE__Area": 203316703038.36697 }, "geometry": { "type": "Polygon", "coordinates": [ [ [ -12.54436370893608, 15.514133005168878 ], [ -13.669678823183855, 16.480515069664175 ], [ -16.39854980045574, 16.480515069664175 ], [ -16.385371700302269, 15.855535111206212 ], [ -17.46804590709284, 14.88967360103481 ], [ -16.343843766990069, 13.923812089968228 ], [ -16.336368315964208, 13.56093689933139 ], [ -12.591359889654177, 13.56093689933139 ], [ -12.582073053345029, 12.921739312250988 ], [ -16.323992126466258, 12.921739312250988 ], [ -16.314100537945432, 12.36891977683632 ], [ -12.535033791222377, 12.36891977683632 ], [ -11.333774451499149, 12.36891977683632 ], [ -11.362022316338068, 14.493819865405021 ], [ -12.54436370893608, 15.514133005168878 ] ] ] } },
{ "type": "Feature", "properties": { "int_cd": 13, "name_fr": "Honduras", "georeg": "AME", "subreg": "Latin America and the Caribbean", "globalid": "{835D7104-9375-4A18-B820-D7CD143396B6}", "geo_cd": 19, "objectid_1": 118, "nam_en": "Honduras", "lbl_en": "HONDURAS", "isoclr": "HND", "stscod": 1, "intreg": "Central America", "m49_cd": "340", "lbl_fr": "HONDURAS", "iso2cd": "HN", "iso3cd": "HND", "sub_cd": 419, "SHAPE__Length": 1501467.5202619645, "objectid": 78, "SHAPE__Area": 99003072456.496674 }, "geometry": { "type": "Polygon", "coordinates": [ [ [ -83.647392533699261, 15.452078014064798 ], [ -84.187319252150488, 15.897857787701728 ], [ -87.556178998703857, 15.893746216120316 ], [ -87.970992002667771, 15.48890151965781 ], [ -89.148591287216092, 14.346616189202967 ], [ -87.283047829754551, 14.351404084634781 ], [ -87.202108965869186, 13.548518345650445 ], [ -87.174529795361892, 13.280810678253562 ], [ -86.355218562244545, 13.280810678253562 ], [ -84.92356405858115, 14.660647642543337 ], [ -83.557441126606875, 14.66091271949017 ], [ -83.647392533699261, 15.452078014064798 ] ] ] } },
{ "type": "Feature", "properties": { "int_cd": 29, "name_fr": "Dominique", "georeg": "AME", "subreg": "Latin America and the Caribbean", "globalid": "{5C9AE82E-D9D9-4A54-A8A2-7AC99E134296}", "geo_cd": 19, "objectid_1": 119, "nam_en": "Dominica", "lbl_en": "DOMINICA", "isoclr": "DMA", "stscod": 1, "intreg": "Caribbean", "m49_cd": "212", "lbl_fr": "DOMINIQUE", "iso2cd": "DM", "iso3cd": "DMA", "sub_cd": 419, "SHAPE__Length": 275409.37949367036, "objectid": 77, "SHAPE__Area": 4716526181.0693054 }, "geometry": { "type": "Polygon", "coordinates": [ [ [ -60.804923431901827, 15.170093335994117 ], [ -60.860619012867659, 15.741275289210208 ], [ -61.554478189139921, 15.742128434189576 ], [ -61.494741545057174, 15.171539020483506 ], [ -60.804923431901827, 15.170093335994117 ] ] ] } },
{ "type": "Feature", "properties": { "int_cd": 11, "name_fr": "Burkina Faso", "georeg": "AFR", "subreg": "Sub-Saharan Africa", "globalid": "{E62504B2-19F0-47BA-BF15-F7C1F99C860D}", "geo_cd": 2, "objectid_1": 120, "nam_en": "Burkina Faso", "lbl_en": "BURKINA FASO", "isoclr": "BFA", "stscod": 1, "intreg": "Western Africa", "m49_cd": "854", "lbl_fr": "BURKINA FASO", "iso2cd": "BF", "iso3cd": "BFA", "sub_cd": 202, "SHAPE__Length": 2258094.935320837, "objectid": 76, "SHAPE__Area": 275946047892.77704 }, "geometry": { "type": "Polygon", "coordinates": [ [ [ 0.229350000660709, 14.989669999969195 ], [ -1.629391879269143, 14.989752451401589 ], [ -5.289205271776445, 11.869173615790865 ], [ -5.280662284984476, 10.177139900631468 ], [ -2.93416072110859, 10.17700840760301 ], [ -2.940202183985924, 11.133506783288295 ], [ -0.134432653577632, 11.133506783288295 ], [ 0.975312012474424, 11.133506783288295 ], [ 1.603469369484612, 11.133506783288295 ], [ 2.083946454461115, 11.500150973806207 ], [ 2.088009731063745, 12.758573815622933 ], [ 0.229350000660709, 14.989669999969195 ] ] ] } },
{ "type": "Feature", "properties": { "int_cd": 11, "name_fr": "Cabo Verde", "georeg": "AFR", "subreg": "Sub-Saharan Africa", "globalid": "{B5257391-745D-4A52-BFA6-C4858F476B01}", "geo_cd": 2, "objectid_1": 121, "nam_en": "Cabo Verde", "lbl_en": "CABO VERDE", "isoclr": "CPV", "stscod": 1, "intreg": "Western Africa", "m49_cd": "132", "lbl_fr": "CABO VERDE", "iso2cd": "CV", "iso3cd": "CPV", "sub_cd": 202, "SHAPE__Length": 1099650.8471403115, "objectid": 75, "SHAPE__Area": 18800173436.0182 }, "geometry": { "type": "MultiPolygon", "coordinates": [ [ [ [ -24.35186862966524, 14.527047168067792 ], [ -24.380785271301658, 15.09763658105271 ], [ -25.0704461743323, 15.095149470977374 ], [ -25.041024810461185, 14.52456005790653 ], [ -24.35186862966524, 14.527047168067792 ] ] ], [ [ [ -23.181604677937283, 14.627199733931175 ], [ -23.209903888781174, 15.197789148254365 ], [ -23.899660968940548, 15.195302037888919 ], [ -23.870851780976079, 14.624712625198571 ], [ -23.181604677937283, 14.627199733931175 ] ] ], [ [ [ -24.538185463340728, 16.530717838391343 ], [ -24.571584554296898, 17.101307251126673 ], [ -25.263223052685753, 17.098820141376763 ], [ -25.229232118282496, 16.528230728652069 ], [ -24.538185463340728, 16.530717838391343 ] ] ], [ [ [ -22.496531504959556, 15.706011833197177 ], [ -22.526596535609588, 16.276601246098583 ], [ -23.217394213729868, 16.274114136430089 ], [ -23.186770018523685, 15.703524722991606 ], [ -22.496531504959556, 15.706011833197177 ] ] ] ] } },
{ "type": "Feature", "properties": { "int_cd": 13, "name_fr": "Nicaragua", "georeg": "AME", "subreg": "Latin America and the Caribbean", "globalid": "{1E0A3D42-C74A-4799-B517-D0DB49F32A61}", "geo_cd": 19, "objectid_1": 122, "nam_en": "Nicaragua", "lbl_en": "NICARAGUA", "isoclr": "NIC", "stscod": 1, "intreg": "Central America", "m49_cd": "558", "lbl_fr": "NICARAGUA", "iso2cd": "NI", "iso3cd": "NIC", "sub_cd": 419, "SHAPE__Length": 1655284.5086511644, "objectid": 73, "SHAPE__Area": 141338936554.9462 }, "geometry": { "type": "Polygon", "coordinates": [ [ [ -83.210222285139267, 10.926935799252028 ], [ -83.557441126606875, 14.66091271949017 ], [ -84.92356405858115, 14.660647642543337 ], [ -86.355218562244545, 13.280810678253562 ], [ -87.174529795361892, 13.280810678253562 ], [ -86.981585224377696, 11.195778769396263 ], [ -86.082398025364583, 10.459237949597536 ], [ -85.278596225135843, 11.219171920939743 ], [ -84.446864198026503, 11.219171920939743 ], [ -84.090584993640292, 10.926971151002995 ], [ -83.210222285139267, 10.926935799252028 ] ] ] } },
{ "type": "Feature", "properties": { "int_cd": 0, "name_fr": "Cambodge", "georeg": "ASI", "subreg": "South-eastern Asia", "globalid": "{C8ED8ADE-8C2B-4FE0-BA79-74D70A6845B1}", "geo_cd": 142, "objectid_1": 123, "nam_en": "Cambodia", "lbl_en": "CAMBODIA", "isoclr": "KHM", "stscod": 1, "intreg": " ", "m49_cd": "116", "lbl_fr": "CAMBODGE", "iso2cd": "KH", "iso3cd": "KHM", "sub_cd": 35, "SHAPE__Length": 1867304.6004526999, "objectid": 72, "SHAPE__Area": 224961874345.25818 }, "geometry": { "type": "Polygon", "coordinates": [ [ [ 108.322900070824446, 12.514660971325407 ], [ 108.589375186041536, 14.59248357438867 ], [ 107.057279557049284, 14.59248357438867 ], [ 104.861275820292349, 14.59248357438867 ], [ 103.150435700209243, 14.59248357438867 ], [ 102.848172294107258, 12.067817400370545 ], [ 102.807843893686368, 11.687716948468989 ], [ 104.854177734988241, 10.144949798891922 ], [ 108.322900070824446, 12.514660971325407 ] ] ] } },
{ "type": "Feature", "properties": { "int_cd": 13, "name_fr": "El Salvador", "georeg": "AME", "subreg": "Latin America and the Caribbean", "globalid": "{96B1E772-5926-416B-92AB-F32352E1CCEE}", "geo_cd": 19, "objectid_1": 124, "nam_en": "El Salvador", "lbl_en": "EL SALVADOR", "isoclr": "SLV", "stscod": 1, "intreg": "Central America", "m49_cd": "222", "lbl_fr": "EL SALVADOR", "iso2cd": "SV", "iso3cd": "SLV", "sub_cd": 419, "SHAPE__Length": 672118.21179235063, "objectid": 71, "SHAPE__Area": 22329068563.071438 }, "geometry": { "type": "Polygon", "coordinates": [ [ [ -87.202108965869186, 13.548518345650445 ], [ -87.283047829754551, 14.351404084634781 ], [ -89.148591287216092, 14.346616189202967 ], [ -89.97696692863903, 13.548518345650445 ], [ -87.202108965869186, 13.548518345650445 ] ] ] } },
{ "type": "Feature", "properties": { "int_cd": 14, "name_fr": "Éthiopie", "georeg": "AFR", "subreg": "Sub-Saharan Africa", "globalid": "{399CAFAB-5724-4045-A213-571C1F1D0134}", "geo_cd": 2, "objectid_1": 125, "nam_en": "Ethiopia", "lbl_en": "ETHIOPIA", "isoclr": "ETH", "stscod": 1, "intreg": "Eastern Africa", "m49_cd": "231", "lbl_fr": "ÉTHIOPIE", "iso2cd": "ET", "iso3cd": "ETH", "sub_cd": 202, "SHAPE__Length": 4559238.4700920107, "objectid": 70, "SHAPE__Area": 1119101891380.4468 }, "geometry": { "type": "Polygon", "coordinates": [ [ [ 42.415765077391931, 12.443290777342963 ], [ 40.317039895439876, 14.246672044784678 ], [ 39.493709574969067, 14.246672044784678 ], [ 36.913441227156156, 14.246672044784678 ], [ 36.114328088996672, 13.573045555758622 ], [ 36.065819489061113, 12.384292927433842 ], [ 34.158059096383873, 10.759664336206248 ], [ 34.116535168191376, 9.498845731175621 ], [ 34.096889770796402, 8.56047197386796 ], [ 33.608080847513506, 7.686813550070768 ], [ 35.947699998831268, 4.620000000707311 ], [ 35.994749091904616, 4.558338126788377 ], [ 37.138621096057904, 4.558338126788377 ], [ 37.458896220479161, 4.271056241849917 ], [ 38.06703167824336, 3.726211286716228 ], [ 39.862763482822473, 3.726211286716228 ], [ 40.316183292783933, 3.983774356314855 ], [ 41.910118998997987, 3.982318999901373 ], [ 42.69579276479471, 3.983774356314855 ], [ 44.874197465788839, 4.934711015707644 ], [ 47.921925577225863, 8.045345835218001 ], [ 46.076948135752616, 8.045345835218001 ], [ 43.192473004916458, 9.333161182118866 ], [ 43.25314120795764, 10.954482657936328 ], [ 43.253458093833018, 10.96217239443016 ], [ 41.809696554552708, 10.957789774149001 ], [ 41.872863779320653, 12.443730559069577 ], [ 42.415765077391931, 12.443290777342963 ] ] ] } },
{ "type": "Feature", "properties": { "int_cd": 29, "name_fr": "Sainte-Lucie", "georeg": "AME", "subreg": "Latin America and the Caribbean", "globalid": "{E286523D-A95D-4721-A3F5-EFCA4534A678}", "geo_cd": 19, "objectid_1": 126, "nam_en": "Saint Lucia", "lbl_en": "SAINT LUCIA", "isoclr": "LCA", "stscod": 1, "intreg": "Caribbean", "m49_cd": "662", "lbl_fr": "SAINTE-LUCIE", "iso2cd": "LC", "iso3cd": "LCA", "sub_cd": 419, "SHAPE__Length": 275067.26496619679, "objectid": 69, "SHAPE__Area": 4703858979.6588163 }, "geometry": { "type": "Polygon", "coordinates": [ [ [ -60.662812383094966, 13.582971547202508 ], [ -60.711660075853153, 14.150942037415147 ], [ -61.400762683145317, 14.151652116670308 ], [ -61.349443111706648, 13.582775125067407 ], [ -60.662812383094966, 13.582971547202508 ] ] ] } },
{ "type": "Feature", "properties": { "int_cd": 11, "name_fr": "Nigéria", "georeg": "AFR", "subreg": "Sub-Saharan Africa", "globalid": "{CFA88E0E-ACE9-4C45-9CF4-BFF39BBDC90E}", "geo_cd": 2, "objectid_1": 127, "nam_en": "Nigeria", "lbl_en": "NIGERIA", "isoclr": "NGA", "stscod": 1, "intreg": "Western Africa", "m49_cd": "566", "lbl_fr": "NIGÉRIA", "iso2cd": "NG", "iso3cd": "NGA", "sub_cd": 202, "SHAPE__Length": 4132445.8302548644, "objectid": 68, "SHAPE__Area": 966531238273.94507 }, "geometry": { "type": "Polygon", "coordinates": [ [ [ 14.916449538066201, 12.255398703215276 ], [ 13.484058436980074, 13.772843621530367 ], [ 5.068166345725048, 13.772663364969249 ], [ 3.857357195413861, 12.851689792511051 ], [ 3.839202305513054, 9.772523141965179 ], [ 3.021901764120369, 9.055247978947136 ], [ 3.016143920492853, 5.744747229943871 ], [ 3.912429473833875, 5.744747229943871 ], [ 6.00833958291537, 4.343407037976146 ], [ 8.912030413178835, 4.346418359084939 ], [ 8.919067194971451, 5.928663937532368 ], [ 10.470886531369977, 7.289647579509647 ], [ 11.031199931444092, 6.793072466790479 ], [ 13.049746172675228, 8.558672866950522 ], [ 13.07190955623143, 10.655323341140896 ], [ 14.916449538066201, 12.255398703215276 ] ] ] } },
{ "type": "Feature", "properties": { "int_cd": 11, "name_fr": "Gambie", "georeg": "AFR", "subreg": "Sub-Saharan Africa", "globalid": "{EEF5ED24-092A-4F57-B9D0-7F4C4B84C7A2}", "geo_cd": 2, "objectid_1": 128, "nam_en": "Gambia", "lbl_en": "GAMBIA", "isoclr": "GMB", "stscod": 1, "intreg": "Western Africa", "m49_cd": "270", "lbl_fr": "GAMBIE", "iso2cd": "GM", "iso3cd": "GMB", "sub_cd": 202, "SHAPE__Length": 862155.78283492697, "objectid": 67, "SHAPE__Area": 28863201753.333775 }, "geometry": { "type": "Polygon", "coordinates": [ [ [ -12.582073053345029, 12.921739312250988 ], [ -12.591359889654177, 13.56093689933139 ], [ -16.336368315964208, 13.56093689933139 ], [ -16.323992126466258, 12.921739312250988 ], [ -12.582073053345029, 12.921739312250988 ] ] ] } },
{ "type": "Feature", "properties": { "int_cd": 29, "name_fr": "Saint-Vincent-et-les-Grenadines", "georeg": "AME", "subreg": "Latin America and the Caribbean", "globalid": "{59781DC0-256D-4BA4-A096-2FBA50F1589B}", "geo_cd": 19, "objectid_1": 129, "nam_en": "Saint Vincent and the Grenadines", "lbl_en": "SAINT VINCENT AND THE GRENADINES", "isoclr": "VCT", "stscod": 1, "intreg": "Caribbean", "m49_cd": "670", "lbl_fr": "SAINT-VINCENT-ET-LES-GRENADINES", "iso2cd": "VC", "iso3cd": "VCT", "sub_cd": 419, "SHAPE__Length": 275771.01180119708, "objectid": 66, "SHAPE__Area": 4727321813.1628895 }, "geometry": { "type": "Polygon", "coordinates": [ [ [ -60.896146866525044, 12.887753847147504 ], [ -60.942595388142152, 13.455724337215459 ], [ -61.631117994980947, 13.456434416454169 ], [ -61.584160506590869, 12.885988069201607 ], [ -60.896146866525044, 12.887753847147504 ] ] ] } },
{ "type": "Feature", "properties": { "int_cd": 0, "name_fr": "Türkiye", "georeg": "ASI", "subreg": "Western Asia", "globalid": "{9A297C64-7930-4705-AAC7-3F693C17DD2D}", "geo_cd": 142, "objectid_1": 130, "nam_en": "Türkiye", "lbl_en": "TÜRKİYE", "isoclr": "TUR", "stscod": 1, "intreg": " ", "m49_cd": "792", "lbl_fr": "TÜRKİYE", "iso2cd": "TR", "iso3cd": "TUR", "sub_cd": 145, "SHAPE__Length": 4369715.6752785305, "objectid": 129, "SHAPE__Area": 667636028704.71619 }, "geometry": { "type": "MultiPolygon", "coordinates": [ [ [ [ 35.107918770408986, 41.581128067312676 ], [ 31.887211702466864, 41.581128067312676 ], [ 31.29466900682495, 41.156088299687539 ], [ 28.601527995682169, 41.156088300591527 ], [ 27.557678498440168, 40.393659434576826 ], [ 27.190075685429523, 37.602648503188711 ], [ 28.021947666859113, 36.8360516008674 ], [ 36.125039928587697, 36.832675889829311 ], [ 36.070586929646119, 36.478161432833531 ], [ 37.540409203250043, 37.542756927007105 ], [ 41.990434150450191, 37.542756927007105 ], [ 43.946737077063581, 37.544490729116433 ], [ 44.464949163810893, 40.007452346458294 ], [ 43.46100052734603, 40.007452347352505 ], [ 43.719842299319318, 41.156088299687539 ], [ 42.312064045550144, 41.156088299687539 ], [ 41.546967167548061, 41.156088299687539 ], [ 35.548607645766133, 41.156088299687539 ], [ 35.107918770408986, 41.581128067312676 ] ] ], [ [ [ 27.031470517015624, 40.792325873429121 ], [ 28.874416855082448, 42.128663499462732 ], [ 28.264021083069299, 42.698436184674961 ], [ 27.009038315957874, 41.785956091775006 ], [ 26.866595656090517, 40.792325873429121 ], [ 27.031470517015624, 40.792325873429121 ] ] ] ] } },
{ "type": "Feature", "properties": { "int_cd": 0, "name_fr": "Portugal", "georeg": "EUR", "subreg": "Southern Europe", "globalid": "{88FEE042-4D80-42C5-A7D2-57FBFCFC5788}", "geo_cd": 150, "objectid_1": 131, "nam_en": "Portugal", "lbl_en": "PORTUGAL", "isoclr": "PRT", "stscod": 1, "intreg": " ", "m49_cd": "620", "lbl_fr": "PORTUGAL", "iso2cd": "PT", "iso3cd": "PRT", "sub_cd": 39, "SHAPE__Length": 2787653.1400593016, "objectid": 130, "SHAPE__Area": 126890278563.66557 }, "geometry": { "type": "MultiPolygon", "coordinates": [ [ [ [ -6.99365014521663, 36.822351056997647 ], [ -7.166827209847489, 41.821265898711495 ], [ -9.408539282409906, 41.821265898711495 ], [ -9.32236290037738, 39.992055280962951 ], [ -9.184705040106186, 36.822351057867323 ], [ -8.465397764948515, 36.822351056997647 ], [ -6.99365014521663, 36.822351056997647 ] ] ], [ [ [ -16.523845016479036, 32.365614938310259 ], [ -16.584253522031357, 32.936204352806236 ], [ -17.302448923884835, 32.933717243128342 ], [ -17.240548226510182, 32.363127829025807 ], [ -16.523845016479036, 32.365614938310259 ] ] ], [ [ [ -25.085010536621571, 37.541929463578569 ], [ -25.18273354897244, 38.114487074593427 ], [ -25.916491142126315, 38.111990925243148 ], [ -25.816854195594409, 37.539434239911323 ], [ -25.085010536621571, 37.541929463578569 ] ] ], [ [ [ -27.773327904888582, 38.103082206077886 ], [ -27.880473824894999, 38.675847931742872 ], [ -28.616125224393315, 38.673350875038082 ], [ -28.5070168943205, 38.10058607605098 ], [ -27.773327904888582, 38.103082206077886 ] ] ], [ [ [ -26.685823981016018, 38.368195099500412 ], [ -26.791133795186848, 38.941059200163465 ], [ -27.527724480274301, 38.938561714268431 ], [ -27.420428394001632, 38.365698540607127 ], [ -26.685823981016018, 38.368195099500412 ] ] ], [ [ [ -30.802814075968236, 39.105316996344506 ], [ -30.922695837604053, 39.678454797396682 ], [ -31.661868702785728, 39.675956118063212 ], [ -31.539935639707043, 39.102819245228282 ], [ -30.802814075968236, 39.105316996344506 ] ] ] ] } },
{ "type": "Feature", "properties": { "int_cd": 0, "name_fr": "Italie", "georeg": "EUR", "subreg": "Southern Europe", "globalid": "{E4C19F52-B428-4E6D-A816-626C9EBCA2F3}", "geo_cd": 150, "objectid_1": 132, "nam_en": "Italy", "lbl_en": "ITALY", "isoclr": "ITA", "stscod": 1, "intreg": " ", "m49_cd": "380", "lbl_fr": "ITALIE", "iso2cd": "IT", "iso3cd": "ITA", "sub_cd": 39, "SHAPE__Length": 5577347.4325761097, "objectid": 128, "SHAPE__Area": 340169084898.4527 }, "geometry": { "type": "MultiPolygon", "coordinates": [ [ [ [ 13.530421529908661, 46.547441239459722 ], [ 13.317186738012031, 46.709827615978753 ], [ 10.214631744003883, 46.709827615978753 ], [ 10.193240525836115, 46.374424664422243 ], [ 9.27990350343344, 46.374424664422243 ], [ 8.875816342758474, 46.064130640465827 ], [ 8.535531202185046, 46.349591800780154 ], [ 8.149016522893522, 46.051724155757434 ], [ 7.268402189211272, 46.051724155757434 ], [ 7.044637421559127, 46.237993282559742 ], [ 6.94894203590758, 43.964278787881959 ], [ 6.948941836653396, 43.964274085135287 ], [ 6.931424318978637, 43.557512045420857 ], [ 7.522594049668201, 43.5572263721266 ], [ 9.0762535540148, 44.762818442345093 ], [ 10.853271491884138, 43.256199287587101 ], [ 10.829983546002907, 42.8801234423265 ], [ 12.15896054459302, 41.741549308222815 ], [ 12.161398476806223, 42.121435673569714 ], [ 12.701258169386458, 42.121435673569714 ], [ 12.697420896947806, 41.707675252001302 ], [ 12.198285407854462, 41.707675252001302 ], [ 12.197797033526726, 41.707675252001302 ], [ 13.315720992143364, 40.740884149521733 ], [ 14.873121250915407, 40.740884149521733 ], [ 14.835865740873224, 40.254029141452641 ], [ 16.031945698661005, 39.208346376265197 ], [ 15.069102043131288, 38.462326766883585 ], [ 15.792539515892221, 37.828493385703595 ], [ 17.723406385971057, 39.320280423481201 ], [ 16.960807156253022, 39.992055280962951 ], [ 17.450276860246241, 40.366346096676402 ], [ 18.169245053892709, 39.730774745253463 ], [ 18.807408058367024, 40.216594713320433 ], [ 16.431639715434951, 42.316442149153374 ], [ 14.824681743390141, 42.320235293690736 ], [ 12.775116307401973, 44.094682821594489 ], [ 12.771083015812358, 43.715409595227527 ], [ 12.226314446778082, 43.715409595227527 ], [ 12.229323188406605, 44.130528801956238 ], [ 12.733352986385846, 44.130528801956238 ], [ 12.67583052885969, 44.179880084071257 ], [ 12.780458892844678, 45.539192172173415 ], [ 13.452207863672262, 45.539192172173415 ], [ 13.530421529908661, 46.547441239459722 ] ] ], [ [ [ 9.397786423617937, 39.075772800067121 ], [ 9.498111169587379, 41.176999572231864 ], [ 8.349602545322288, 41.176999572231864 ], [ 8.261409037927892, 39.075772800067121 ], [ 9.397786423617937, 39.075772800067121 ] ] ], [ [ [ 15.270795484797961, 38.036056317029193 ], [ 12.366461814679758, 37.99875185750065 ], [ 15.230647833231618, 36.50824001267457 ], [ 15.270795484797961, 38.036056317029193 ] ] ] ] } },
{ "type": "Feature", "properties": { "int_cd": 0, "name_fr": "Arménie", "georeg": "ASI", "subreg": "Western Asia", "globalid": "{6971B386-BF49-4B29-BBCD-D1ADFC45F806}", "geo_cd": 142, "objectid_1": 133, "nam_en": "Armenia", "lbl_en": "ARMENIA", "isoclr": "ARM", "stscod": 1, "intreg": " ", "m49_cd": "051", "lbl_fr": "ARMÉNIE", "iso2cd": "AM", "iso3cd": "ARM", "sub_cd": 145, "SHAPE__Length": 924106.68779152131, "objectid": 127, "SHAPE__Area": 32656264565.221306 }, "geometry": { "type": "Polygon", "coordinates": [ [ [ 45.499320486604361, 40.007452346458294 ], [ 45.770301932412451, 41.156088299687539 ], [ 43.719842299319318, 41.156088299687539 ], [ 43.46100052734603, 40.007452347352505 ], [ 44.464949163810893, 40.007452346458294 ], [ 45.534205209633107, 38.937697839481729 ], [ 46.563177481149069, 38.937697839481729 ], [ 45.499320486604361, 40.007452346458294 ] ] ] } },
{ "type": "Feature", "properties": { "int_cd": 0, "name_fr": "Tadjikistan", "georeg": "ASI", "subreg": "Central Asia", "globalid": "{B7CC3870-0426-4172-B4F4-841E75A0D3A8}", "geo_cd": 142, "objectid_1": 134, "nam_en": "Tajikistan", "lbl_en": "TAJIKISTAN", "isoclr": "TJK", "stscod": 1, "intreg": " ", "m49_cd": "762", "lbl_fr": "TADJIKISTAN", "iso2cd": "TJ", "iso3cd": "TJK", "sub_cd": 143, "SHAPE__Length": 2003718.7604125394, "objectid": 126, "SHAPE__Area": 155099100322.19522 }, "geometry": { "type": "Polygon", "coordinates": [ [ [ 69.963637741580257, 39.963495383631866 ], [ 69.295054581050252, 40.419423338850521 ], [ 68.169502064176299, 39.630350852633057 ], [ 68.170086600617125, 39.629258763952691 ], [ 67.322064811224934, 36.949460797298222 ], [ 69.079409109912234, 36.949460797298222 ], [ 71.131428427861707, 38.291240006927261 ], [ 70.855924362537621, 37.446280194336474 ], [ 74.55264213290333, 37.446280194336474 ], [ 74.899415223839767, 38.450542926665868 ], [ 73.889807379235137, 39.621508365458638 ], [ 69.437774577387657, 39.629905560915851 ], [ 69.963637741580257, 39.963495383631866 ] ] ] } },
{ "type": "Feature", "properties": { "int_cd": 0, "name_fr": "Iran (République islamique d’)", "georeg": "ASI", "subreg": "Southern Asia", "globalid": "{5A3D6B76-2625-413A-8ECB-334CE28ECEBC}", "geo_cd": 142, "objectid_1": 135, "nam_en": "Iran (Islamic Republic of)", "lbl_en": "IRAN (ISLAMIC REPUBLIC OF)", "isoclr": "IRN", "stscod": 1, "intreg": " ", "m49_cd": "364", "lbl_fr": "IRAN (RÉPUBLIQUE ISLAMIQUE D’)", "iso2cd": "IR", "iso3cd": "IRN", "sub_cd": 34, "SHAPE__Length": 5999311.875716364, "objectid": 125, "SHAPE__Area": 1601762070445.4207 }, "geometry": { "type": "Polygon", "coordinates": [ [ [ 45.534205209633107, 38.937697839481729 ], [ 44.464949163810893, 40.007452346458294 ], [ 43.946737077063581, 37.544490729116433 ], [ 44.30742301059994, 37.544810389091744 ], [ 46.135767444018484, 35.732927689625264 ], [ 45.701262133964107, 33.378832687494686 ], [ 46.499113119143097, 33.378832687494686 ], [ 47.657378841125002, 32.239611418974576 ], [ 48.03540307195771, 31.868126222795294 ], [ 47.814617367292747, 30.506013836421758 ], [ 48.484323275357688, 29.978726987156438 ], [ 50.626065458796432, 29.98499415677804 ], [ 53.69873528988353, 26.988346906553137 ], [ 56.999716302317424, 26.989287312536479 ], [ 58.34272374572663, 25.676706284845682 ], [ 62.181113797888578, 25.676706284845682 ], [ 62.614111191415596, 28.340589046390452 ], [ 61.016838514609368, 29.960044284198645 ], [ 60.529530676564789, 30.456482477471873 ], [ 61.660302949450525, 35.458552052288297 ], [ 55.0603551231994, 38.564708363339662 ], [ 54.18425848034034, 37.968112555685153 ], [ 52.753260928628499, 37.968112555685153 ], [ 50.990874471357898, 37.968112555685153 ], [ 49.876202695253461, 37.968112555685153 ], [ 48.941809241517795, 38.950132374332874 ], [ 46.563177481149069, 38.937697839481729 ], [ 45.534205209633107, 38.937697839481729 ] ] ] } },
{ "type": "Feature", "properties": { "int_cd": 0, "name_fr": "Espagne", "georeg": "EUR", "subreg": "Southern Europe", "globalid": "{0C3515A5-5BAC-413D-BA12-12ED1E7BE109}", "geo_cd": 150, "objectid_1": 136, "nam_en": "Spain", "lbl_en": "SPAIN", "isoclr": "ESP", "stscod": 1, "intreg": " ", "m49_cd": "725", "lbl_fr": "ESPAGNE", "iso2cd": "ES", "iso3cd": "ESP", "sub_cd": 39, "SHAPE__Length": 5378146.6801038999, "objectid": 124, "SHAPE__Area": 566820659487.24768 }, "geometry": { "type": "MultiPolygon", "coordinates": [ [ [ [ -1.643007896903361, 43.632506283788246 ], [ -9.508717228197249, 43.632506283788246 ], [ -9.408539282409906, 41.821265898711495 ], [ -7.166827209847489, 41.821265898711495 ], [ -6.99365014521663, 36.822351056997647 ], [ -6.290804829707917, 36.822351056997647 ], [ -5.687295881203828, 36.246720418151888 ], [ -5.508553473830081, 36.396372131737259 ], [ -5.308373984664656, 36.25780415965405 ], [ -4.777670528950918, 36.785058753557131 ], [ -2.885343684336923, 36.78471975401353 ], [ -1.851510579916405, 36.78471975401353 ], [ -0.234755343569521, 38.126355833620551 ], [ -0.218773258179633, 39.712113541950906 ], [ 1.82456210408746, 41.378123067239045 ], [ 3.157403195642835, 41.378123067239045 ], [ 3.187025794214517, 43.014776784421144 ], [ 1.311814065125973, 43.014883536832059 ], [ 1.310257963038421, 42.805791969057864 ], [ 0.795039554249664, 42.805791969057864 ], [ 0.795983766240952, 43.014883536832059 ], [ -0.872878964388602, 43.014883536832059 ], [ -1.643007896903361, 43.632506283788246 ] ] ], [ [ [ -15.218391182503806, 27.466514909594917 ], [ -15.262026187965986, 28.037104323653349 ], [ -15.968990941589871, 28.034617214393919 ], [ -15.924261756954769, 27.464027800995851 ], [ -15.218391182503806, 27.466514909594917 ] ] ], [ [ [ -17.725340243544572, 27.472626277076778 ], [ -17.772900338359744, 28.043215690470948 ], [ -18.479859679513822, 28.040728580992866 ], [ -18.431205595869802, 27.470139167693031 ], [ -17.725340243544572, 27.472626277076778 ] ] ], [ [ [ -16.137762282326808, 28.03011363363564 ], [ -16.184278457647196, 28.600703047578179 ], [ -16.892356725110879, 28.598215938040422 ], [ -16.844707339533823, 28.027626524807403 ], [ -16.137762282326808, 28.03011363363564 ] ] ], [ [ [ -17.448908301472727, 28.201649492468494 ], [ -17.49800171204452, 28.772238906630335 ], [ -18.206419106418991, 28.769751796779701 ], [ -18.156180795343907, 28.199162384172919 ], [ -17.448908301472727, 28.201649492468494 ] ] ], [ [ [ -13.416147213901667, 28.594161281754324 ], [ -13.459585869763089, 29.164750695321771 ], [ -14.168844195779412, 29.162263585076275 ], [ -14.124232012072211, 28.591674172357532 ], [ -13.416147213901667, 28.594161281754324 ] ] ], [ [ [ 1.757253463839955, 38.695824727154971 ], [ 1.728920457615113, 39.268810448022975 ], [ 0.990824171014496, 39.26631243117928 ], [ 1.021181449919386, 38.693327638344208 ], [ 1.757253463839955, 38.695824727154971 ] ] ], [ [ [ 3.319143200343865, 39.295358178278114 ], [ 3.29459714885983, 39.868566585631129 ], [ 2.554307348114213, 39.866067598160328 ], [ 2.580932574288574, 39.292860119746649 ], [ 3.319143200343865, 39.295358178278114 ] ] ] ] } },
{ "type": "Feature", "properties": { "int_cd": 0, "name_fr": "Afghanistan", "georeg": "ASI", "subreg": "Southern Asia", "globalid": "{F414BAD9-EBF6-4CCB-8AAF-C2C3D93260C2}", "geo_cd": 142, "objectid_1": 137, "nam_en": "Afghanistan", "lbl_en": "AFGHANISTAN", "isoclr": "AFG", "stscod": 1, "intreg": " ", "m49_cd": "004", "lbl_fr": "AFGHANISTAN", "iso2cd": "AF", "iso3cd": "AFG", "sub_cd": 34, "SHAPE__Length": 3578882.2908573141, "objectid": 123, "SHAPE__Area": 604813794439.98706 }, "geometry": { "type": "Polygon", "coordinates": [ [ [ 70.855924362537621, 37.446280194336474 ], [ 71.131428427861707, 38.291240006927261 ], [ 69.079409109912234, 36.949460797298222 ], [ 67.322064811224934, 36.949460797298222 ], [ 65.540830806360219, 36.949460797298222 ], [ 63.335602027100833, 35.459959903461687 ], [ 61.660302949450525, 35.458552052288297 ], [ 60.529530676564789, 30.456482477471873 ], [ 61.016838514609368, 29.960044284198645 ], [ 65.631721241337871, 29.961168882623362 ], [ 70.783771978621331, 33.576958124943182 ], [ 71.380299721838753, 35.658477152711583 ], [ 71.477552727335606, 35.981122031761778 ], [ 72.909859000959599, 36.92462402026144 ], [ 73.98930670422159, 36.92462402026144 ], [ 74.379107263636229, 36.92462402026144 ], [ 74.55264213290333, 37.446280194336474 ], [ 70.855924362537621, 37.446280194336474 ] ] ] } },
{ "type": "Feature", "properties": { "int_cd": 0, "name_fr": "Iraq", "georeg": "ASI", "subreg": "Western Asia", "globalid": "{6568F368-1263-4058-A5FC-AC11CFF8CC61}", "geo_cd": 142, "objectid_1": 138, "nam_en": "Iraq", "lbl_en": "IRAQ", "isoclr": "IRQ", "stscod": 1, "intreg": " ", "m49_cd": "368", "lbl_fr": "IRAQ", "iso2cd": "IQ", "iso3cd": "IRQ", "sub_cd": 145, "SHAPE__Length": 3110549.1727898945, "objectid": 122, "SHAPE__Area": 458362497268.9118 }, "geometry": { "type": "Polygon", "coordinates": [ [ [ 46.135767444018484, 35.732927689625264 ], [ 44.30742301059994, 37.544810389091744 ], [ 43.946737077063581, 37.544490729116433 ], [ 41.990434150450191, 37.542756927007105 ], [ 41.525094407593748, 34.942492457245933 ], [ 38.696402264090572, 33.606748344060804 ], [ 39.224057767807082, 32.455621475034185 ], [ 39.498433099232209, 31.861243829858502 ], [ 40.408850417334854, 32.0480901619637 ], [ 44.75889236372673, 29.219751334079106 ], [ 46.46248930893924, 29.224802671022932 ], [ 47.270085532290508, 29.980155902464492 ], [ 48.484323275357688, 29.978726987156438 ], [ 47.814617367292747, 30.506013836421758 ], [ 48.03540307195771, 31.868126222795294 ], [ 47.657378841125002, 32.239611418974576 ], [ 46.499113119143097, 33.378832687494686 ], [ 45.701262133964107, 33.378832687494686 ], [ 46.135767444018484, 35.732927689625264 ] ] ] } },
{ "type": "Feature", "properties": { "int_cd": 0, "name_fr": "République Arabe Syrienne", "georeg": "ASI", "subreg": "Western Asia", "globalid": "{48394E7D-7D99-4CAC-9077-FA95B06D4292}", "geo_cd": 142, "objectid_1": 139, "nam_en": "Syrian Arab Republic", "lbl_en": "SYRIAN ARAB REPUBLIC", "isoclr": "SYR", "stscod": 1, "intreg": " ", "m49_cd": "760", "lbl_fr": "RÉPUBLIQUE ARABE SYRIENNE", "iso2cd": "SY", "iso3cd": "SYR", "sub_cd": 145, "SHAPE__Length": 2046207.0930368493, "objectid": 121, "SHAPE__Area": 216137970137.14255 }, "geometry": { "type": "Polygon", "coordinates": [ [ [ 41.525094407593748, 34.942492457245933 ], [ 41.990434150450191, 37.542756927007105 ], [ 37.540409203250043, 37.542756927007105 ], [ 36.070586929646119, 36.478161432833531 ], [ 35.81683971845338, 34.767177800776373 ], [ 36.651438140084565, 34.765923006780355 ], [ 36.5111570248026, 33.798198197507638 ], [ 35.89529856969363, 33.798338639243539 ], [ 35.452797910708234, 33.335295816017101 ], [ 35.354395566354235, 32.565606140962664 ], [ 36.519393860796271, 32.565083175254301 ], [ 38.696402264090572, 33.606748344060804 ], [ 41.525094407593748, 34.942492457245933 ] ] ] } },
{ "type": "Feature", "properties": { "int_cd": 0, "name_fr": "Pakistan", "georeg": "ASI", "subreg": "Southern Asia", "globalid": "{B31C6E3E-A5E4-44F3-A5A8-AB476BBB9CC2}", "geo_cd": 142, "objectid_1": 140, "nam_en": "Pakistan", "lbl_en": "PAKISTAN", "isoclr": "PAK", "stscod": 1, "intreg": " ", "m49_cd": "586", "lbl_fr": "PAKISTAN", "iso2cd": "PK", "iso3cd": "PAK", "sub_cd": 34, "SHAPE__Length": 4819419.2194069587, "objectid": 120, "SHAPE__Area": 839855681189.35242 }, "geometry": { "type": "Polygon", "coordinates": [ [ [ 73.150154822690979, 34.200728742877097 ], [ 73.98930670422159, 36.92462402026144 ], [ 72.909859000959599, 36.92462402026144 ], [ 71.477552727335606, 35.981122031761778 ], [ 71.380299721838753, 35.658477152711583 ], [ 70.783771978621331, 33.576958124943182 ], [ 65.631721241337871, 29.961168882623362 ], [ 61.016838514609368, 29.960044284198645 ], [ 62.614111191415596, 28.340589046390452 ], [ 62.181113797888578, 25.676706284845682 ], [ 65.759763168937553, 25.676706284845682 ], [ 67.351611142028162, 24.116468460848193 ], [ 67.796696053500568, 24.116468460848193 ], [ 71.119618558291208, 24.116468460848193 ], [ 71.362847153460876, 25.701471965085879 ], [ 69.98715839674432, 27.086790401745329 ], [ 74.420781623683709, 30.085872027956984 ], [ 74.958848430074639, 32.238910589238586 ], [ 74.454366608476164, 32.784204904995477 ], [ 73.945015085761327, 33.336288184585776 ], [ 73.150154822690979, 34.200728742877097 ] ] ] } },
{ "type": "Feature", "properties": { "int_cd": 0, "name_fr": "Algérie", "georeg": "AFR", "subreg": "Northern Africa", "globalid": "{BD4F219F-02A6-4B25-A3BA-54D4880957CA}", "geo_cd": 2, "objectid_1": 141, "nam_en": "Algeria", "lbl_en": "ALGERIA", "isoclr": "DZA", "stscod": 1, "intreg": " ", "m49_cd": "012", "lbl_fr": "ALGÉRIE", "iso2cd": "DZ", "iso3cd": "DZA", "sub_cd": 15, "SHAPE__Length": 6454787.0274374271, "objectid": 119, "SHAPE__Area": 2261792248030.7573 }, "geometry": { "type": "Polygon", "coordinates": [ [ [ 8.460759868892731, 36.734799609604991 ], [ 0.976532661088665, 36.736777425428464 ], [ -0.815877768746667, 35.247481276083619 ], [ -1.431205488683177, 35.247481276083619 ], [ -1.418379836323624, 32.964799225022823 ], [ -4.788473131048128, 30.095978331155425 ], [ -7.426046409640059, 30.095978331155425 ], [ -8.545374022310286, 29.1256418514632 ], [ -8.515346287526746, 27.814103864754966 ], [ -8.498244299430164, 27.100079973703508 ], [ -5.498822156679496, 25.223583553717333 ], [ 4.163981045297341, 19.04258017864715 ], [ 11.559930670109122, 23.896012989955633 ], [ 9.379402475364618, 25.792841934765171 ], [ 9.500044359525232, 30.827342419189602 ], [ 9.078937095846301, 31.19288043758203 ], [ 7.32005432226921, 32.711667970141811 ], [ 7.356559460607774, 34.019512789253611 ], [ 8.394225345457507, 34.863283640849197 ], [ 8.460759868892731, 36.734799609604991 ] ] ] } },
{ "type": "Feature", "properties": { "int_cd": 0, "name_fr": "Tunisie", "georeg": "AFR", "subreg": "Northern Africa", "globalid": "{6D6774D1-1456-4B7E-9B39-362CDF2F4860}", "geo_cd": 2, "objectid_1": 142, "nam_en": "Tunisia", "lbl_en": "TUNISIA", "isoclr": "TUN", "stscod": 1, "intreg": " ", "m49_cd": "788", "lbl_fr": "TUNISIE", "iso2cd": "TN", "iso3cd": "TUN", "sub_cd": 15, "SHAPE__Length": 1861284.6538160206, "objectid": 118, "SHAPE__Area": 160448705312.7323 }, "geometry": { "type": "Polygon", "coordinates": [ [ [ 11.08457203729027, 36.73410622153596 ], [ 8.460759868892731, 36.734799609604991 ], [ 8.394225345457507, 34.863283640849197 ], [ 7.356559460607774, 34.019512789253611 ], [ 7.32005432226921, 32.711667970141811 ], [ 9.078937095846301, 31.19288043758203 ], [ 9.500044359525232, 30.827342419189602 ], [ 11.455462723224612, 33.092448217193102 ], [ 10.924484964657266, 33.092448217193102 ], [ 10.326555828380647, 33.611176066926248 ], [ 10.967642301745585, 34.129432575701607 ], [ 11.08457203729027, 36.73410622153596 ] ] ] } },
{ "type": "Feature", "properties": { "int_cd": 0, "name_fr": "Maroc", "georeg": "AFR", "subreg": "Northern Africa", "globalid": "{0F63DD82-6484-4C3A-BAF4-F05A671EA0CC}", "geo_cd": 2, "objectid_1": 143, "nam_en": "Morocco", "lbl_en": "MOROCCO", "isoclr": "MAR", "stscod": 1, "intreg": " ", "m49_cd": "504", "lbl_fr": "MAROC", "iso2cd": "MA", "iso3cd": "MAR", "sub_cd": 15, "SHAPE__Length": 3138639.5982315866, "objectid": 117, "SHAPE__Area": 418136389912.46533 }, "geometry": { "type": "Polygon", "coordinates": [ [ [ -4.790278210606201, 35.247481276083619 ], [ -5.541286717746263, 35.86164216686069 ], [ -10.322711361408707, 31.755101510123314 ], [ -10.259965838303078, 29.278376014819528 ], [ -11.689831400478354, 27.807198366085604 ], [ -8.515346287526746, 27.814103864754966 ], [ -8.545374022310286, 29.1256418514632 ], [ -7.426046409640059, 30.095978331155425 ], [ -4.788473131048128, 30.095978331155425 ], [ -1.418379836323624, 32.964799225022823 ], [ -1.431205488683177, 35.247481276083619 ], [ -4.790278210606201, 35.247481276083619 ] ] ] } },
{ "type": "Feature", "properties": { "int_cd": 0, "name_fr": "Chypre", "georeg": "ASI", "subreg": "Western Asia", "globalid": "{8FE0B87A-2423-41C8-B391-D981795AA713}", "geo_cd": 142, "objectid_1": 144, "nam_en": "Cyprus", "lbl_en": "CYPRUS", "isoclr": "CYP", "stscod": 1, "intreg": " ", "m49_cd": "196", "lbl_fr": "CHYPRE", "iso2cd": "CY", "iso3cd": "CYP", "sub_cd": 145, "SHAPE__Length": 518699.04717343376, "objectid": 116, "SHAPE__Area": 11418520293.898508 }, "geometry": { "type": "Polygon", "coordinates": [ [ [ 33.26824961014713, 34.491326540182243 ], [ 34.655816503494556, 35.735925425999717 ], [ 32.383903390956029, 35.058400187192085 ], [ 32.332992954342757, 34.678763676353917 ], [ 33.26824961014713, 34.491326540182243 ] ] ] } },
{ "type": "Feature", "properties": { "int_cd": 0, "name_fr": "Grèce", "georeg": "EUR", "subreg": "Southern Europe", "globalid": "{8053EA76-A7B8-4064-A69F-4CE0E92F0EB8}", "geo_cd": 150, "objectid_1": 145, "nam_en": "Greece", "lbl_en": "GREECE", "isoclr": "GRC", "stscod": 1, "intreg": " ", "m49_cd": "300", "lbl_fr": "GRÈCE", "iso2cd": "GR", "iso3cd": "GRC", "sub_cd": 39, "SHAPE__Length": 2926804.6160662519, "objectid": 115, "SHAPE__Area": 154181900520.51999 }, "geometry": { "type": "MultiPolygon", "coordinates": [ [ [ [ 27.009038315957874, 41.785956091775006 ], [ 26.481576622207573, 41.78652849078977 ], [ 25.87769742225181, 41.345573730998545 ], [ 22.948200000833737, 41.349859999147746 ], [ 22.435206135057825, 41.344144194870488 ], [ 21.670960516278036, 40.773940460299727 ], [ 21.086460205612596, 40.773940460299727 ], [ 20.737151367467551, 40.508787695979919 ], [ 19.431021509480399, 39.511953562401693 ], [ 20.178966083136228, 38.845469452610715 ], [ 20.128656965214255, 38.317125844552102 ], [ 21.978002507635249, 38.331810390136042 ], [ 21.936843173380019, 37.927901029618724 ], [ 21.25912779654114, 37.927901029618724 ], [ 21.152422134649893, 36.809933639783658 ], [ 23.175363317303177, 36.809933639783658 ], [ 23.541061423755391, 40.135494595691227 ], [ 24.302121571640072, 40.135494595691227 ], [ 24.378484091386838, 40.792325873429121 ], [ 26.866595656090517, 40.792325873429121 ], [ 27.009038315957874, 41.785956091775006 ] ] ], [ [ [ 26.466249381085387, 34.977324365804428 ], [ 26.518268321160438, 35.454565230242125 ], [ 23.523587352865142, 35.454565230242125 ], [ 23.477442857130267, 34.977324365804428 ], [ 26.466249381085387, 34.977324365804428 ] ] ] ] } },
{ "type": "Feature", "properties": { "int_cd": 0, "name_fr": "Liban", "georeg": "ASI", "subreg": "Western Asia", "globalid": "{67299465-4E2E-4FDC-A3EC-68F0C6E95A38}", "geo_cd": 142, "objectid_1": 146, "nam_en": "Lebanon", "lbl_en": "LEBANON", "isoclr": "LBN", "stscod": 1, "intreg": " ", "m49_cd": "422", "lbl_fr": "LIBAN", "iso2cd": "LB", "iso3cd": "LBN", "sub_cd": 145, "SHAPE__Length": 591881.38372098026, "objectid": 114, "SHAPE__Area": 17014278071.949022 }, "geometry": { "type": "Polygon", "coordinates": [ [ [ 36.651438140084565, 34.765923006780355 ], [ 35.81683971845338, 34.767177800776373 ], [ 34.44559954602839, 33.336550610278032 ], [ 35.452797910708234, 33.335295816017101 ], [ 35.89529856969363, 33.798338639243539 ], [ 36.5111570248026, 33.798198197507638 ], [ 36.651438140084565, 34.765923006780355 ] ] ] } },
{ "type": "Feature", "properties": { "int_cd": 0, "name_fr": "République de Corée", "georeg": "ASI", "subreg": "Eastern Asia", "globalid": "{4D451E19-B714-4AE3-BB05-70C7C7DE8731}", "geo_cd": 142, "objectid_1": 147, "nam_en": "Republic of Korea", "lbl_en": "REPUBLIC OF KOREA", "isoclr": "KOR", "stscod": 1, "intreg": " ", "m49_cd": "410", "lbl_fr": "RÉPUBLIQUE DE CORÉE", "iso2cd": "KR", "iso3cd": "KOR", "sub_cd": 30, "SHAPE__Length": 1956601.3754457519, "objectid": 113, "SHAPE__Area": 154414454018.65073 }, "geometry": { "type": "MultiPolygon", "coordinates": [ [ [ [ 128.826084797253486, 34.25671483776047 ], [ 130.20148381920248, 36.796659567526497 ], [ 128.884449180620095, 38.93461545357524 ], [ 126.472184875813653, 37.59892180949474 ], [ 125.67626606812938, 36.17095625568183 ], [ 126.406548371545057, 34.25671483776047 ], [ 128.826084797253486, 34.25671483776047 ] ] ], [ [ [ 127.672587740537494, 33.764741182231496 ], [ 126.474166186642307, 33.77800270962382 ], [ 126.309260849975203, 33.419419938330677 ], [ 126.205340128884345, 33.201919966008745 ], [ 126.21076585620375, 33.201919991387911 ], [ 125.961210408625632, 32.639104429248725 ], [ 127.154837137340039, 32.625842901977535 ], [ 127.672587740537494, 33.764741182231496 ] ] ] ] } },
{ "type": "Feature", "properties": { "int_cd": 0, "name_fr": "Jordanie", "georeg": "ASI", "subreg": "Western Asia", "globalid": "{8DB7A6FD-311B-4CBE-AC85-3D8CA9D4870A}", "geo_cd": 142, "objectid_1": 148, "nam_en": "Jordan", "lbl_en": "JORDAN", "isoclr": "JOR", "stscod": 1, "intreg": " ", "m49_cd": "400", "lbl_fr": "JORDANIE", "iso2cd": "JO", "iso3cd": "JOR", "sub_cd": 145, "SHAPE__Length": 1667524.320577587, "objectid": 112, "SHAPE__Area": 115033314058.7655 }, "geometry": { "type": "Polygon", "coordinates": [ [ [ 39.224057767807082, 32.455621475034185 ], [ 38.696402264090572, 33.606748344060804 ], [ 36.519393860796271, 32.565083175254301 ], [ 35.354395566354235, 32.565606140962664 ], [ 35.206572439185358, 31.359974087981904 ], [ 34.920045265726692, 28.804429594806034 ], [ 36.16851222608431, 28.805715420783567 ], [ 38.223169257236286, 30.397330860620091 ], [ 37.119164888355783, 31.441495251811663 ], [ 39.224057767807082, 32.455621475034185 ] ] ] } },
{ "type": "Feature", "properties": { "int_cd": 0, "name_fr": "Libye", "georeg": "AFR", "subreg": "Northern Africa", "globalid": "{0831DA4A-C101-4084-B0E7-01DF5CA96761}", "geo_cd": 2, "objectid_1": 150, "nam_en": "Libya", "lbl_en": "LIBYA", "isoclr": "LBY", "stscod": 1, "intreg": " ", "m49_cd": "434", "lbl_fr": "LIBYE", "iso2cd": "LY", "iso3cd": "LBY", "sub_cd": 15, "SHAPE__Length": 5877093.7236116985, "objectid": 110, "SHAPE__Area": 1690392677110.0999 }, "geometry": { "type": "Polygon", "coordinates": [ [ [ 15.984957655157391, 31.699437658292588 ], [ 14.422377555066644, 33.092448217193102 ], [ 11.455462723224612, 33.092448217193102 ], [ 9.500044359525232, 30.827342419189602 ], [ 9.379402475364618, 25.792841934765171 ], [ 11.559930670109122, 23.896012989955633 ], [ 11.998500001087491, 23.512695998136447 ], [ 15.25668969498432, 23.514240017595487 ], [ 15.943928534147854, 23.514565691386707 ], [ 24.083395253220079, 19.208184636258359 ], [ 24.105704583328038, 19.950702986223234 ], [ 24.786406355751541, 19.950702986223234 ], [ 24.878936273469158, 21.773301297330161 ], [ 25.485203096111725, 31.495061873682378 ], [ 24.949470618419166, 31.495061873682378 ], [ 22.91030798438495, 32.695794256177948 ], [ 20.036528912477642, 32.695794256177948 ], [ 19.859238848974183, 30.417754804025879 ], [ 18.766452917838105, 30.399239471620138 ], [ 17.306599292971491, 31.699437658292588 ], [ 15.984957655157391, 31.699437658292588 ] ] ] } },
{ "type": "Feature", "properties": { "int_cd": 0, "name_fr": "Samoa", "georeg": "OCE", "subreg": "Polynesia", "globalid": "{9569BEF7-7434-4621-811A-7ADD51ADDC70}", "geo_cd": 9, "objectid_1": 224, "nam_en": "Samoa", "lbl_en": "SAMOA", "isoclr": "WSM", "stscod": 1, "intreg": " ", "m49_cd": "882", "lbl_fr": "SAMOA", "iso2cd": "WS", "iso3cd": "WSM", "sub_cd": 61, "SHAPE__Length": 552159.05582865304, "objectid": 200, "SHAPE__Area": 9458132708.983139 }, "geometry": { "type": "MultiPolygon", "coordinates": [ [ [ [ -172.248519566039676, -13.921986609593551 ], [ -172.371170409895456, -13.351397196616231 ], [ -173.058945299789684, -13.353884306373269 ], [ -172.936739049150077, -13.924473719524165 ], [ -172.248519566039676, -13.921986609593551 ] ] ], [ [ [ -171.342189384349041, -14.20625389161345 ], [ -171.468053687588736, -13.635664477321436 ], [ -172.156045027608172, -13.638151586813105 ], [ -172.03063539797779, -14.208741000197225 ], [ -171.342189384349041, -14.20625389161345 ] ] ] ] } },
{ "type": "Feature", "properties": { "int_cd": 0, "name_fr": "Arabie saoudite", "georeg": "ASI", "subreg": "Western Asia", "globalid": "{C75DAFC1-0773-4840-98DE-331C6EBE8278}", "geo_cd": 142, "objectid_1": 151, "nam_en": "Saudi Arabia", "lbl_en": "SAUDI ARABIA", "isoclr": "SAU", "stscod": 1, "intreg": " ", "m49_cd": "682", "lbl_fr": "ARABIE SAOUDITE", "iso2cd": "SA", "iso3cd": "SAU", "sub_cd": 145, "SHAPE__Length": 6333370.6200865582, "objectid": 108, "SHAPE__Area": 2046888560119.2175 }, "geometry": { "type": "Polygon", "coordinates": [ [ [ 39.224057767807082, 32.455621475034185 ], [ 37.119164888355783, 31.441495251811663 ], [ 38.223169257236286, 30.397330860620091 ], [ 36.16851222608431, 28.805715420783567 ], [ 34.920045265726692, 28.804429594806034 ], [ 35.358695391951613, 28.395795879506995 ], [ 34.59670778007829, 27.795870408739283 ], [ 36.015771248224226, 26.782549541677518 ], [ 35.848613440631851, 24.675260718597041 ], [ 38.201732180578681, 22.525044181307297 ], [ 38.093387893874329, 21.242070456874611 ], [ 43.157717309168127, 16.561356984247873 ], [ 51.558523328888285, 18.923080836996888 ], [ 53.514167291779373, 18.924756461828796 ], [ 55.455634252779518, 20.48004115079863 ], [ 55.61646491967646, 21.995510845093307 ], [ 54.929925230958766, 22.649514696693892 ], [ 54.930166392142191, 22.651826003179437 ], [ 53.936843212825096, 22.772025039515462 ], [ 52.583352231153803, 22.93574776061698 ], [ 51.624807740333218, 24.082918493787837 ], [ 51.591452134570069, 24.122818778754876 ], [ 51.592380758104007, 24.253376616785634 ], [ 51.564170934846175, 24.551518901741041 ], [ 50.831757335710748, 25.063928763329347 ], [ 50.067457229667141, 25.601583722716619 ], [ 50.233009919751012, 26.929024157036025 ], [ 48.27614342291205, 28.556129317017358 ], [ 48.262041893542545, 28.556129317017358 ], [ 47.549602808125165, 28.556129317017358 ], [ 46.46248930893924, 29.224802671022932 ], [ 44.75889236372673, 29.219751334079106 ], [ 40.408850417334854, 32.0480901619637 ], [ 39.498433099232209, 31.861243829858502 ], [ 39.224057767807082, 32.455621475034185 ] ] ] } },
{ "type": "Feature", "properties": { "int_cd": 0, "name_fr": "Népal", "georeg": "ASI", "subreg": "Southern Asia", "globalid": "{C4509847-3144-4CBA-918A-FF851E9AE1E6}", "geo_cd": 142, "objectid_1": 152, "nam_en": "Nepal", "lbl_en": "NEPAL", "isoclr": "NPL", "stscod": 1, "intreg": " ", "m49_cd": "524", "lbl_fr": "NÉPAL", "iso2cd": "NP", "iso3cd": "NPL", "sub_cd": 34, "SHAPE__Length": 2061953.7323553588, "objectid": 106, "SHAPE__Area": 144918179351.21954 }, "geometry": { "type": "Polygon", "coordinates": [ [ [ 83.699438864601888, 28.176733686107312 ], [ 81.174147088920492, 30.533188587383254 ], [ 80.654372578982148, 30.173522579491745 ], [ 79.716064540290631, 29.518202342519675 ], [ 82.72688368947594, 26.751423238117503 ], [ 84.000409997979986, 26.751423238117503 ], [ 87.788334402476153, 26.751423238117503 ], [ 88.056593525515197, 27.897263352461849 ], [ 88.12468950075484, 28.176733686107312 ], [ 84.977844603587258, 28.176733686107312 ], [ 83.699438864601888, 28.176733686107312 ] ] ] } },
{ "type": "Feature", "properties": { "int_cd": 0, "name_fr": "Koweït", "georeg": "ASI", "subreg": "Western Asia", "globalid": "{B7BF620A-37FD-4A9F-BA4D-C3666A1E4A25}", "geo_cd": 142, "objectid_1": 153, "nam_en": "Kuwait", "lbl_en": "KUWAIT", "isoclr": "KWT", "stscod": 1, "intreg": " ", "m49_cd": "414", "lbl_fr": "KOWEÏT", "iso2cd": "KW", "iso3cd": "KWT", "sub_cd": 145, "SHAPE__Length": 589058.4010914705, "objectid": 105, "SHAPE__Area": 22265093365.564865 }, "geometry": { "type": "Polygon", "coordinates": [ [ [ 48.484323275357688, 29.978726987156438 ], [ 47.270085532290508, 29.980155902464492 ], [ 46.46248930893924, 29.224802671022932 ], [ 47.549602808125165, 28.556129317017358 ], [ 48.262041893542545, 28.556129317017358 ], [ 48.27614342291205, 28.556129317017358 ], [ 48.305865399800709, 28.766637595126252 ], [ 48.484323275357688, 29.978726987156438 ] ] ] } },
{ "type": "Feature", "properties": { "int_cd": 0, "name_fr": "Bhoutan", "georeg": "ASI", "subreg": "Southern Asia", "globalid": "{80B1F072-E5A6-4CC8-82CD-51F131AF9CD7}", "geo_cd": 142, "objectid_1": 154, "nam_en": "Bhutan", "lbl_en": "BHUTAN", "isoclr": "BTN", "stscod": 1, "intreg": " ", "m49_cd": "064", "lbl_fr": "BHOUTAN", "iso2cd": "BT", "iso3cd": "BTN", "sub_cd": 34, "SHAPE__Length": 913950.97005517047, "objectid": 104, "SHAPE__Area": 49326378484.466515 }, "geometry": { "type": "Polygon", "coordinates": [ [ [ 92.344499490436291, 27.081788002004703 ], [ 92.621238767467062, 28.199906729347138 ], [ 89.474189516938125, 28.199906729347138 ], [ 89.40199694004221, 27.908416219815766 ], [ 89.132199663405274, 26.7745962817114 ], [ 92.270868772543977, 26.770054567343315 ], [ 92.344499490436291, 27.081788002004703 ] ] ] } },
{ "type": "Feature", "properties": { "int_cd": 0, "name_fr": "Myanmar", "georeg": "ASI", "subreg": "South-eastern Asia", "globalid": "{C3FDF885-9543-4B52-B230-D1710A829CCA}", "geo_cd": 142, "objectid_1": 155, "nam_en": "Myanmar", "lbl_en": "MYANMAR", "isoclr": "MMR", "stscod": 1, "intreg": " ", "m49_cd": "104", "lbl_fr": "MYANMAR", "iso2cd": "MM", "iso3cd": "MMR", "sub_cd": 35, "SHAPE__Length": 5726091.6852576584, "objectid": 103, "SHAPE__Area": 761184818428.78052 }, "geometry": { "type": "Polygon", "coordinates": [ [ [ 99.113054340483089, 28.042475047364832 ], [ 96.964725532852242, 28.044801559213827 ], [ 94.890093658020319, 27.082016181693543 ], [ 94.253689537535166, 24.217188297814669 ], [ 93.4500053518464, 24.22196251816024 ], [ 93.067455253255758, 22.09798123059333 ], [ 92.775623240054898, 20.37955420265812 ], [ 94.323373479818642, 17.66794138476163 ], [ 94.053534905161001, 15.754276857650394 ], [ 96.150670894673581, 15.754276857650394 ], [ 96.896451307278056, 16.335173499106485 ], [ 97.480562010028308, 15.754276856874053 ], [ 97.295491743994916, 14.324377431328895 ], [ 98.294530780304555, 13.050873256240861 ], [ 98.038775657744864, 10.503864904103507 ], [ 98.861897257442138, 10.034679154556414 ], [ 99.289989407823725, 14.14564000371951 ], [ 98.857751313716207, 14.570141395373227 ], [ 99.065525826211896, 16.11175171450375 ], [ 97.794478411402537, 17.385255889972552 ], [ 98.154798621561355, 19.574789386067692 ], [ 100.539036372065269, 20.535503062166871 ], [ 100.647119962006784, 21.138741882397273 ], [ 98.108766616144706, 23.752776769106742 ], [ 99.113054340483089, 28.042475047364832 ] ] ] } },
{ "type": "Feature", "properties": { "int_cd": 0, "name_fr": "Bahreïn", "georeg": "ASI", "subreg": "Western Asia", "globalid": "{CE2688D4-53BA-4710-8C51-2FCC44217D14}", "geo_cd": 142, "objectid_1": 156, "nam_en": "Bahrain", "lbl_en": "BAHRAIN", "isoclr": "BHR", "stscod": 1, "intreg": " ", "m49_cd": "048", "lbl_fr": "BAHREÏN", "iso2cd": "BH", "iso3cd": "BHR", "sub_cd": 145, "SHAPE__Length": 203590.29864047619, "objectid": 101, "SHAPE__Area": 2564457734.038373 }, "geometry": { "type": "Polygon", "coordinates": [ [ [ 51.020136796742314, 26.750711263359825 ], [ 51.080696369366422, 27.206399770992547 ], [ 50.570800680774219, 27.206399770992547 ], [ 50.510845623897396, 26.750711263359825 ], [ 51.020136796742314, 26.750711263359825 ] ] ] } },
{ "type": "Feature", "properties": { "int_cd": 11, "name_fr": "Mauritanie", "georeg": "AFR", "subreg": "Sub-Saharan Africa", "globalid": "{5753B956-2CAE-41C4-8626-61BFDC8B4A12}", "geo_cd": 2, "objectid_1": 157, "nam_en": "Mauritania", "lbl_en": "MAURITANIA", "isoclr": "MRT", "stscod": 1, "intreg": "Western Africa", "m49_cd": "478", "lbl_fr": "MAURITANIE", "iso2cd": "MR", "iso3cd": "MRT", "sub_cd": 202, "SHAPE__Length": 4733889.0987678915, "objectid": 100, "SHAPE__Area": 1077660462641.5626 }, "geometry": { "type": "Polygon", "coordinates": [ [ [ -5.498822156679496, 25.223583553717333 ], [ -8.498244299430164, 27.100079973703508 ], [ -8.470950274001114, 25.783318124830046 ], [ -12.050515327295065, 25.783318124830046 ], [ -12.035002568570258, 25.238473171129083 ], [ -11.984651771320284, 23.15815607178088 ], [ -12.960780942557307, 23.15815607178088 ], [ -12.916529809056472, 21.325495769454484 ], [ -16.532859008923221, 21.3363697319968 ], [ -16.39854980045574, 16.480515069664175 ], [ -13.669678823183855, 16.480515069664175 ], [ -12.54436370893608, 15.514133005168878 ], [ -6.914051532478681, 15.498742603685804 ], [ -5.417510614663064, 15.498742603685804 ], [ -5.47680288428265, 22.037966700480975 ], [ -5.498822156679496, 25.223583553717333 ] ] ] } },
{ "type": "Feature", "properties": { "int_cd": 0, "name_fr": "Qatar", "georeg": "ASI", "subreg": "Western Asia", "globalid": "{F2FEA66D-ED5B-459E-811A-8E516478F917}", "geo_cd": 142, "objectid_1": 158, "nam_en": "Qatar", "lbl_en": "QATAR", "isoclr": "QAT", "stscod": 1, "intreg": " ", "m49_cd": "634", "lbl_fr": "QATAR", "iso2cd": "QA", "iso3cd": "QAT", "sub_cd": 145, "SHAPE__Length": 545187.89466450235, "objectid": 99, "SHAPE__Area": 13470276332.814482 }, "geometry": { "type": "Polygon", "coordinates": [ [ [ 51.564170934846175, 24.551518901741041 ], [ 51.775799864362426, 26.334647843647279 ], [ 50.989542241318318, 26.334647843647279 ], [ 50.831757335710748, 25.063928763329347 ], [ 51.564170934846175, 24.551518901741041 ] ] ] } },
{ "type": "Feature", "properties": { "int_cd": 0, "name_fr": "ANTARCTIQUE", "georeg": "ANT", "subreg": " ", "globalid": "{2016B533-CDFE-4D01-A70F-C6CAEE733887}", "geo_cd": 0, "objectid_1": 159, "nam_en": "Antarctica", "lbl_en": "ANTARCTICA", "isoclr": "ATA", "stscod": 0, "intreg": " ", "m49_cd": "010", "lbl_fr": "Antarctique", "iso2cd": "AQ", "iso3cd": "ATA", "sub_cd": 0, "SHAPE__Length": 61702586.193443105, "objectid": 187, "SHAPE__Area": 12362239544907.52 }, "geometry": { "type": "MultiPolygon", "coordinates": [ [ [ [ -55.469280242564366, -63.190967560072494 ], [ -56.044173909231404, -63.14939434111281 ], [ -56.067221956900028, -63.114599693259358 ], [ -56.515271812489232, -63.114085415260078 ], [ -57.189017421871881, -63.113312075062254 ], [ -67.629476394195706, -66.552909635350488 ], [ -68.29109191859709, -66.751701354307528 ], [ -68.619006116316484, -67.029807554355031 ], [ -69.30815784328712, -67.823319624225562 ], [ -69.44522532992471, -67.978665489055842 ], [ -69.227442806199747, -67.97576903042777 ], [ -66.691605574339007, -67.942034761034662 ], [ -67.821869133544396, -69.398711427675778 ], [ -68.510417643817959, -69.352508572891495 ], [ -67.078193663120942, -72.490318298371676 ], [ -68.535849692486295, -73.295327360181204 ], [ -101.805827427136762, -73.292705180725648 ], [ -100.226784909562241, -74.68525306027523 ], [ -127.397978127332181, -74.68525306027523 ], [ -136.501125713806346, -74.68525306027523 ], [ -137.719828785734762, -75.287377018711425 ], [ -151.255704578187533, -76.753477530704885 ], [ -157.716751100630745, -77.532768250718462 ], [ -158.972520812675612, -77.995386192195824 ], [ -147.639893571951575, -80.059982485836585 ], [ -144.85856811928852, -80.610154676886197 ], [ -145.661281387058295, -80.957140878384763 ], [ -153.379884509575049, -81.087176851811421 ], [ -154.772122472954948, -81.602417585479031 ], [ -152.983405146142331, -82.525369378183981 ], [ -149.772991699486568, -84.360972817272526 ], [ -149.347040110523665, -84.627792266176783 ], [ -136.898077524647192, -84.710877922374223 ], [ -137.719592560691467, -85.05084229895013 ], [ -137.72620229655422, -85.053735679061518 ], [ -159.554671742712458, -85.30778108465168 ], [ -168.630580401001907, -84.571524395351474 ], [ -168.996041414638967, -84.682006444494419 ], [ -168.998046700810391, -84.7232559832905 ], [ -168.997473140890975, -85.031927240683885 ], [ -168.996533776897536, -85.202685697715381 ], [ -168.994947844040666, -85.568553048139592 ], [ -168.995192408588082, -85.687020674693841 ], [ -168.995189475100346, -86.051735915664267 ], [ -168.993598124632172, -86.169138073385525 ], [ -168.995644976129597, -86.537010554992833 ], [ -168.991738004737385, -86.6476372488045 ], [ -168.996392620522101, -87.02380008237084 ], [ -168.989802405134014, -87.119859942915383 ], [ -168.997594698358512, -87.511755263388011 ], [ -168.988998813790886, -87.580115682773581 ], [ -168.999592006378407, -88.000673068307805 ], [ -168.996226769587793, -88.014654706232221 ], [ -168.983663462040681, -88.422675350471025 ], [ -168.996702358704169, -88.489534794735007 ], [ -168.971899723838305, -88.874487844967675 ], [ -168.989794788771405, -88.975573279961822 ], [ -168.99407266382434, -89.416442422234184 ], [ -168.99085627006275, -89.433807804329788 ], [ -168.992577773211224, -89.89674443229157 ], [ -168.995470238330654, -89.898916682558223 ], [ -168.990884932064091, -89.900001509059891 ], [ -168.033233571916298, -89.900001509059891 ], [ -48.355568647049779, -89.741916564627218 ], [ 71.322096329965518, -89.583831629093567 ], [ 180.0, -89.440275297390414 ], [ 180.0, -88.0 ], [ 180.0, -86.0 ], [ 180.0, -84.623531809839903 ], [ 174.742026050083751, -84.61846341243978 ], [ 161.257431032758177, -81.612442018455496 ], [ 161.065569367887605, -81.258257110329907 ], [ 160.567036685362638, -80.23534483378512 ], [ 160.361196986973113, -79.731326890802166 ], [ 160.37438964523983, -79.405059813013139 ], [ 160.547850200162543, -78.681553556779448 ], [ 161.009346658729299, -78.641177931460689 ], [ 166.395034787965017, -78.544677732222652 ], [ 162.784388824465481, -77.081430405211719 ], [ 170.991465370730111, -72.182838770003215 ], [ 169.500393669241589, -71.482705235804232 ], [ 169.294596362599577, -71.384388393643121 ], [ 156.204447161623904, -68.973657330779261 ], [ 144.045365864483955, -66.618010305180789 ], [ 141.608649276602762, -66.653797494041839 ], [ 116.375115801791367, -67.045502856159501 ], [ 116.252879322209992, -67.045637226786909 ], [ 113.639077417202429, -65.856317144533634 ], [ 110.9114783614408, -65.856317144533634 ], [ 110.022152035617125, -66.960653758907142 ], [ 106.419322094162425, -66.289819537992855 ], [ 94.170782429720759, -66.436317735680689 ], [ 85.726540328470776, -66.590484712873916 ], [ 85.535936259962511, -66.639717357220022 ], [ 82.448592200026269, -67.434345945754487 ], [ 82.250701332748406, -67.485095366416289 ], [ 79.395962168764811, -68.214664928609082 ], [ 78.35964099438479, -68.478320550950613 ], [ 78.048086349072378, -68.789863965007058 ], [ 77.890424069847427, -69.346016969819772 ], [ 77.557877628108827, -69.354403221965995 ], [ 72.838757431426814, -69.448376450850319 ], [ 72.013411321536864, -71.817436245845343 ], [ 68.255322839169821, -70.34191333703545 ], [ 69.048146566761886, -69.165580845565302 ], [ 69.648141135317019, -69.131465568903522 ], [ 70.428921729612796, -69.087048736421679 ], [ 69.657253020234577, -67.99424986461942 ], [ 60.878022734400702, -68.124215566024802 ], [ 60.043380910645283, -67.780746545630677 ], [ 56.211590755501902, -66.284316022644802 ], [ 54.920389512550287, -65.957467821669269 ], [ 54.152101638106842, -65.957467821669269 ], [ 50.627701139033263, -65.957467821669269 ], [ 50.852342752909578, -66.568530340622416 ], [ 51.43914483098132, -68.103969529560445 ], [ 40.658152604289285, -68.193943073066777 ], [ 37.378903093650592, -69.769077518625267 ], [ 4.871735370427928, -69.769077518625267 ], [ 1.371922724669787, -70.780747662963591 ], [ -10.899394623551245, -70.778274216024101 ], [ -11.452675599962788, -72.803085478350127 ], [ -13.901970075745567, -73.645273486598029 ], [ -35.882385254655446, -78.192504883058717 ], [ -36.700569977484804, -79.211006559678353 ], [ -29.39310329551364, -79.191175522419115 ], [ -30.277744131213922, -80.463411445803771 ], [ -42.913528561039072, -81.22216344592789 ], [ -43.420271897540204, -81.744478753410689 ], [ -53.690674576834681, -81.977934596608662 ], [ -54.947170745412393, -82.474247354266438 ], [ -71.467242342579084, -82.310095092738862 ], [ -72.870273956570713, -82.29617467897404 ], [ -71.464762523957859, -81.266019855457287 ], [ -60.381455610102137, -81.153390332609135 ], [ -59.008281705736636, -80.590293883046783 ], [ -58.145106618974921, -80.128695104093836 ], [ -54.002754211168167, -80.076637266773275 ], [ -52.128845622541235, -80.860655500543146 ], [ -50.311835470966514, -80.803542811752962 ], [ -44.468943559012246, -80.620151541431554 ], [ -44.265134824557776, -80.394303706259848 ], [ -43.208077028636296, -79.262482745024101 ], [ -43.249872957659022, -79.25104597421155 ], [ -48.002721390793965, -77.947669410109881 ], [ -48.605399599525413, -77.782075399227281 ], [ -49.855102356256339, -78.270391374975873 ], [ -52.552087485764901, -78.378160403358081 ], [ -52.729923318257704, -78.378160403358081 ], [ -54.352874782237279, -79.499380789997062 ], [ -59.08278656081734, -79.647377015753776 ], [ -60.320529094234928, -80.133971800238129 ], [ -61.277856994890328, -80.620151541431554 ], [ -78.423731006217395, -80.812342952795021 ], [ -79.756338731968867, -79.662237651627834 ], [ -80.436097173616929, -79.104213582096264 ], [ -83.337448747726512, -76.850277301426843 ], [ -78.986487306826177, -76.762679278679784 ], [ -78.847568294409655, -76.757616322540045 ], [ -75.673598666340183, -76.731100379356391 ], [ -74.882940275617671, -78.14938996075432 ], [ -68.335823058052654, -77.923820495760722 ], [ -66.923321258003512, -76.778998890904674 ], [ -69.809806825085616, -76.49343109259263 ], [ -62.065614412750449, -74.920460917488384 ], [ -60.172817662936609, -73.024126045611411 ], [ -64.094771734961, -68.631201348814727 ], [ -66.304849506520668, -68.713958916284312 ], [ -65.397773742045331, -67.345359802491416 ], [ -63.318296137953098, -66.806555376594702 ], [ -62.077064513055404, -65.26210021887411 ], [ -57.406532286477159, -63.637420654795406 ], [ -55.908773338093283, -63.638995259664767 ], [ -55.761934877519423, -63.639149630633057 ], [ -55.469280242564366, -63.190967560072494 ] ] ], [ [ [ -70.141659493876261, -68.64459483195624 ], [ -71.981880187705883, -68.652778627405553 ], [ -72.943380925629313, -69.700228751681635 ], [ -72.932177338646952, -69.703792528887519 ], [ -70.915703179271887, -69.703792528887519 ], [ -71.361495228777656, -70.205722100257006 ], [ -72.056324469264339, -70.953968915647721 ], [ -75.268476413686869, -71.04235195885768 ], [ -75.342637122244483, -71.130313952275642 ], [ -75.737876143489117, -71.496467689181799 ], [ -75.673145925402281, -71.517411119285356 ], [ -75.516169263331491, -71.568197408312997 ], [ -73.65160369967667, -72.151321410528823 ], [ -72.261133967091482, -71.651151556590975 ], [ -71.917409467503731, -72.143026681907969 ], [ -71.728791013331517, -72.416567500956077 ], [ -68.302486726161362, -72.316635080475876 ], [ -70.141659493876261, -68.64459483195624 ] ] ], [ [ [ -77.158249198431108, -77.22849646030302 ], [ -78.532770316009618, -77.241827804189086 ], [ -80.223136833278744, -77.258219184170059 ], [ -79.773897521160748, -77.670738024306573 ], [ -79.108178218939685, -78.296883188059212 ], [ -76.633162530850996, -78.337904555220831 ], [ -76.459263073455844, -78.340785975464243 ], [ -77.158249198431108, -77.22849646030302 ] ] ], [ [ [ -66.125241720673387, -78.373857834060274 ], [ -67.445669984080979, -78.289715792152549 ], [ -70.306555699501473, -79.170294563191121 ], [ -68.906356421961149, -79.213885187478709 ], [ -66.125241720673387, -78.373857834060274 ] ] ], [ [ [ -159.125667388197996, -79.565748463746942 ], [ -162.903804892985391, -78.69292072843453 ], [ -164.341496452485217, -79.192853130558817 ], [ -160.28395507145504, -79.965924982489099 ], [ -159.125667388197996, -79.565748463746942 ] ] ], [ [ [ -180.0, -84.623531809839903 ], [ -180.0, -86.0 ], [ -180.0, -88.0 ], [ -180.0, -89.440275297390414 ], [ -169.007930442262023, -89.425755499618774 ], [ -169.007433829701284, -89.423145272869306 ], [ -169.831481939296225, -84.651161192921151 ], [ -171.122483574731348, -84.632089246905593 ], [ -180.0, -84.623531809839903 ] ] ] ] } },
{ "type": "Feature", "properties": { "int_cd": 0, "name_fr": "Liechtenstein", "georeg": "EUR", "subreg": "Western Europe", "globalid": "{D00908CF-F77E-484D-A961-3D2BB4FCCD7F}", "geo_cd": 150, "objectid_1": 160, "nam_en": "Liechtenstein", "lbl_en": "LIECHTENSTEIN", "isoclr": "LIE", "stscod": 1, "intreg": " ", "m49_cd": "438", "lbl_fr": "LIECHTENSTEIN", "iso2cd": "LI", "iso3cd": "LIE", "sub_cd": 155, "SHAPE__Length": 177310.00182150718, "objectid": 186, "SHAPE__Area": 1963955561.3197348 }, "geometry": { "type": "Polygon", "coordinates": [ [ [ 9.38059517439725, 47.436791195405604 ], [ 9.38491319203801, 47.017461784147663 ], [ 9.9407638740655, 47.017461784147663 ], [ 9.939710070748889, 47.174186606452736 ], [ 9.937931951009162, 47.436791195405604 ], [ 9.659437269951223, 47.436731476284109 ], [ 9.38059517439725, 47.436791195405604 ] ] ] } },
{ "type": "Feature", "properties": { "int_cd": 0, "name_fr": "Malte", "georeg": "EUR", "subreg": "Southern Europe", "globalid": "{8CB27502-0289-4572-9465-659D2B451557}", "geo_cd": 150, "objectid_1": 161, "nam_en": "Malta", "lbl_en": "MALTA", "isoclr": "MLT", "stscod": 1, "intreg": " ", "m49_cd": "470", "lbl_fr": "MALTE", "iso2cd": "MT", "iso3cd": "MLT", "sub_cd": 39, "SHAPE__Length": 258460.89852340551, "objectid": 183, "SHAPE__Area": 4172513740.3426123 }, "geometry": { "type": "Polygon", "coordinates": [ [ [ 14.752216140220435, 35.637798898751569 ], [ 14.758482160309899, 36.209651452377578 ], [ 14.030480338968671, 36.207158377607229 ], [ 14.025977515908398, 35.635306745862678 ], [ 14.752216140220435, 35.637798898751569 ] ] ] } },
{ "type": "Feature", "properties": { "int_cd": 0, "name_fr": "Timor-Leste", "georeg": "ASI", "subreg": "South-eastern Asia", "globalid": "{1CD802E4-DDD2-4ABC-9815-9833C1B031C8}", "geo_cd": 142, "objectid_1": 162, "nam_en": "Timor-Leste", "lbl_en": "TIMOR-LESTE", "isoclr": "TLS", "stscod": 1, "intreg": " ", "m49_cd": "626", "lbl_fr": "TIMOR-LESTE", "iso2cd": "TL", "iso3cd": "TLS", "sub_cd": 35, "SHAPE__Length": 877387.29403659399, "objectid": 182, "SHAPE__Area": 23461709115.260128 }, "geometry": { "type": "MultiPolygon", "coordinates": [ [ [ [ 125.536113334994113, -8.862006023021493 ], [ 127.244084040821789, -8.862006023021493 ], [ 127.188538269963004, -8.235316481904341 ], [ 125.173639213360502, -8.236222550286048 ], [ 124.463975328147356, -8.914703922762113 ], [ 125.003510698047151, -9.373410385004437 ], [ 125.536113334994113, -8.862006023021493 ] ] ], [ [ [ 124.568640293013161, -9.362723689979129 ], [ 124.261124534646228, -9.109183610877146 ], [ 123.970578921134631, -9.388156992825182 ], [ 124.296689677123027, -9.590502123598187 ], [ 124.568640293013161, -9.362723689979129 ] ] ] ] } },
{ "type": "Feature", "properties": { "int_cd": 0, "name_fr": "Saint-Marin", "georeg": "EUR", "subreg": "Southern Europe", "globalid": "{08942E4E-1F17-48F0-9172-0CD619344B09}", "geo_cd": 150, "objectid_1": 163, "nam_en": "San Marino", "lbl_en": "SAN MARINO", "isoclr": "SMR", "stscod": 1, "intreg": " ", "m49_cd": "674", "lbl_fr": "SAINT-MARIN", "iso2cd": "SM", "iso3cd": "SMR", "sub_cd": 39, "SHAPE__Length": 179824.00815584869, "objectid": 181, "SHAPE__Area": 2021064500.881911 }, "geometry": { "type": "Polygon", "coordinates": [ [ [ 12.771083015812358, 43.715409595227527 ], [ 12.775116307401973, 44.094682821594489 ], [ 12.775428338012025, 44.130528801956238 ], [ 12.733352986385846, 44.130528801956238 ], [ 12.229323188406605, 44.130528801956238 ], [ 12.226314446778082, 43.715409595227527 ], [ 12.771083015812358, 43.715409595227527 ] ] ] } },
{ "type": "Feature", "properties": { "int_cd": 0, "name_fr": "Saint-Siège", "georeg": "EUR", "subreg": "Southern Europe", "globalid": "{DBF13212-5FE6-4165-9665-BC38EED9A45B}", "geo_cd": 150, "objectid_1": 164, "nam_en": "Holy See", "lbl_en": "HOLY SEE", "isoclr": "VAT", "stscod": 1, "intreg": " ", "m49_cd": "336", "lbl_fr": "SAINT-SIÈGE", "iso2cd": "VA", "iso3cd": "VAT", "sub_cd": 39, "SHAPE__Length": 181437.95797496731, "objectid": 180, "SHAPE__Area": 2057537859.9561818 }, "geometry": { "type": "Polygon", "coordinates": [ [ [ 12.197797033526726, 41.707675252001302 ], [ 12.697420896947806, 41.707675252001302 ], [ 12.701246254860763, 42.120162803090288 ], [ 12.701258169386458, 42.121435673569714 ], [ 12.161398476806223, 42.121435673569714 ], [ 12.15896054459302, 41.741549308222815 ], [ 12.158778885036892, 41.707675252001302 ], [ 12.197797033526726, 41.707675252001302 ] ] ] } },
{ "type": "Feature", "properties": { "int_cd": 0, "name_fr": "Tonga", "georeg": "OCE", "subreg": "Polynesia", "globalid": "{96B111E4-41A5-42C5-9A63-820197FF17A3}", "geo_cd": 9, "objectid_1": 165, "nam_en": "Tonga", "lbl_en": "TONGA", "isoclr": "TON", "stscod": 1, "intreg": " ", "m49_cd": "776", "lbl_fr": "TONGA", "iso2cd": "TO", "iso3cd": "TON", "sub_cd": 61, "SHAPE__Length": 546048.74404945306, "objectid": 192, "SHAPE__Area": 9236302103.8339882 }, "geometry": { "type": "MultiPolygon", "coordinates": [ [ [ [ -173.49852603895593, -18.915386647895758 ], [ -173.670847530142026, -18.344797234406574 ], [ -174.363282409364786, -18.347284344510154 ], [ -174.191605873811369, -18.917873757287769 ], [ -173.49852603895593, -18.915386647895758 ] ] ], [ [ [ -174.482995622119262, -21.606308358733951 ], [ -174.66589058313869, -21.035718945525019 ], [ -175.361554270247979, -21.038206054473171 ], [ -175.179363363753367, -21.608795468692545 ], [ -174.482995622119262, -21.606308358733951 ] ] ] ] } },
{ "type": "Feature", "properties": { "int_cd": 0, "name_fr": "Nioué", "georeg": "OCE", "subreg": "Polynesia", "globalid": "{5F9D7740-8F95-415B-BFF0-189864613779}", "geo_cd": 9, "objectid_1": 166, "nam_en": "Niue", "lbl_en": "NIUE", "isoclr": "NIU", "stscod": 1, "intreg": " ", "m49_cd": "570", "lbl_fr": "NIOUÉ", "iso2cd": "NU", "iso3cd": "NIU", "sub_cd": 61, "SHAPE__Length": 273459.50352434156, "objectid": 197, "SHAPE__Area": 4637278178.292285 }, "geometry": { "type": "Polygon", "coordinates": [ [ [ -169.374651762561911, -19.388578071093146 ], [ -169.555830199922866, -18.817988657824657 ], [ -170.248781370294608, -18.820475767715664 ], [ -170.06826655931755, -19.391065181178742 ], [ -169.374651762561911, -19.388578071093146 ] ] ] } },
{ "type": "Feature", "properties": { "int_cd": 0, "name_fr": "Vanuatu", "georeg": "OCE", "subreg": "Melanesia", "globalid": "{E7F525A5-8AFE-46A0-9516-A1FEDBB589B9}", "geo_cd": 9, "objectid_1": 167, "nam_en": "Vanuatu", "lbl_en": "VANUATU", "isoclr": "VUT", "stscod": 1, "intreg": " ", "m49_cd": "548", "lbl_fr": "VANUATU", "iso2cd": "VU", "iso3cd": "VUT", "sub_cd": 54, "SHAPE__Length": 2074354.1222721173, "objectid": 195, "SHAPE__Area": 44980119434.151352 }, "geometry": { "type": "MultiPolygon", "coordinates": [ [ [ [ 168.438324105967808, -15.833767652956427 ], [ 167.19395812573282, -14.928059951121014 ], [ 166.628604291431827, -15.555449079054547 ], [ 167.88283760821443, -16.461156781080273 ], [ 168.438324105967808, -15.833767652956427 ] ] ], [ [ [ 168.012584708653719, -13.811762014503294 ], [ 166.802373045085346, -12.906054312810671 ], [ 166.566974516310751, -13.187008842279679 ], [ 167.436215985479208, -14.439151142510779 ], [ 168.012584708653719, -13.811762014503294 ] ] ], [ [ [ 170.250826926964578, -20.521980469783184 ], [ 170.08884966297515, -19.951391055151721 ], [ 169.394463225278315, -19.953878165265554 ], [ 169.55571949408565, -20.524467579088061 ], [ 170.250826926964578, -20.521980469783184 ] ] ], [ [ [ 169.699347816748286, -19.260056529576641 ], [ 169.540131080494888, -18.689467116607627 ], [ 168.847237928281686, -18.691954225742951 ], [ 169.005793209917186, -19.262543639705729 ], [ 169.699347816748286, -19.260056529576641 ] ] ], [ [ [ 168.866573199159376, -18.104276884972222 ], [ 168.71861101355708, -17.533687472551275 ], [ 168.026984723696273, -17.536174582194263 ], [ 168.174332231662163, -18.106763995385403 ], [ 168.866573199159376, -18.104276884972222 ] ] ], [ [ [ 168.741652132580015, -17.167700719584232 ], [ 168.602210466111984, -16.5971113060221 ], [ 167.911543859265379, -16.599598416307298 ], [ 168.050408466453888, -17.170187829418833 ], [ 168.741652132580015, -17.167700719584232 ] ] ] ] } },
{ "type": "Feature", "properties": { "int_cd": 14, "name_fr": "Maurice", "georeg": "AFR", "subreg": "Sub-Saharan Africa", "globalid": "{176B92FD-297E-4CB3-BF1F-3D5F5E37A8DD}", "geo_cd": 2, "objectid_1": 168, "nam_en": "Mauritius", "lbl_en": "MAURITIUS", "isoclr": "MUS", "stscod": 1, "intreg": "Eastern Africa", "m49_cd": "480", "lbl_fr": "MAURICE", "iso2cd": "MU", "iso3cd": "MUS", "sub_cd": 202, "SHAPE__Length": 1101551.1559154827, "objectid": 194, "SHAPE__Area": 18866810704.06319 }, "geometry": { "type": "MultiPolygon", "coordinates": [ [ [ [ 57.07658569623775, -10.749032867841569 ], [ 57.019611697309493, -10.178443454650548 ], [ 56.325366599784466, -10.180930564432749 ], [ 56.381620421705122, -10.751519977768265 ], [ 57.07658569623775, -10.749032867841569 ] ] ], [ [ [ 57.868529073109407, -20.580529845760932 ], [ 57.81907968981907, -20.009940433247632 ], [ 57.124098014048968, -20.012427543251132 ], [ 57.172857618125157, -20.583016955801991 ], [ 57.868529073109407, -20.580529845760932 ] ] ], [ [ [ 63.791156241462332, -20.017729957495703 ], [ 63.734182242310595, -19.44714054452708 ], [ 63.039937145084245, -19.449627654839219 ], [ 63.096190967192392, -20.020217067606399 ], [ 63.791156241462332, -20.017729957495703 ] ] ], [ [ [ 72.753557179375292, -7.627902475065395 ], [ 72.731425734784878, -7.05731306208416 ], [ 72.047400981369861, -7.059800170951267 ], [ 72.069321436203253, -7.630389585082094 ], [ 72.753557179375292, -7.627902475065395 ] ] ] ] } },
{ "type": "Feature", "properties": { "int_cd": 29, "name_fr": "Saint-Kitts-et-Nevis", "georeg": "AME", "subreg": "Latin America and the Caribbean", "globalid": "{8BC5AB4D-6CA2-4033-8E41-5E90DE727D40}", "geo_cd": 19, "objectid_1": 169, "nam_en": "Saint Kitts and Nevis", "lbl_en": "SAINT KITTS AND NEVIS", "isoclr": "KNA", "stscod": 1, "intreg": "Caribbean", "m49_cd": "659", "lbl_fr": "SAINT-KITTS-ET-NEVIS", "iso2cd": "KN", "iso3cd": "KNA", "sub_cd": 419, "SHAPE__Length": 274184.13980201178, "objectid": 179, "SHAPE__Area": 4671991381.2249718 }, "geometry": { "type": "Polygon", "coordinates": [ [ [ -62.354760494136059, 16.935732633183676 ], [ -62.417582221920647, 17.510588231982556 ], [ -63.109510521531597, 17.50810112276762 ], [ -63.041134871302191, 16.93751170873022 ], [ -62.354760494136059, 16.935732633183676 ] ] ] } },
{ "type": "Feature", "properties": { "int_cd": 29, "name_fr": "République Dominicaine", "georeg": "AME", "subreg": "Latin America and the Caribbean", "globalid": "{35AF9A77-22C2-4264-A758-4FA84EBCDF11}", "geo_cd": 19, "objectid_1": 170, "nam_en": "Dominican Republic", "lbl_en": "DOMINICAN REPUBLIC", "isoclr": "DOM", "stscod": 1, "intreg": "Caribbean", "m49_cd": "214", "lbl_fr": "RÉPUBLIQUE DOMINICAINE", "iso2cd": "DO", "iso3cd": "DOM", "sub_cd": 419, "SHAPE__Length": 919136.44378881226, "objectid": 178, "SHAPE__Area": 52577183940.635185 }, "geometry": { "type": "Polygon", "coordinates": [ [ [ -70.340327106213962, 20.014337645551571 ], [ -71.750850251118834, 20.014690263671731 ], [ -71.48312597589333, 18.119781329747696 ], [ -68.629278407553386, 18.121382492343432 ], [ -68.698778795452895, 18.726050562384252 ], [ -70.340327106213962, 20.014337645551571 ] ] ] } },
{ "type": "Feature", "properties": { "int_cd": 0, "name_fr": "Émirats Arabes Unis", "georeg": "ASI", "subreg": "Western Asia", "globalid": "{F4D65E41-3441-4168-9E33-599C92E3E5B5}", "geo_cd": 142, "objectid_1": 171, "nam_en": "United Arab Emirates", "lbl_en": "UNITED ARAB EMIRATES", "isoclr": "ARE", "stscod": 1, "intreg": " ", "m49_cd": "784", "lbl_fr": "ÉMIRATS ARABES UNIS", "iso2cd": "AE", "iso3cd": "ARE", "sub_cd": 145, "SHAPE__Length": 1541631.5643799908, "objectid": 177, "SHAPE__Area": 80314917208.233826 }, "geometry": { "type": "Polygon", "coordinates": [ [ [ 56.175159910548963, 26.374272931159435 ], [ 55.989978627883815, 26.374049636910449 ], [ 54.696857733793109, 24.552255489247411 ], [ 51.564170934846175, 24.551518901741041 ], [ 51.592380758104007, 24.253376616785634 ], [ 51.591452134570069, 24.122818778754876 ], [ 51.624807740333218, 24.082918493787837 ], [ 52.583352231153803, 22.93574776061698 ], [ 53.936843212825096, 22.772025039515462 ], [ 54.930166392142191, 22.651826003179437 ], [ 55.08819596943038, 24.135455481639479 ], [ 56.373968233979532, 24.980152643733014 ], [ 56.483625549475725, 25.779878978533265 ], [ 56.093908596278716, 25.779896584820921 ], [ 56.175159910548963, 26.374272931159435 ] ] ] } },
{ "type": "Feature", "properties": { "int_cd": 0, "name_fr": "Viet Nam", "georeg": "ASI", "subreg": "South-eastern Asia", "globalid": "{FBA04855-A89D-45E8-96A7-B903B1ED85DD}", "geo_cd": 142, "objectid_1": 172, "nam_en": "Viet Nam", "lbl_en": "VIET NAM", "isoclr": "VNM", "stscod": 1, "intreg": " ", "m49_cd": "704", "lbl_fr": "VIET NAM", "iso2cd": "VN", "iso3cd": "VNM", "sub_cd": 35, "SHAPE__Length": 5321713.0590933803, "objectid": 176, "SHAPE__Area": 349752106643.0047 }, "geometry": { "type": "Polygon", "coordinates": [ [ [ 106.924872161268169, 23.12719577070694 ], [ 102.392601275686076, 23.127195771505072 ], [ 103.124453568360551, 22.367561701580296 ], [ 104.721969210377495, 20.714240490363391 ], [ 104.573766124421411, 19.909922063534271 ], [ 104.058825087234084, 19.909922063534271 ], [ 103.966865966583256, 19.418394135855646 ], [ 107.268876686623145, 16.044725178640959 ], [ 107.057279557049284, 14.59248357438867 ], [ 108.589375186041536, 14.59248357438867 ], [ 108.322900070824446, 12.514660971325407 ], [ 104.854177734988241, 10.144949798891922 ], [ 104.693785758074981, 8.219397155632729 ], [ 104.891234441282322, 8.357593218884674 ], [ 108.309840207499263, 10.727304391623003 ], [ 109.208997095943062, 11.342085879811368 ], [ 109.661424674170448, 14.949958430800599 ], [ 106.078586943749144, 18.591733530334082 ], [ 106.399843012570784, 20.312081276589407 ], [ 107.510745173347217, 21.138741882397273 ], [ 108.10421652582518, 21.138741882397273 ], [ 108.280808111202631, 22.032429022627912 ], [ 106.70424771024976, 22.032429022627912 ], [ 106.924872161268169, 23.12719577070694 ] ] ] } },
{ "type": "Feature", "properties": { "int_cd": 0, "name_fr": "République Démocratique Populaire du Laos", "georeg": "ASI", "subreg": "South-eastern Asia", "globalid": "{3EB1AF26-13CA-4ADF-A11E-528A25729DCB}", "geo_cd": 142, "objectid_1": 173, "nam_en": "Lao People's Democratic Republic", "lbl_en": "LAO PEOPLE'S DEMOCRATIC REPUBLIC", "isoclr": "LAO", "stscod": 1, "intreg": " ", "m49_cd": "418", "lbl_fr": "RÉPUBLIQUE DÉMOCRATIQUE POPULAIRE DU LAOS", "iso2cd": "LA", "iso3cd": "LAO", "sub_cd": 35, "SHAPE__Length": 3134204.264204693, "objectid": 175, "SHAPE__Area": 235941246483.4545 }, "geometry": { "type": "Polygon", "coordinates": [ [ [ 103.124453568360551, 22.367561701580296 ], [ 102.392601275686076, 23.127195771505072 ], [ 102.014684383885083, 21.138741882397273 ], [ 100.647119962006784, 21.138741882397273 ], [ 100.539036372065269, 20.535503062166871 ], [ 101.495833596201095, 19.552447207357606 ], [ 101.18626538228159, 17.775543685415364 ], [ 103.984463034654453, 17.76507292528829 ], [ 105.15100737493546, 16.580937463042634 ], [ 104.861275820292349, 14.59248357438867 ], [ 107.057279557049284, 14.59248357438867 ], [ 107.268876686623145, 16.044725178640959 ], [ 103.966865966583256, 19.418394135855646 ], [ 104.058825087234084, 19.909922063534271 ], [ 104.573766124421411, 19.909922063534271 ], [ 104.721969210377495, 20.714240490363391 ], [ 103.124453568360551, 22.367561701580296 ] ] ] } },
{ "type": "Feature", "properties": { "int_cd": 0, "name_fr": "Singapour", "georeg": "ASI", "subreg": "South-eastern Asia", "globalid": "{E5044DAB-C949-484B-848F-AFB80F733602}", "geo_cd": 142, "objectid_1": 174, "nam_en": "Singapore", "lbl_en": "SINGAPORE", "isoclr": "SGP", "stscod": 1, "intreg": " ", "m49_cd": "702", "lbl_fr": "SINGAPOUR", "iso2cd": "SG", "iso3cd": "SGP", "sub_cd": 35, "SHAPE__Length": 278803.76495745487, "objectid": 174, "SHAPE__Area": 4827822014.9456024 }, "geometry": { "type": "Polygon", "coordinates": [ [ [ 104.769476380920921, 0.227254866836736 ], [ 104.769884174214056, 0.797844280323527 ], [ 104.087044833670902, 0.795357170172573 ], [ 104.086674200904326, 0.224767757650311 ], [ 104.769476380920921, 0.227254866836736 ] ] ] } },
{ "type": "Feature", "properties": { "int_cd": 0, "name_fr": "Monaco", "georeg": "EUR", "subreg": "Western Europe", "globalid": "{1CD82C0B-9959-44B1-9C54-40AE3C8A6C6C}", "geo_cd": 150, "objectid_1": 175, "nam_en": "Monaco", "lbl_en": "MONACO", "isoclr": "MCO", "stscod": 1, "intreg": " ", "m49_cd": "492", "lbl_fr": "MONACO", "iso2cd": "MC", "iso3cd": "MCO", "sub_cd": 155, "SHAPE__Length": 174470.93517683295, "objectid": 173, "SHAPE__Area": 1899997793.4375775 }, "geometry": { "type": "Polygon", "coordinates": [ [ [ 6.931424318978637, 43.557512045420857 ], [ 6.948941836653396, 43.964274085135287 ], [ 6.426792554161233, 43.965284674128597 ], [ 6.411437903979624, 43.5572263721266 ], [ 6.931424318978637, 43.557512045420857 ] ] ] } },
{ "type": "Feature", "properties": { "int_cd": 0, "name_fr": "France", "georeg": "EUR", "subreg": "Western Europe", "globalid": "{E5FE099B-2FEA-481F-BC9D-ADA40DB73652}", "geo_cd": 150, "objectid_1": 176, "nam_en": "France", "lbl_en": "FRANCE", "isoclr": "FRA", "stscod": 1, "intreg": " ", "m49_cd": "250", "lbl_fr": "FRANCE", "iso2cd": "FR", "iso3cd": "FRA", "sub_cd": 155, "SHAPE__Length": 3989077.5524838213, "objectid": 172, "SHAPE__Area": 539926607573.37317 }, "geometry": { "type": "MultiPolygon", "coordinates": [ [ [ [ 2.102038694780964, 51.257808842391078 ], [ -0.159390797908544, 49.478150718837732 ], [ -0.789752813186932, 49.975987104396033 ], [ -1.758708199946737, 49.975987104396033 ], [ -1.74602493563731, 48.904541615744748 ], [ -4.776222807521698, 48.904541615744748 ], [ -4.740499055332789, 47.75993566269559 ], [ -2.902919146158289, 47.778984015358461 ], [ -1.675035331786259, 46.808739242533733 ], [ -1.643007896903361, 43.632506283788246 ], [ -0.872878964388602, 43.014883536832059 ], [ 0.795983766240952, 43.014883536832059 ], [ 0.797768666592447, 43.187130205590336 ], [ 1.31310692742734, 43.187130205590336 ], [ 1.311814065125973, 43.014883536832059 ], [ 3.187025794214517, 43.014776784421144 ], [ 3.196025809547296, 43.5572263721266 ], [ 5.732675620226163, 43.5572263721266 ], [ 6.411425633362543, 43.5572263721266 ], [ 6.411437903979624, 43.5572263721266 ], [ 6.426792554161233, 43.965284674128597 ], [ 6.948941836653396, 43.964274085135287 ], [ 6.94894203590758, 43.964278787881959 ], [ 7.044637421559127, 46.237993282559742 ], [ 6.820646607752303, 46.424095270961573 ], [ 6.293647583161559, 46.014507134419389 ], [ 6.328348624768586, 46.896290936048537 ], [ 7.149251281588692, 47.530954066238195 ], [ 7.255425241112084, 49.774150455498436 ], [ 7.033147563902037, 49.774150455498436 ], [ 6.003329637493895, 49.774150455498436 ], [ 3.943693779669297, 49.774150455498436 ], [ 2.102038694780964, 51.257808842391078 ] ] ], [ [ [ 9.417525661033345, 41.682228521400788 ], [ 9.488897042702407, 43.041191894021416 ], [ 8.59835686368424, 42.346876828290696 ], [ 8.567099762831749, 41.682228521400788 ], [ 9.417525661033345, 41.682228521400788 ] ] ] ] } },
{ "type": "Feature", "properties": { "int_cd": 0, "name_fr": "Norvège", "georeg": "EUR", "subreg": "Northern Europe", "globalid": "{70FB5C9B-67A1-4AEF-BFAC-159EFF499DE1}", "geo_cd": 150, "objectid_1": 177, "nam_en": "Norway", "lbl_en": "NORWAY", "isoclr": "NOR", "stscod": 1, "intreg": " ", "m49_cd": "578", "lbl_fr": "NORVÈGE", "iso2cd": "NO", "iso3cd": "NOR", "sub_cd": 154, "SHAPE__Length": 4982239.3220499735, "objectid": 167, "SHAPE__Area": 391617823741.86469 }, "geometry": { "type": "Polygon", "coordinates": [ [ [ 31.139632810868637, 70.05638834983705 ], [ 28.672328587048167, 71.2944947865507 ], [ 22.726166190411092, 71.2944947865507 ], [ 20.889013914182843, 70.132567006308193 ], [ 18.007020442468065, 70.132567006308193 ], [ 15.213248278069813, 67.73639712284492 ], [ 14.283707407448412, 67.71831958374527 ], [ 8.492151404376687, 63.678422646333459 ], [ 7.400139516870142, 63.678422646333459 ], [ 4.803690170012342, 61.791224297913033 ], [ 4.677818886818135, 58.965949772587969 ], [ 6.174143614741147, 57.762673372110548 ], [ 8.237368773408582, 57.762673372110548 ], [ 9.475267755464946, 58.664372983491106 ], [ 10.5587069596702, 58.664372983491106 ], [ 11.970863736093479, 59.671614379700827 ], [ 12.464033069876281, 63.782719929063433 ], [ 13.830510285909693, 63.782719929063433 ], [ 14.108106954971337, 65.677272178162752 ], [ 16.808676128558375, 67.501628676250732 ], [ 16.924793488170458, 68.116739093444835 ], [ 18.117894769001403, 68.116739093444835 ], [ 18.299050535621173, 68.991269998547963 ], [ 20.2753843350539, 68.991264035282171 ], [ 20.318076569305582, 69.174383139141909 ], [ 22.540011011636629, 69.174383139141909 ], [ 23.501481994235608, 68.261991474805455 ], [ 26.689089262950368, 70.244301262475375 ], [ 28.84128267871472, 70.244301262475375 ], [ 28.181588866566933, 68.27430917398253 ], [ 31.139632810868637, 70.05638834983705 ] ] ] } },
{ "type": "Feature", "properties": { "int_cd": 0, "name_fr": "Finlande", "georeg": "EUR", "subreg": "Northern Europe", "globalid": "{AFD72FC8-8875-41EE-97F9-00EE5C80AEC5}", "geo_cd": 150, "objectid_1": 178, "nam_en": "Finland", "lbl_en": "FINLAND", "isoclr": "FIN", "stscod": 1, "intreg": " ", "m49_cd": "246", "lbl_fr": "FINLANDE", "iso2cd": "FI", "iso3cd": "FIN", "sub_cd": 154, "SHAPE__Length": 3220301.3653044733, "objectid": 166, "SHAPE__Area": 337035037266.86731 }, "geometry": { "type": "Polygon", "coordinates": [ [ [ 28.181588866566933, 68.27430917398253 ], [ 28.84128267871472, 70.244301262475375 ], [ 26.689089262950368, 70.244301262475375 ], [ 23.501481994235608, 68.261991474805455 ], [ 22.540011011636629, 69.174383139141909 ], [ 20.318076569305582, 69.174383139141909 ], [ 20.2753843350539, 68.991264035282171 ], [ 20.190752518395445, 68.625999230850937 ], [ 21.534758968767708, 68.625999230850937 ], [ 23.682832407810828, 66.603460268199441 ], [ 23.447265264452064, 65.677272178162752 ], [ 25.073486860723577, 65.677272178162752 ], [ 24.831097040192269, 64.759990346002965 ], [ 21.393068408050318, 62.536309571610062 ], [ 21.099384609907279, 61.130242000415031 ], [ 22.542673576932543, 59.806343855886716 ], [ 24.33859310611447, 59.806343855886716 ], [ 25.324977626358372, 60.449432563280496 ], [ 28.35746076932902, 60.449432563280496 ], [ 30.791105998627376, 61.997977128937983 ], [ 31.272006492039004, 63.541016711407259 ], [ 29.31301722202884, 63.541016711407259 ], [ 29.971691810554876, 65.665255442475015 ], [ 27.98447246573571, 67.649257245474047 ], [ 28.181588866566933, 68.27430917398253 ] ] ] } },
{ "type": "Feature", "properties": { "int_cd": 0, "name_fr": "Suède", "georeg": "EUR", "subreg": "Northern Europe", "globalid": "{B0CFA488-0987-4B16-B8F3-F0848E3F2914}", "geo_cd": 150, "objectid_1": 179, "nam_en": "Sweden", "lbl_en": "SWEDEN", "isoclr": "SWE", "stscod": 1, "intreg": " ", "m49_cd": "752", "lbl_fr": "SUÈDE", "iso2cd": "SE", "iso3cd": "SWE", "sub_cd": 154, "SHAPE__Length": 3594697.7202408509, "objectid": 164, "SHAPE__Area": 443934567796.62573 }, "geometry": { "type": "Polygon", "coordinates": [ [ [ 20.2753843350539, 68.991264035282171 ], [ 18.299050535621173, 68.991269998547963 ], [ 18.117894769001403, 68.116739093444835 ], [ 16.924793488170458, 68.116739093444835 ], [ 16.808676128558375, 67.501628676250732 ], [ 14.108106954971337, 65.677272178162752 ], [ 13.830510285909693, 63.782719929063433 ], [ 12.464033069876281, 63.782719929063433 ], [ 11.970863736093479, 59.671614379700827 ], [ 10.5587069596702, 58.664372983491106 ], [ 12.964598877237341, 56.633583297882033 ], [ 12.773862019357054, 54.887804579089256 ], [ 14.07372896723543, 54.887804579089256 ], [ 14.243055562934259, 56.302834640978681 ], [ 16.452068536668115, 56.290296202472611 ], [ 16.778668806413279, 58.53050169018568 ], [ 19.043441639198765, 60.076381892510724 ], [ 17.937981424919222, 61.062012803436275 ], [ 18.269118204218039, 62.915969975810341 ], [ 20.896822905720704, 64.654949586610599 ], [ 21.124091553638213, 65.677272178162752 ], [ 23.447265264452064, 65.677272178162752 ], [ 23.682832407810828, 66.603460268199441 ], [ 21.534758968767708, 68.625999230850937 ], [ 20.190752518395445, 68.625999230850937 ], [ 20.2753843350539, 68.991264035282171 ] ] ] } },
{ "type": "Feature", "properties": { "int_cd": 0, "name_fr": "Islande", "georeg": "EUR", "subreg": "Northern Europe", "globalid": "{EEC83D16-0934-4EC0-80B4-3FCDDD1E0279}", "geo_cd": 150, "objectid_1": 180, "nam_en": "Iceland", "lbl_en": "ICELAND", "isoclr": "ISL", "stscod": 1, "intreg": " ", "m49_cd": "352", "lbl_fr": "ISLANDE", "iso2cd": "IS", "iso3cd": "ISL", "sub_cd": 154, "SHAPE__Length": 1867411.7200246127, "objectid": 163, "SHAPE__Area": 118020691418.70853 }, "geometry": { "type": "Polygon", "coordinates": [ [ [ -21.349125427831407, 65.595933477135887 ], [ -21.570796580265011, 66.554350808265326 ], [ -23.555099394631174, 66.554350808265326 ], [ -24.472523106218308, 65.682058848957553 ], [ -24.390440664515772, 65.366599944097672 ], [ -22.928130989282575, 65.366599944097672 ], [ -22.527779439975625, 63.680308863533675 ], [ -20.833120492121221, 63.680308863533675 ], [ -18.562048342514622, 62.873696875270497 ], [ -17.418366980534859, 63.898551017491791 ], [ -15.498362770098241, 63.898551017491791 ], [ -14.222291279418268, 65.009233230902879 ], [ -14.399678988052566, 66.171403194953982 ], [ -20.554819850219548, 66.17140319357668 ], [ -20.427886871032687, 65.594241806804007 ], [ -21.349125427831407, 65.595933477135887 ] ] ] } },
{ "type": "Feature", "properties": { "int_cd": 0, "name_fr": "Allemagne", "georeg": "EUR", "subreg": "Western Europe", "globalid": "{C8F801B9-C4D6-49CB-B445-A407E6E74EAD}", "geo_cd": 150, "objectid_1": 181, "nam_en": "Germany", "lbl_en": "GERMANY", "isoclr": "DEU", "stscod": 1, "intreg": " ", "m49_cd": "276", "lbl_fr": "ALLEMAGNE", "iso2cd": "DE", "iso3cd": "DEU", "sub_cd": 155, "SHAPE__Length": 2613909.8586645089, "objectid": 169, "SHAPE__Area": 354204645437.2301 }, "geometry": { "type": "Polygon", "coordinates": [ [ [ 9.468533157480154, 54.554668948118007 ], [ 7.964715771260212, 54.554670300525935 ], [ 7.87295252870426, 53.148741255515084 ], [ 6.774766075600676, 53.148741255515084 ], [ 6.705980722973544, 51.781091137352696 ], [ 6.091263745626773, 51.783491246935156 ], [ 6.034358428379192, 50.590468810314512 ], [ 7.033147563902037, 49.774150455498436 ], [ 7.255425241112084, 49.774150455498436 ], [ 7.149251281588692, 47.530954066238195 ], [ 9.658467925310427, 47.527925833113784 ], [ 9.674599980950637, 47.767669739969136 ], [ 12.688806420782891, 47.767669739969136 ], [ 12.729000707820529, 48.254025007656082 ], [ 13.646919927772846, 48.94447707185158 ], [ 12.662140455195955, 49.784433532233564 ], [ 14.071812013291883, 50.823183226856557 ], [ 14.458127295995702, 54.319789123370306 ], [ 9.750578872936646, 54.319789123370306 ], [ 9.468533157480154, 54.554668948118007 ] ] ] } },
{ "type": "Feature", "properties": { "int_cd": 0, "name_fr": "Luxembourg", "georeg": "EUR", "subreg": "Western Europe", "globalid": "{3A0E5FC4-3BE3-477F-8544-78B888E77D05}", "geo_cd": 150, "objectid_1": 182, "nam_en": "Luxembourg", "lbl_en": "LUXEMBOURG", "isoclr": "LUX", "stscod": 1, "intreg": " ", "m49_cd": "442", "lbl_fr": "LUXEMBOURG", "iso2cd": "LU", "iso3cd": "LUX", "sub_cd": 155, "SHAPE__Length": 276044.9286938117, "objectid": 168, "SHAPE__Area": 3345181608.6409297 }, "geometry": { "type": "Polygon", "coordinates": [ [ [ 7.033147563902037, 49.774150455498436 ], [ 6.034358428379192, 50.590468810314512 ], [ 6.034295854598914, 50.589168257437024 ], [ 6.003329637493895, 49.774150455498436 ], [ 7.033147563902037, 49.774150455498436 ] ] ] } },
{ "type": "Feature", "properties": { "int_cd": 0, "name_fr": "Andorre", "georeg": "EUR", "subreg": "Southern Europe", "globalid": "{F0EFFA20-D28B-46FB-A5C9-6CC8C072646D}", "geo_cd": 150, "objectid_1": 183, "nam_en": "Andorra", "lbl_en": "ANDORRA", "isoclr": "AND", "stscod": 1, "intreg": " ", "m49_cd": "020", "lbl_fr": "ANDORRE", "iso2cd": "AD", "iso3cd": "AND", "sub_cd": 39, "SHAPE__Length": 168940.07955887553, "objectid": 170, "SHAPE__Area": 1781870315.3181818 }, "geometry": { "type": "Polygon", "coordinates": [ [ [ 1.310257963038421, 42.805791969057864 ], [ 1.311814065125973, 43.014883536832059 ], [ 1.31310692742734, 43.187130205590336 ], [ 0.797768666592447, 43.187130205590336 ], [ 0.795983766240952, 43.014883536832059 ], [ 0.795039554249664, 42.805791969057864 ], [ 1.310257963038421, 42.805791969057864 ] ] ] } },
{ "type": "Feature", "properties": { "int_cd": 0, "name_fr": " ", "georeg": "AFR", "subreg": "Northern Africa", "globalid": "{32C08BBF-8AB1-4575-A980-1EC6EA4F81EA}", "geo_cd": 2, "objectid_1": 239, "nam_en": " ", "lbl_en": " ", "isoclr": "SDN", "stscod": 99, "intreg": " ", "m49_cd": "729", "lbl_fr": " ", "iso2cd": "SD", "iso3cd": "SDN", "sub_cd": 15, "SHAPE__Length": 709039.09275615448, "objectid": 246, "SHAPE__Area": 22658186154.632523 }, "geometry": { "type": "Polygon", "coordinates": [ [ [ 37.061647213029325, 21.773611587775065 ], [ 37.114360480696966, 22.523524473654355 ], [ 36.625594415552541, 22.970252278997748 ], [ 34.088205195577807, 21.773535855183962 ], [ 37.061647213029325, 21.773611587775065 ] ] ] } },
{ "type": "Feature", "properties": { "int_cd": 0, "name_fr": "Égypte", "georeg": "AFR", "subreg": "Northern Africa", "globalid": "{08774A09-75F1-47AB-BE6D-673A6BBDCF94}", "geo_cd": 2, "objectid_1": 184, "nam_en": "Egypt", "lbl_en": "EGYPT", "isoclr": "EGY", "stscod": 1, "intreg": " ", "m49_cd": "818", "lbl_fr": "ÉGYPTE", "iso2cd": "EG", "iso3cd": "EGY", "sub_cd": 15, "SHAPE__Length": 4735814.2458551405, "objectid": 171, "SHAPE__Area": 1007814144153.9591 }, "geometry": { "type": "Polygon", "coordinates": [ [ [ 34.088205195577807, 21.773535855183962 ], [ 36.625594415552541, 22.970252278997748 ], [ 34.756675489668268, 24.67374101100301 ], [ 34.918350022383976, 26.781029833890482 ], [ 32.09786395555161, 28.976554442441934 ], [ 32.712536698630423, 29.459485197757168 ], [ 34.16362067494299, 28.210053280781601 ], [ 34.918059767011677, 28.802873451755143 ], [ 34.920045265726692, 28.804429594806034 ], [ 33.703737010023488, 31.094506176193129 ], [ 33.491751781757863, 31.495061873682378 ], [ 30.012181560954673, 31.495061873682378 ], [ 29.203561178562261, 30.878119166285632 ], [ 28.293059738399826, 30.880638686819815 ], [ 27.590885024106129, 31.495061873682378 ], [ 25.485203096111725, 31.495061873682378 ], [ 24.878936273469158, 21.773301297330161 ], [ 33.229152685541727, 21.77351397600286 ], [ 34.088205195577807, 21.773535855183962 ] ] ] } },
{ "type": "Feature", "properties": { "int_cd": 0, "name_fr": "Estonie", "georeg": "EUR", "subreg": "Northern Europe", "globalid": "{9ED348DB-F844-44EC-A49F-B895F6741074}", "geo_cd": 150, "objectid_1": 185, "nam_en": "Estonia", "lbl_en": "ESTONIA", "isoclr": "EST", "stscod": 1, "intreg": " ", "m49_cd": "233", "lbl_fr": "ESTONIE", "iso2cd": "EE", "iso3cd": "EST", "sub_cd": 154, "SHAPE__Length": 972027.822356574, "objectid": 162, "SHAPE__Area": 44072546563.520668 }, "geometry": { "type": "Polygon", "coordinates": [ [ [ 27.681069432806552, 57.962935863383166 ], [ 28.116871096608811, 59.651413746013162 ], [ 24.810231977265353, 59.651413746013162 ], [ 22.795224640962118, 58.323198509059964 ], [ 23.987609221231498, 58.323198509059964 ], [ 23.909782757863987, 57.962660398989826 ], [ 27.681069432806552, 57.962935863383166 ] ] ] } },
{ "type": "Feature", "properties": { "int_cd": 0, "name_fr": "Lettonie", "georeg": "EUR", "subreg": "Northern Europe", "globalid": "{B43C34A3-76F6-4BCB-9EB0-4ACD02FA50FA}", "geo_cd": 150, "objectid_1": 186, "nam_en": "Latvia", "lbl_en": "LATVIA", "isoclr": "LVA", "stscod": 1, "intreg": " ", "m49_cd": "428", "lbl_fr": "LETTONIE", "iso2cd": "LV", "iso3cd": "LVA", "sub_cd": 154, "SHAPE__Length": 1268786.9079910489, "objectid": 161, "SHAPE__Area": 61360277292.003616 }, "geometry": { "type": "Polygon", "coordinates": [ [ [ 27.239853231166776, 56.170703809849691 ], [ 27.681069432806552, 57.962935863383166 ], [ 23.909782757863987, 57.962660398989826 ], [ 23.673176216009537, 56.84557968106764 ], [ 22.72337771863198, 57.722702620315275 ], [ 21.598053710417425, 56.964936854146188 ], [ 21.450056668776352, 56.170703809849691 ], [ 27.239853231166776, 56.170703809849691 ] ] ] } },
{ "type": "Feature", "properties": { "int_cd": 0, "name_fr": "Danemark", "georeg": "EUR", "subreg": "Northern Europe", "globalid": "{63F81B67-120E-402A-9CBA-B4ABE91F4668}", "geo_cd": 150, "objectid_1": 187, "nam_en": "Denmark", "lbl_en": "DENMARK", "isoclr": "DNK", "stscod": 1, "intreg": " ", "m49_cd": "208", "lbl_fr": "DANEMARK", "iso2cd": "DK", "iso3cd": "DNK", "sub_cd": 154, "SHAPE__Length": 1086213.349114574, "objectid": 160, "SHAPE__Area": 37070607438.478928 }, "geometry": { "type": "MultiPolygon", "coordinates": [ [ [ [ 9.2326341446526, 54.750576745523496 ], [ 11.448822321018085, 56.368936140324124 ], [ 10.359422284556107, 57.283608447827092 ], [ 8.03156807414439, 55.577300619082358 ], [ 7.964715771260212, 54.554670300525935 ], [ 9.468533157480154, 54.554668948118007 ], [ 9.2326341446526, 54.750576745523496 ] ] ], [ [ [ 11.275722674364708, 54.626468034542718 ], [ 11.353322980276927, 55.446515358958237 ], [ 10.569054997294025, 55.446515358958237 ], [ 10.496815186401012, 54.626468034542718 ], [ 11.275722674364708, 54.626468034542718 ] ] ] ] } },
{ "type": "Feature", "properties": { "int_cd": 0, "name_fr": "Bélarus", "georeg": "EUR", "subreg": "Eastern Europe", "globalid": "{150D6559-918D-49FE-829C-98C2E6600347}", "geo_cd": 150, "objectid_1": 188, "nam_en": "Belarus", "lbl_en": "BELARUS", "isoclr": "BLR", "stscod": 1, "intreg": " ", "m49_cd": "112", "lbl_fr": "BÉLARUS", "iso2cd": "BY", "iso3cd": "BLR", "sub_cd": 151, "SHAPE__Length": 1995327.5560162528, "objectid": 159, "SHAPE__Area": 206834705308.33398 }, "geometry": { "type": "Polygon", "coordinates": [ [ [ 30.595377176580918, 54.398057847772719 ], [ 31.054729225947966, 56.170703809849691 ], [ 27.239853231166776, 56.170703809849691 ], [ 26.827961980216326, 54.319789123370306 ], [ 24.474187769982812, 54.319789123370306 ], [ 23.934965024401649, 51.45589959302972 ], [ 30.89310057855479, 51.45589959302972 ], [ 31.84530638624949, 52.093073077685737 ], [ 32.061218810994156, 52.967078026621934 ], [ 30.595377176580918, 54.398057847772719 ] ] ] } },
{ "type": "Feature", "properties": { "int_cd": 0, "name_fr": "Lituanie", "georeg": "EUR", "subreg": "Northern Europe", "globalid": "{AB098FF6-19AD-4E38-9CA4-7A20DCD38649}", "geo_cd": 150, "objectid_1": 189, "nam_en": "Lithuania", "lbl_en": "LITHUANIA", "isoclr": "LTU", "stscod": 1, "intreg": " ", "m49_cd": "440", "lbl_fr": "LITUANIE", "iso2cd": "LT", "iso3cd": "LTU", "sub_cd": 154, "SHAPE__Length": 1303224.4057642501, "objectid": 158, "SHAPE__Area": 64363573604.784477 }, "geometry": { "type": "Polygon", "coordinates": [ [ [ 26.827961980216326, 54.319789123370306 ], [ 27.239853231166776, 56.170703809849691 ], [ 21.450056668776352, 56.170703809849691 ], [ 21.384579685508719, 55.814429721375653 ], [ 20.578899839490088, 55.261607631552835 ], [ 23.102276611178045, 55.261607631552835 ], [ 22.921698396475897, 54.319789123370306 ], [ 24.474187769982812, 54.319789123370306 ], [ 26.827961980216326, 54.319789123370306 ] ] ] } },
{ "type": "Feature", "properties": { "int_cd": 0, "name_fr": "Royaume-Uni de Grande-Bretagne et d’Irlande du Nord", "georeg": "EUR", "subreg": "Northern Europe", "globalid": "{823ED761-3E1C-4F8F-A7D9-76CB76F8000A}", "geo_cd": 150, "objectid_1": 190, "nam_en": "United Kingdom of Great Britain and Northern Ireland", "lbl_en": "UNITED KINGDOM OF GREAT BRITAIN AND NORTHERN IRELAND", "isoclr": "GBR", "stscod": 1, "intreg": " ", "m49_cd": "826", "lbl_fr": "ROYAUME-UNI DE GRANDE-BRETAGNE ET D’IRLANDE DU NORD", "iso2cd": "GB", "iso3cd": "GBR", "sub_cd": 154, "SHAPE__Length": 3616790.386900736, "objectid": 157, "SHAPE__Area": 243847785061.62811 }, "geometry": { "type": "MultiPolygon", "coordinates": [ [ [ [ -3.238845485687489, 59.124750772516038 ], [ -4.994828650020588, 59.121334036056922 ], [ -4.953859114801153, 58.226751328856928 ], [ -4.830394191810084, 55.336203057999938 ], [ -3.292767442601438, 55.336203057999938 ], [ -3.236101902390824, 53.219587688726286 ], [ -4.251063864935515, 53.219587688726286 ], [ -4.197176473683495, 51.561360931925961 ], [ -3.150542780908705, 51.561360931925961 ], [ -3.139905733879587, 51.104656203576745 ], [ -5.559009956688563, 51.104656203576745 ], [ -5.527371268600964, 50.316183130387699 ], [ -3.122035196166884, 50.316183130387699 ], [ -2.5130057284037, 50.806494890518287 ], [ 0.343742677830908, 50.806494890518287 ], [ 1.220978191051216, 51.498754226150346 ], [ 1.234157931749508, 52.93707219015198 ], [ -0.13861864650959, 52.93707219015198 ], [ -0.14062378239013, 54.711434946758658 ], [ -2.065347916407788, 56.202246405098307 ], [ -2.101808428651346, 58.008348318466105 ], [ -3.205824319648019, 58.008348318466105 ], [ -3.238845485687489, 59.124750772516038 ] ] ], [ [ [ -5.888243589723238, 54.035344040583681 ], [ -5.955821833729956, 55.35412677760884 ], [ -8.847912541476706, 55.35412677760884 ], [ -8.788717235312689, 54.550689526601403 ], [ -8.093132217968362, 54.035141178578584 ], [ -5.888243589723238, 54.035344040583681 ] ] ] ] } },
{ "type": "Feature", "properties": { "int_cd": 0, "name_fr": "Irlande", "georeg": "EUR", "subreg": "Northern Europe", "globalid": "{7A908107-68DC-4045-A57F-AB1C605338C8}", "geo_cd": 150, "objectid_1": 191, "nam_en": "Ireland", "lbl_en": "IRELAND", "isoclr": "IRL", "stscod": 1, "intreg": " ", "m49_cd": "372", "lbl_fr": "IRLANDE", "iso2cd": "IE", "iso3cd": "IRL", "sub_cd": 154, "SHAPE__Length": 1296160.3426908322, "objectid": 156, "SHAPE__Area": 85926452231.156464 }, "geometry": { "type": "Polygon", "coordinates": [ [ [ -8.093132217968362, 54.035141178578584 ], [ -8.788717235312689, 54.550689526601403 ], [ -10.179489017260497, 54.550689526601403 ], [ -10.011899515189212, 52.477302640587723 ], [ -11.14211896223255, 51.52619994713649 ], [ -6.912156544744116, 51.52619994713649 ], [ -5.816204145784957, 52.424367583755917 ], [ -5.888243589723238, 54.035344040583681 ], [ -8.093132217968362, 54.035141178578584 ] ] ] } },
{ "type": "Feature", "properties": { "int_cd": 0, "name_fr": "Pologne", "georeg": "EUR", "subreg": "Eastern Europe", "globalid": "{927ED8E5-356B-4126-A9CA-01100CAAFECF}", "geo_cd": 150, "objectid_1": 192, "nam_en": "Poland", "lbl_en": "POLAND", "isoclr": "POL", "stscod": 1, "intreg": " ", "m49_cd": "616", "lbl_fr": "POLOGNE", "iso2cd": "PL", "iso3cd": "POL", "sub_cd": 151, "SHAPE__Length": 2315805.6157464199, "objectid": 155, "SHAPE__Area": 299527332269.00665 }, "geometry": { "type": "Polygon", "coordinates": [ [ [ 19.215756020297182, 54.319789123370306 ], [ 14.458127295995702, 54.319789123370306 ], [ 14.071812013291883, 50.823183226856557 ], [ 17.727475291721138, 50.823183226856557 ], [ 18.816791906935119, 49.861043242335064 ], [ 21.479324791205169, 49.861043242335064 ], [ 22.834796077059256, 49.861043242335064 ], [ 23.767204233768879, 50.51474941477457 ], [ 23.934965024401649, 51.45589959302972 ], [ 24.474187769982812, 54.319789123370306 ], [ 22.921698396475897, 54.319789123370306 ], [ 19.215756020297182, 54.319789123370306 ] ] ] } },
{ "type": "Feature", "properties": { "int_cd": 0, "name_fr": "Pays-Bas (Royaume des)", "georeg": "EUR", "subreg": "Western Europe", "globalid": "{6BE3DC07-69F7-4682-8A6F-B9D9E5E4D6DA}", "geo_cd": 150, "objectid_1": 193, "nam_en": "Netherlands (Kingdom of the)", "lbl_en": "NETHERLANDS", "isoclr": "NLD", "stscod": 1, "intreg": " ", "m49_cd": "528", "lbl_fr": "PAYS-BAS", "iso2cd": "NL", "iso3cd": "NLD", "sub_cd": 155, "SHAPE__Length": 767598.19440567389, "objectid": 154, "SHAPE__Area": 29896200512.871555 }, "geometry": { "type": "Polygon", "coordinates": [ [ [ 6.705980722973544, 51.781091137352696 ], [ 6.774766075600676, 53.148741255515084 ], [ 4.549124324648472, 53.148741255515084 ], [ 4.502984851753623, 51.828244920818989 ], [ 6.034358428379192, 50.590468810314512 ], [ 6.091263745626773, 51.783491246935156 ], [ 6.705980722973544, 51.781091137352696 ] ] ] } },
{ "type": "Feature", "properties": { "int_cd": 0, "name_fr": "Ukraine", "georeg": "EUR", "subreg": "Eastern Europe", "globalid": "{2D7E5DB3-04EC-4CB6-B1F6-68B43FC9F650}", "geo_cd": 150, "objectid_1": 194, "nam_en": "Ukraine", "lbl_en": "UKRAINE", "isoclr": "UKR", "stscod": 1, "intreg": " ", "m49_cd": "804", "lbl_fr": "UKRAINE", "iso2cd": "UA", "iso3cd": "UKR", "sub_cd": 151, "SHAPE__Length": 4614027.2070519291, "objectid": 153, "SHAPE__Area": 613165610222.61511 }, "geometry": { "type": "Polygon", "coordinates": [ [ [ 36.592103745280724, 50.270960808666786 ], [ 34.756591742412347, 52.093073077685737 ], [ 31.84530638624949, 52.093073077685737 ], [ 30.89310057855479, 51.45589959302972 ], [ 23.934965024401649, 51.45589959302972 ], [ 23.767204233768879, 50.51474941477457 ], [ 22.834796077059256, 49.861043242335064 ], [ 22.622538739772907, 48.516168420329777 ], [ 23.174439356790156, 48.017004446511613 ], [ 25.92999434147475, 48.017004446511613 ], [ 26.402205767779279, 47.581960421722123 ], [ 27.541290533838488, 48.378832485090221 ], [ 29.748842268116945, 46.312345553193182 ], [ 28.835857654611171, 46.312345553193182 ], [ 28.686930486039863, 45.469076082559496 ], [ 28.363648167985222, 45.469076082559496 ], [ 28.675484077359876, 45.174844345514515 ], [ 30.481182654282275, 46.441582983050374 ], [ 33.913398818098202, 46.441582983050374 ], [ 32.494078740862292, 45.462129560827151 ], [ 34.03234462885468, 43.983935070653821 ], [ 35.857741750552989, 45.241311698420134 ], [ 34.917866840383212, 45.241311698420134 ], [ 35.245585286425886, 46.75807584627816 ], [ 37.656854337616871, 46.75807584627816 ], [ 39.798142064536343, 48.1855778845473 ], [ 40.358146973446452, 50.258012702403825 ], [ 36.592103745280724, 50.270960808666786 ] ] ] } },
{ "type": "Feature", "properties": { "int_cd": 0, "name_fr": "Belgique", "georeg": "EUR", "subreg": "Western Europe", "globalid": "{002B9ECC-E1A4-489A-A357-519DB96D7FF6}", "geo_cd": 150, "objectid_1": 195, "nam_en": "Belgium", "lbl_en": "BELGIUM", "isoclr": "BEL", "stscod": 1, "intreg": " ", "m49_cd": "056", "lbl_fr": "BELGIQUE", "iso2cd": "BE", "iso3cd": "BEL", "sub_cd": 155, "SHAPE__Length": 831017.9019971682, "objectid": 152, "SHAPE__Area": 43403932238.743172 }, "geometry": { "type": "Polygon", "coordinates": [ [ [ 6.034358428379192, 50.590468810314512 ], [ 4.502984851753623, 51.828244920818989 ], [ 2.833373598133889, 51.828244920818989 ], [ 2.102038694780964, 51.257808842391078 ], [ 3.943693779669297, 49.774150455498436 ], [ 6.003329637493895, 49.774150455498436 ], [ 6.034295854598914, 50.589168257437024 ], [ 6.034358428379192, 50.590468810314512 ] ] ] } },
{ "type": "Feature", "properties": { "int_cd": 0, "name_fr": "Mongolie", "georeg": "ASI", "subreg": "Eastern Asia", "globalid": "{D8BCE1D8-FF20-4AD7-8394-35C77822E552}", "geo_cd": 142, "objectid_1": 196, "nam_en": "Mongolia", "lbl_en": "MONGOLIA", "isoclr": "MNG", "stscod": 1, "intreg": " ", "m49_cd": "496", "lbl_fr": "MONGOLIE", "iso2cd": "MN", "iso3cd": "MNG", "sub_cd": 30, "SHAPE__Length": 6498527.9080117885, "objectid": 151, "SHAPE__Area": 1600607657545.7961 }, "geometry": { "type": "Polygon", "coordinates": [ [ [ 102.242526555351844, 50.341821034029486 ], [ 101.558997958326529, 51.659561436230661 ], [ 99.387983823453041, 51.659561436230661 ], [ 97.972361452134223, 49.666115019835843 ], [ 95.368153696496236, 49.666115019835843 ], [ 94.795876453953625, 50.629480743284802 ], [ 90.564497265961407, 50.629480743284802 ], [ 89.978448133498702, 49.706958729136659 ], [ 88.327798752936872, 49.706958729136659 ], [ 88.066315983403101, 49.268133884548654 ], [ 87.607430882401516, 48.483571568110442 ], [ 91.331361326865974, 47.041003689414893 ], [ 89.956804578365691, 44.575934141475791 ], [ 94.799499457106151, 44.575934141475791 ], [ 96.513080642149987, 42.067722943243169 ], [ 108.101440613391532, 42.067722943243169 ], [ 117.693798290647777, 47.081564157601385 ], [ 117.258912717424494, 47.954667835506577 ], [ 115.27047978417869, 47.954667835506577 ], [ 116.767266262277559, 49.890810366459746 ], [ 117.172766650907803, 50.382894948478388 ], [ 113.70036681581594, 50.382894948478388 ], [ 112.107051666207809, 49.604857773856075 ], [ 108.885362563192828, 49.604857773856075 ], [ 108.511736455947528, 50.341821034029486 ], [ 102.242526555351844, 50.341821034029486 ] ] ] } },
{ "type": "Feature", "properties": { "int_cd": 0, "name_fr": "Tchéquie", "georeg": "EUR", "subreg": "Eastern Europe", "globalid": "{B09BF9BD-C5D2-4696-8B4C-501CD94E09AD}", "geo_cd": 150, "objectid_1": 197, "nam_en": "Czechia", "lbl_en": "CZECHIA", "isoclr": "CZE", "stscod": 1, "intreg": " ", "m49_cd": "203", "lbl_fr": "TCHÉQUIE", "iso2cd": "CZ", "iso3cd": "CZE", "sub_cd": 151, "SHAPE__Length": 1137423.5957988943, "objectid": 150, "SHAPE__Area": 74393297979.685379 }, "geometry": { "type": "Polygon", "coordinates": [ [ [ 18.816791906935119, 49.861043242335064 ], [ 17.727475291721138, 50.823183226856557 ], [ 14.071812013291883, 50.823183226856557 ], [ 12.662140455195955, 49.784433532233564 ], [ 13.646919927772846, 48.94447707185158 ], [ 16.737447429117054, 48.943112107386916 ], [ 17.545891981113385, 48.942755046595828 ], [ 18.816791906935119, 49.861043242335064 ] ] ] } },
{ "type": "Feature", "properties": { "int_cd": 0, "name_fr": "Slovaquie", "georeg": "EUR", "subreg": "Eastern Europe", "globalid": "{0AB0A6AB-A58B-486B-BF74-B5F95F0E94F3}", "geo_cd": 150, "objectid_1": 198, "nam_en": "Slovakia", "lbl_en": "SLOVAKIA", "isoclr": "SVK", "stscod": 1, "intreg": " ", "m49_cd": "703", "lbl_fr": "SLOVAQUIE", "iso2cd": "SK", "iso3cd": "SVK", "sub_cd": 151, "SHAPE__Length": 1195897.8706510609, "objectid": 149, "SHAPE__Area": 66041416943.465591 }, "geometry": { "type": "Polygon", "coordinates": [ [ [ 22.622538739772907, 48.516168420329777 ], [ 22.834796077059256, 49.861043242335064 ], [ 21.479324791205169, 49.861043242335064 ], [ 18.816791906935119, 49.861043242335064 ], [ 17.545891981113385, 48.942755046595828 ], [ 16.737447429117054, 48.943112107386916 ], [ 17.827888361504286, 47.988935470662916 ], [ 19.995232659168213, 47.988579311743727 ], [ 20.723550090467139, 48.516168420329777 ], [ 22.622538739772907, 48.516168420329777 ] ] ] } },
{ "type": "Feature", "properties": { "int_cd": 0, "name_fr": "Autriche", "georeg": "EUR", "subreg": "Western Europe", "globalid": "{C4EA35CD-0FF4-44CD-991E-C9A376DFF054}", "geo_cd": 150, "objectid_1": 199, "nam_en": "Austria", "lbl_en": "AUSTRIA", "isoclr": "AUT", "stscod": 1, "intreg": " ", "m49_cd": "040", "lbl_fr": "AUTRICHE", "iso2cd": "AT", "iso3cd": "AUT", "sub_cd": 155, "SHAPE__Length": 1655503.1648137127, "objectid": 148, "SHAPE__Area": 97310614168.233582 }, "geometry": { "type": "Polygon", "coordinates": [ [ [ 16.737447429117054, 48.943112107386916 ], [ 13.646919927772846, 48.94447707185158 ], [ 12.729000707820529, 48.254025007656082 ], [ 12.688806420782891, 47.767669739969136 ], [ 9.674599980950637, 47.767669739969136 ], [ 9.658467925310427, 47.527925833113784 ], [ 9.659437269951223, 47.436731476284109 ], [ 9.937931951009162, 47.436791195405604 ], [ 9.939710070748889, 47.174186606452736 ], [ 10.244368841828065, 47.169936654763447 ], [ 10.214631744003883, 46.709827615978753 ], [ 13.317186738012031, 46.709827615978753 ], [ 13.530421529908661, 46.547441239459722 ], [ 14.605471931497293, 46.548300261638019 ], [ 15.022170318551005, 46.85899092861451 ], [ 16.264357512176705, 46.85899092861451 ], [ 16.335340863340672, 47.543409091416684 ], [ 16.945812185167274, 47.992063567873281 ], [ 17.827888361504286, 47.988935470662916 ], [ 16.737447429117054, 48.943112107386916 ] ] ] } },
{ "type": "Feature", "properties": { "int_cd": 0, "name_fr": "Hongrie", "georeg": "EUR", "subreg": "Eastern Europe", "globalid": "{F86CA374-9696-479F-97E9-B1CD193E12A7}", "geo_cd": 150, "objectid_1": 200, "nam_en": "Hungary", "lbl_en": "HUNGARY", "isoclr": "HUN", "stscod": 1, "intreg": " ", "m49_cd": "348", "lbl_fr": "HONGRIE", "iso2cd": "HU", "iso3cd": "HUN", "sub_cd": 151, "SHAPE__Length": 1383203.903914606, "objectid": 147, "SHAPE__Area": 95639403158.007004 }, "geometry": { "type": "Polygon", "coordinates": [ [ [ 23.174439356790156, 48.017004446511613 ], [ 22.622538739772907, 48.516168420329777 ], [ 20.723550090467139, 48.516168420329777 ], [ 19.995232659168213, 47.988579311743727 ], [ 17.827888361504286, 47.988935470662916 ], [ 16.945812185167274, 47.992063567873281 ], [ 16.335340863340672, 47.543409091416684 ], [ 16.264357512176705, 46.85899092861451 ], [ 16.733685763511069, 46.448933014009206 ], [ 17.285776128901148, 45.964692056719748 ], [ 19.077087635920023, 45.964210677585363 ], [ 19.109153938322446, 46.23786402748172 ], [ 20.006249535878329, 46.23786402748172 ], [ 20.702271983100921, 46.23786402748172 ], [ 23.174439356790156, 48.017004446511613 ] ] ] } },
{ "type": "Feature", "properties": { "int_cd": 0, "name_fr": "République de Moldova", "georeg": "EUR", "subreg": "Eastern Europe", "globalid": "{16710123-FD4E-404E-B7F4-58618B7175F5}", "geo_cd": 150, "objectid_1": 201, "nam_en": "Republic of Moldova", "lbl_en": "REPUBLIC OF MOLDOVA", "isoclr": "MDA", "stscod": 1, "intreg": " ", "m49_cd": "498", "lbl_fr": "RÉPUBLIQUE DE MOLDOVA", "iso2cd": "MD", "iso3cd": "MDA", "sub_cd": 151, "SHAPE__Length": 907973.30585425987, "objectid": 146, "SHAPE__Area": 33211578093.916309 }, "geometry": { "type": "Polygon", "coordinates": [ [ [ 29.748842268116945, 46.312345553193182 ], [ 27.541290533838488, 48.378832485090221 ], [ 26.402205767779279, 47.581960421722123 ], [ 28.129721405442595, 45.977532088747438 ], [ 28.040365852363362, 45.469076082559496 ], [ 28.363648167985222, 45.469076082559496 ], [ 28.686930486039863, 45.469076082559496 ], [ 28.835857654611171, 46.312345553193182 ], [ 29.748842268116945, 46.312345553193182 ] ] ] } },
{ "type": "Feature", "properties": { "int_cd": 0, "name_fr": "Roumanie", "georeg": "EUR", "subreg": "Eastern Europe", "globalid": "{9E5C8AC7-F02C-4FA8-9AD5-13F7B72F3AEF}", "geo_cd": 150, "objectid_1": 202, "nam_en": "Romania", "lbl_en": "ROMANIA", "isoclr": "ROU", "stscod": 1, "intreg": " ", "m49_cd": "642", "lbl_fr": "ROUMANIE", "iso2cd": "RO", "iso3cd": "ROU", "sub_cd": 151, "SHAPE__Length": 1987143.8268802774, "objectid": 145, "SHAPE__Area": 211382306049.4866 }, "geometry": { "type": "Polygon", "coordinates": [ [ [ 26.402205767779279, 47.581960421722123 ], [ 25.92999434147475, 48.017004446511613 ], [ 23.174439356790156, 48.017004446511613 ], [ 20.702271983100921, 46.23786402748172 ], [ 20.006249535878329, 46.23786402748172 ], [ 20.949501129370098, 45.394759741608276 ], [ 21.426512404893632, 45.394759741608276 ], [ 21.338730799005198, 44.678293441301832 ], [ 22.451986008722752, 44.677857590918343 ], [ 22.362503162444785, 44.012125263127402 ], [ 28.478596591060292, 44.012074262945774 ], [ 28.675484077359876, 45.174844345514515 ], [ 28.363648167985222, 45.469076082559496 ], [ 28.040365852363362, 45.469076082559496 ], [ 28.129721405442595, 45.977532088747438 ], [ 26.402205767779279, 47.581960421722123 ] ] ] } },
{ "type": "Feature", "properties": { "int_cd": 0, "name_fr": " ", "georeg": "ASI", "subreg": " ", "globalid": "{FE310B53-0EF9-4D9E-B55C-6716465D26DA}", "geo_cd": 0, "objectid_1": 240, "nam_en": " ", "lbl_en": " ", "isoclr": "CHN", "stscod": 99, "intreg": " ", "m49_cd": "156", "lbl_fr": " ", "iso2cd": "CN", "iso3cd": "CHN", "sub_cd": 0, "SHAPE__Length": 768778.16837269347, "objectid": 244, "SHAPE__Area": 11171970157.120903 }, "geometry": { "type": "MultiPolygon", "coordinates": [ [ [ [ 78.826803562519757, 34.82818244248076 ], [ 78.6233850098088, 35.060166425412561 ], [ 77.116373492464817, 34.074639304368098 ], [ 77.327447384633814, 33.838015186021799 ], [ 78.826803562519757, 34.82818244248076 ] ] ], [ [ [ 78.422530846547588, 35.289172178444751 ], [ 78.216077563142164, 35.524836376347231 ], [ 76.713356490220377, 34.527308126283636 ], [ 76.9066795038907, 34.310027179999445 ], [ 78.422530846547588, 35.289172178444751 ] ] ] ] } },
{ "type": "Feature", "properties": { "int_cd": 0, "name_fr": "Suisse", "georeg": "EUR", "subreg": "Western Europe", "globalid": "{B968DF1A-52EA-4120-97AF-D95833D631F5}", "geo_cd": 150, "objectid_1": 203, "nam_en": "Switzerland", "lbl_en": "SWITZERLAND", "isoclr": "CHE", "stscod": 1, "intreg": " ", "m49_cd": "756", "lbl_fr": "SUISSE", "iso2cd": "CH", "iso3cd": "CHE", "sub_cd": 155, "SHAPE__Length": 1028453.9741827241, "objectid": 144, "SHAPE__Area": 38094987820.238998 }, "geometry": { "type": "Polygon", "coordinates": [ [ [ 9.658467925310427, 47.527925833113784 ], [ 7.149251281588692, 47.530954066238195 ], [ 6.328348624768586, 46.896290936048537 ], [ 6.293647583161559, 46.014507134419389 ], [ 6.820646607752303, 46.424095270961573 ], [ 7.044637421559127, 46.237993282559742 ], [ 7.268402189211272, 46.051724155757434 ], [ 8.149016522893522, 46.051724155757434 ], [ 8.535531202185046, 46.349591800780154 ], [ 8.875816342758474, 46.064130640465827 ], [ 9.27990350343344, 46.374424664422243 ], [ 10.193240525836115, 46.374424664422243 ], [ 10.214631744003883, 46.709827615978753 ], [ 10.244368841828065, 47.169936654763447 ], [ 9.939710070748889, 47.174186606452736 ], [ 9.9407638740655, 47.017461784147663 ], [ 9.38491319203801, 47.017461784147663 ], [ 9.38059517439725, 47.436791195405604 ], [ 9.659437269951223, 47.436731476284109 ], [ 9.658467925310427, 47.527925833113784 ] ] ] } },
{ "type": "Feature", "properties": { "int_cd": 0, "name_fr": "Kazakhstan", "georeg": "ASI", "subreg": "Central Asia", "globalid": "{1D290F08-E085-48B4-AC1A-A3B17F13EE04}", "geo_cd": 142, "objectid_1": 204, "nam_en": "Kazakhstan", "lbl_en": "KAZAKHSTAN", "isoclr": "KAZ", "stscod": 1, "intreg": " ", "m49_cd": "398", "lbl_fr": "KAZAKHSTAN", "iso2cd": "KZ", "iso3cd": "KAZ", "sub_cd": 143, "SHAPE__Length": 9427152.9674121123, "objectid": 143, "SHAPE__Area": 2774032722452.1689 }, "geometry": { "type": "Polygon", "coordinates": [ [ [ 53.536659593643826, 40.968664213421775 ], [ 54.541841051868531, 40.968664213421775 ], [ 54.789801031723208, 41.85631068001495 ], [ 53.256674941058307, 41.850537550019915 ], [ 52.994309283457333, 42.130792795264945 ], [ 54.204120277265979, 42.921207545752537 ], [ 54.910843308839141, 42.158516905891226 ], [ 55.910113560250387, 45.245687509768658 ], [ 59.834504678571037, 45.245687509768658 ], [ 61.964031865307973, 43.705160029585592 ], [ 64.479535366701853, 43.705160029585592 ], [ 68.243349609806884, 41.137168411819019 ], [ 69.950333544940818, 42.203539494367448 ], [ 70.655130967669123, 42.638414456695173 ], [ 73.858185964780148, 42.638414456695173 ], [ 75.575110156581275, 43.232430805133191 ], [ 79.871934119598635, 43.232430805133191 ], [ 80.417588526458474, 44.423894776279901 ], [ 84.042704235796037, 47.161885642883597 ], [ 85.587605517847805, 47.158613417425833 ], [ 86.776899833077053, 49.268121141924624 ], [ 87.189812981828268, 49.9699964212842 ], [ 84.304101059330833, 49.972442454733134 ], [ 83.432468634500665, 51.297644621734484 ], [ 80.229476855582405, 51.297644621734484 ], [ 76.043081195928096, 54.065652080610896 ], [ 73.980268379367374, 53.490406471920259 ], [ 71.740741370580238, 53.490406471920259 ], [ 70.472374955174672, 55.317818070601632 ], [ 67.496177063201898, 55.317818070601632 ], [ 65.725696587131111, 54.353780902544983 ], [ 61.543168709390898, 54.353780902544983 ], [ 60.746045913588823, 53.905726526083349 ], [ 61.09757585256942, 53.458487803637368 ], [ 60.076616150270212, 51.266007811037284 ], [ 60.648995599582612, 50.571014879792877 ], [ 54.914104935120413, 50.571014879792877 ], [ 54.33991495017284, 51.234375029086621 ], [ 51.098401143510827, 51.234375029086621 ], [ 47.21171367452169, 48.813640133186908 ], [ 49.893029915749416, 45.964518870397718 ], [ 47.901023984329775, 44.67372656033595 ], [ 49.844332462858191, 42.630535918927549 ], [ 51.67723816664283, 40.706366481280092 ], [ 53.536659593643826, 40.968664213421775 ] ] ] } },
{ "type": "Feature", "properties": { "int_cd": 0, "name_fr": "Slovénie", "georeg": "EUR", "subreg": "Southern Europe", "globalid": "{E144A18E-70BF-480A-BFDA-455AA9B8C990}", "geo_cd": 150, "objectid_1": 205, "nam_en": "Slovenia", "lbl_en": "SLOVENIA", "isoclr": "SVN", "stscod": 1, "intreg": " ", "m49_cd": "705", "lbl_fr": "SLOVÉNIE", "iso2cd": "SI", "iso3cd": "SVN", "sub_cd": 39, "SHAPE__Length": 727911.20339480031, "objectid": 142, "SHAPE__Area": 22371494349.452286 }, "geometry": { "type": "Polygon", "coordinates": [ [ [ 16.733685763511069, 46.448933014009206 ], [ 16.264357512176705, 46.85899092861451 ], [ 15.022170318551005, 46.85899092861451 ], [ 14.605471931497293, 46.548300261638019 ], [ 13.530421529908661, 46.547441239459722 ], [ 13.452207863672262, 45.539192172173415 ], [ 14.145738497010726, 45.539192172173415 ], [ 14.961885025478781, 45.543406954293729 ], [ 15.641963045709121, 46.051724155757434 ], [ 15.680537543382151, 46.448933014009206 ], [ 16.733685763511069, 46.448933014009206 ] ] ] } },
{ "type": "Feature", "properties": { "int_cd": 0, "name_fr": "Croatie", "georeg": "EUR", "subreg": "Southern Europe", "globalid": "{44133556-B6D6-483F-B3EB-400CEC9D7039}", "geo_cd": 150, "objectid_1": 206, "nam_en": "Croatia", "lbl_en": "CROATIA", "isoclr": "HRV", "stscod": 1, "intreg": " ", "m49_cd": "191", "lbl_fr": "CROATIE", "iso2cd": "HR", "iso3cd": "HRV", "sub_cd": 39, "SHAPE__Length": 1534447.4515074024, "objectid": 141, "SHAPE__Area": 57880765249.096718 }, "geometry": { "type": "Polygon", "coordinates": [ [ [ 17.285776128901148, 45.964692056719748 ], [ 16.733685763511069, 46.448933014009206 ], [ 15.680537543382151, 46.448933014009206 ], [ 15.641963045709121, 46.051724155757434 ], [ 14.961885025478781, 45.543406954293729 ], [ 14.145738497010726, 45.539192172173415 ], [ 14.061714892525789, 44.556756015619406 ], [ 14.780575611310455, 44.554519096897423 ], [ 14.730588714673667, 43.975999013533873 ], [ 15.472361237115747, 43.328930347116881 ], [ 16.95394027233214, 43.330575641146169 ], [ 15.561462773331804, 44.555341837534769 ], [ 15.61979126672273, 45.171897817675998 ], [ 18.985216516592505, 45.171903901544539 ], [ 19.077087635920023, 45.964210677585363 ], [ 17.285776128901148, 45.964692056719748 ] ] ] } },
{ "type": "Feature", "properties": { "int_cd": 0, "name_fr": "Ouzbékistan", "georeg": "ASI", "subreg": "Central Asia", "globalid": "{8875BA6B-1E05-49F5-8AE4-F98B8AE6EC5C}", "geo_cd": 142, "objectid_1": 207, "nam_en": "Uzbekistan", "lbl_en": "UZBEKISTAN", "isoclr": "UZB", "stscod": 1, "intreg": " ", "m49_cd": "860", "lbl_fr": "OUZBÉKISTAN", "iso2cd": "UZ", "iso3cd": "UZB", "sub_cd": 143, "SHAPE__Length": 4532054.5975635052, "objectid": 140, "SHAPE__Area": 489302370644.00452 }, "geometry": { "type": "Polygon", "coordinates": [ [ [ 61.964031865307973, 43.705160029585592 ], [ 59.834504678571037, 45.245687509768658 ], [ 55.910113560250387, 45.245687509768658 ], [ 54.910843308839141, 42.158516905891226 ], [ 55.669991431860716, 41.339243394749758 ], [ 56.983617150218556, 41.339243394749758 ], [ 57.290784845804986, 42.327492698487049 ], [ 59.723665720437225, 42.327492698487049 ], [ 62.453571660168976, 39.312700401391396 ], [ 65.08802515080184, 39.312700401391396 ], [ 66.106001237425673, 38.835249465568417 ], [ 65.540830806360219, 36.949460797298222 ], [ 67.322064811224934, 36.949460797298222 ], [ 68.170086600617125, 39.629258763952691 ], [ 68.169502064176299, 39.630350852633057 ], [ 69.295054581050252, 40.419423338850521 ], [ 69.963637741580257, 39.963495383631866 ], [ 71.480864167086665, 40.916194437331363 ], [ 70.836230355036307, 41.677892486773892 ], [ 69.429255717654243, 40.797044152776337 ], [ 69.950333544940818, 42.203539494367448 ], [ 68.243349609806884, 41.137168411819019 ], [ 64.479535366701853, 43.705160029585592 ], [ 61.964031865307973, 43.705160029585592 ] ] ] } },
{ "type": "Feature", "properties": { "int_cd": 0, "name_fr": "Bosnie-Herzégovine", "georeg": "EUR", "subreg": "Southern Europe", "globalid": "{6B6BA48F-404D-4F0F-875B-B6CDD1315128}", "geo_cd": 150, "objectid_1": 208, "nam_en": "Bosnia and Herzegovina", "lbl_en": "BOSNIA AND HERZEGOVINA", "isoclr": "BIH", "stscod": 1, "intreg": " ", "m49_cd": "070", "lbl_fr": "BOSNIE-HERZÉGOVINE", "iso2cd": "BA", "iso3cd": "BIH", "sub_cd": 39, "SHAPE__Length": 1045347.0139265669, "objectid": 139, "SHAPE__Area": 53880523179.149895 }, "geometry": { "type": "Polygon", "coordinates": [ [ [ 18.949584441654437, 44.862912044381261 ], [ 18.985216516592505, 45.171903901544539 ], [ 15.61979126672273, 45.171897817675998 ], [ 15.561462773331804, 44.555341837534769 ], [ 16.95394027233214, 43.330575641146169 ], [ 17.734265460093749, 43.331442181310443 ], [ 18.501661803956566, 42.651946062997453 ], [ 18.601889665897826, 43.531768985284224 ], [ 19.235800418744489, 43.531768985284224 ], [ 19.394386678197371, 44.862912044381261 ], [ 18.949584441654437, 44.862912044381261 ] ] ] } },
{ "type": "Feature", "properties": { "int_cd": 0, "name_fr": "Bulgarie", "georeg": "EUR", "subreg": "Eastern Europe", "globalid": "{7D62F663-4038-4C6A-B188-F434D5DE0B2C}", "geo_cd": 150, "objectid_1": 209, "nam_en": "Bulgaria", "lbl_en": "BULGARIA", "isoclr": "BGR", "stscod": 1, "intreg": " ", "m49_cd": "100", "lbl_fr": "BULGARIE", "iso2cd": "BG", "iso3cd": "BGR", "sub_cd": 151, "SHAPE__Length": 1486036.1640300862, "objectid": 138, "SHAPE__Area": 125840954999.23372 }, "geometry": { "type": "Polygon", "coordinates": [ [ [ 28.478596591060292, 44.012074262945774 ], [ 22.362503162444785, 44.012125263127402 ], [ 22.294761066695784, 43.494834118091234 ], [ 22.74352344268506, 43.088697604979693 ], [ 22.425300889282074, 42.854983565087863 ], [ 22.361610500321998, 42.313049493149599 ], [ 22.994800440464694, 41.7368501755859 ], [ 22.948200000833737, 41.349859999147746 ], [ 25.87769742225181, 41.345573730998545 ], [ 26.481576622207573, 41.78652849078977 ], [ 27.009038315957874, 41.785956091775006 ], [ 28.264021083069299, 42.698436184674961 ], [ 28.478596591060292, 44.012074262945774 ] ] ] } },
{ "type": "Feature", "properties": { "int_cd": 0, "name_fr": "Kirghizistan", "georeg": "ASI", "subreg": "Central Asia", "globalid": "{D5312DFD-19F8-4184-9065-459700900572}", "geo_cd": 142, "objectid_1": 210, "nam_en": "Kyrgyzstan", "lbl_en": "KYRGYZSTAN", "isoclr": "KGZ", "stscod": 1, "intreg": " ", "m49_cd": "417", "lbl_fr": "KIRGHIZISTAN", "iso2cd": "KG", "iso3cd": "KGZ", "sub_cd": 143, "SHAPE__Length": 2532063.9180248831, "objectid": 137, "SHAPE__Area": 219570450096.44897 }, "geometry": { "type": "Polygon", "coordinates": [ [ [ 79.148328550434343, 41.634842252054845 ], [ 79.871934119598635, 43.232430805133191 ], [ 75.575110156581275, 43.232430805133191 ], [ 73.858185964780148, 42.638414456695173 ], [ 70.655130967669123, 42.638414456695173 ], [ 69.950333544940818, 42.203539494367448 ], [ 69.429255717654243, 40.797044152776337 ], [ 70.836230355036307, 41.677892486773892 ], [ 71.480864167086665, 40.916194437331363 ], [ 69.963637741580257, 39.963495383631866 ], [ 69.437774577387657, 39.629905560915851 ], [ 73.889807379235137, 39.621508365458638 ], [ 74.2798639008452, 40.662504784580754 ], [ 77.552260024442234, 40.662504784580754 ], [ 79.148328550434343, 41.634842252054845 ] ] ] } },
{ "type": "Feature", "properties": { "int_cd": 0, "name_fr": "Géorgie", "georeg": "EUR", "subreg": "Western Asia", "globalid": "{3E93D3CC-8C90-40BB-B270-BEC7734CB16E}", "geo_cd": 142, "objectid_1": 211, "nam_en": "Georgia", "lbl_en": "GEORGIA", "isoclr": "GEO", "stscod": 1, "intreg": " ", "m49_cd": "268", "lbl_fr": "GÉORGIE", "iso2cd": "GE", "iso3cd": "GEO", "sub_cd": 145, "SHAPE__Length": 1500711.241510299, "objectid": 136, "SHAPE__Area": 84042141289.257828 }, "geometry": { "type": "Polygon", "coordinates": [ [ [ 46.4180781340769, 41.90563930095545 ], [ 43.587618683651002, 43.21384555976843 ], [ 39.4486986513094, 43.210961797845542 ], [ 40.479974282386692, 42.432091644326711 ], [ 41.835909644478363, 42.432091644326711 ], [ 41.546967167548061, 41.156088299687539 ], [ 42.312064045550144, 41.156088299687539 ], [ 43.719842299319318, 41.156088299687539 ], [ 45.770301932412451, 41.156088299687539 ], [ 46.230154251759259, 41.156088299687539 ], [ 46.4180781340769, 41.90563930095545 ] ] ] } },
{ "type": "Feature", "properties": { "int_cd": 0, "name_fr": "Turkménistan", "georeg": "ASI", "subreg": "Central Asia", "globalid": "{20D9D93A-EF8C-46E8-9B7D-96179DE37D2D}", "geo_cd": 142, "objectid_1": 212, "nam_en": "Turkmenistan", "lbl_en": "TURKMENISTAN", "isoclr": "TKM", "stscod": 1, "intreg": " ", "m49_cd": "795", "lbl_fr": "TURKMÉNISTAN", "iso2cd": "TM", "iso3cd": "TKM", "sub_cd": 143, "SHAPE__Length": 4065835.6956231399, "objectid": 135, "SHAPE__Area": 554567128170.43579 }, "geometry": { "type": "Polygon", "coordinates": [ [ [ 54.910843308839141, 42.158516905891226 ], [ 54.204120277265979, 42.921207545752537 ], [ 52.994309283457333, 42.130792795264945 ], [ 53.256674941058307, 41.850537550019915 ], [ 54.789801031723208, 41.85631068001495 ], [ 54.541841051868531, 40.968664213421775 ], [ 53.536659593643826, 40.968664213421775 ], [ 51.67723816664283, 40.706366481280092 ], [ 50.990874471357898, 37.968112555685153 ], [ 52.753260928628499, 37.968112555685153 ], [ 54.18425848034034, 37.968112555685153 ], [ 55.0603551231994, 38.564708363339662 ], [ 61.660302949450525, 35.458552052288297 ], [ 63.335602027100833, 35.459959903461687 ], [ 65.540830806360219, 36.949460797298222 ], [ 66.106001237425673, 38.835249465568417 ], [ 65.08802515080184, 39.312700401391396 ], [ 62.453571660168976, 39.312700401391396 ], [ 59.723665720437225, 42.327492698487049 ], [ 57.290784845804986, 42.327492698487049 ], [ 56.983617150218556, 41.339243394749758 ], [ 55.669991431860716, 41.339243394749758 ], [ 54.910843308839141, 42.158516905891226 ] ] ] } },
{ "type": "Feature", "properties": { "int_cd": 0, "name_fr": "Azerbaïdjan", "georeg": "ASI", "subreg": "Western Asia", "globalid": "{537A7AF4-A63C-4D59-97CD-B8752C0E5566}", "geo_cd": 142, "objectid_1": 213, "nam_en": "Azerbaijan", "lbl_en": "AZERBAIJAN", "isoclr": "AZE", "stscod": 1, "intreg": " ", "m49_cd": "031", "lbl_fr": "AZERBAÏDJAN", "iso2cd": "AZ", "iso3cd": "AZE", "sub_cd": 145, "SHAPE__Length": 1809450.2786339507, "objectid": 134, "SHAPE__Area": 164405791040.15692 }, "geometry": { "type": "Polygon", "coordinates": [ [ [ 51.67723816664283, 40.706366481280092 ], [ 49.844332462858191, 42.630535918927549 ], [ 47.759741549958726, 41.227196618047479 ], [ 46.4180781340769, 41.90563930095545 ], [ 46.230154251759259, 41.156088299687539 ], [ 45.770301932412451, 41.156088299687539 ], [ 45.499320486604361, 40.007452346458294 ], [ 46.563177481149069, 38.937697839481729 ], [ 48.941809241517795, 38.950132374332874 ], [ 49.876202695253461, 37.968112555685153 ], [ 50.990874471357898, 37.968112555685153 ], [ 51.67723816664283, 40.706366481280092 ] ] ] } },
{ "type": "Feature", "properties": { "int_cd": 0, "name_fr": "République Populaire Démocratique de Corée", "georeg": "ASI", "subreg": "Eastern Asia", "globalid": "{B22B7514-2224-4468-B3A3-18A2711CDD36}", "geo_cd": 142, "objectid_1": 214, "nam_en": "Democratic People's Republic of Korea", "lbl_en": "DEMOCRATIC PEOPLE'S REPUBLIC OF KOREA", "isoclr": "PRK", "stscod": 1, "intreg": " ", "m49_cd": "408", "lbl_fr": "RÉPUBLIQUE POPULAIRE DÉMOCRATIQUE DE CORÉE", "iso2cd": "KP", "iso3cd": "PRK", "sub_cd": 30, "SHAPE__Length": 1761591.370173305, "objectid": 133, "SHAPE__Area": 152176032892.63736 }, "geometry": { "type": "Polygon", "coordinates": [ [ [ 130.903270976252571, 42.59721228252463 ], [ 129.363172292107976, 42.598606343679997 ], [ 124.476150471862596, 40.028596054720666 ], [ 124.248662286754509, 39.660249062978011 ], [ 125.414882912223106, 39.660249062978011 ], [ 124.198429397919028, 37.601507622287855 ], [ 126.472184875813653, 37.59892180949474 ], [ 128.884449180620095, 38.93461545357524 ], [ 128.34687672665882, 39.839399900890548 ], [ 129.35500416648361, 40.377965869483077 ], [ 130.67486449314606, 42.283614131121581 ], [ 130.903270976252571, 42.59721228252463 ] ] ] } },
{ "type": "Feature", "properties": { "int_cd": 0, "name_fr": "Macédoine du Nord", "georeg": "EUR", "subreg": "Southern Europe", "globalid": "{90B498C1-97AB-4FA4-83C4-D04AE6E85E15}", "geo_cd": 150, "objectid_1": 215, "nam_en": "North Macedonia", "lbl_en": "NORTH MACEDONIA", "isoclr": "MKD", "stscod": 1, "intreg": " ", "m49_cd": "807", "lbl_fr": "MACÉDOINE DU NORD", "iso2cd": "MK", "iso3cd": "MKD", "sub_cd": 39, "SHAPE__Length": 698541.86726914172, "objectid": 131, "SHAPE__Area": 27744164497.2388 }, "geometry": { "type": "Polygon", "coordinates": [ [ [ 22.361610500321998, 42.313049493149599 ], [ 21.284483358082536, 42.314093054990813 ], [ 20.921799647825857, 42.314093054990813 ], [ 20.451588725806637, 41.970347340897568 ], [ 20.396360184161189, 41.473387424580835 ], [ 20.806852366473017, 41.105376087906137 ], [ 20.737151367467551, 40.508787695979919 ], [ 21.086460205612596, 40.773940460299727 ], [ 21.670960516278036, 40.773940460299727 ], [ 22.435206135057825, 41.344144194870488 ], [ 22.948200000833737, 41.349859999147746 ], [ 22.994800440464694, 41.7368501755859 ], [ 22.361610500321998, 42.313049493149599 ] ] ] } },
{ "type": "Feature", "properties": { "int_cd": 0, "name_fr": "Monténégro", "georeg": "EUR", "subreg": "Southern Europe", "globalid": "{E3AEA634-EEBB-422E-8CC3-2026BA86ED60}", "geo_cd": 150, "objectid_1": 216, "nam_en": "Montenegro", "lbl_en": "MONTENEGRO", "isoclr": "MNE", "stscod": 1, "intreg": " ", "m49_cd": "499", "lbl_fr": "MONTÉNÉGRO", "iso2cd": "ME", "iso3cd": "MNE", "sub_cd": 39, "SHAPE__Length": 576257.67147986905, "objectid": 233, "SHAPE__Area": 14908432968.904524 }, "geometry": { "type": "Polygon", "coordinates": [ [ [ 19.23513826317032, 43.52612004414388 ], [ 19.235800418744489, 43.531768985284224 ], [ 18.601889665897826, 43.531768985284224 ], [ 18.501661803956566, 42.651946062997453 ], [ 19.329645812777976, 41.914492496331533 ], [ 19.381169996970286, 42.461561319773701 ], [ 20.333313780053462, 42.456711789212406 ], [ 20.388968545137679, 42.941078362370334 ], [ 19.90368510054914, 42.941078362370334 ], [ 19.23513826317032, 43.52612004414388 ] ] ] } },
{ "type": "Feature", "properties": { "int_cd": 14, "name_fr": "Soudan du Sud", "georeg": "AFR", "subreg": "Sub-Saharan Africa", "globalid": "{AF7241E3-36E9-4ABE-9C53-0E56E156982F}", "geo_cd": 2, "objectid_1": 217, "nam_en": "South Sudan", "lbl_en": "SOUTH SUDAN", "isoclr": "SSD", "stscod": 1, "intreg": "Eastern Africa", "m49_cd": "728", "lbl_fr": "SOUDAN DU SUD", "iso2cd": "SS", "iso3cd": "SSD", "sub_cd": 202, "SHAPE__Length": 4174336.760196032, "objectid": 232, "SHAPE__Area": 632242829758.85913 }, "geometry": { "type": "Polygon", "coordinates": [ [ [ 35.274829267746682, 4.558338126788377 ], [ 35.994749091904616, 4.558338126788377 ], [ 35.947699998831268, 4.620000000707311 ], [ 33.608080847513506, 7.686813550070768 ], [ 34.096889770796402, 8.56047197386796 ], [ 34.116535168191376, 9.498845731175621 ], [ 33.760421116258883, 9.491661532997401 ], [ 33.788669888071809, 10.482288722927144 ], [ 33.160092996150048, 10.482075403906231 ], [ 33.209568404787674, 11.943175917266069 ], [ 32.482906240847782, 11.946616303254268 ], [ 32.444993917634349, 10.779476880074439 ], [ 31.627161128709439, 9.749224601827105 ], [ 30.792877196339273, 9.748537062676654 ], [ 30.491143716768448, 10.093099814227196 ], [ 29.540650100206868, 10.078236843384728 ], [ 29.526901941924848, 9.531286620313598 ], [ 26.515793794878437, 9.532147283999352 ], [ 25.666562399390656, 10.185100565570098 ], [ 24.607347666412664, 10.185100565570098 ], [ 24.577831995277638, 8.659534692824439 ], [ 23.880031974380493, 8.659404284110487 ], [ 27.739161245119963, 5.212152072123755 ], [ 27.728177847684577, 4.439462863500022 ], [ 29.614311891568597, 4.439462863500022 ], [ 30.545912346455125, 3.607336023905622 ], [ 33.441388416764063, 3.607336023905622 ], [ 33.789395382370706, 3.991071231787468 ], [ 34.304759302794324, 4.558338126788377 ], [ 34.870805838495492, 4.909270509095395 ], [ 35.274829267746682, 4.558338126788377 ] ] ] } },
{ "type": "Feature", "properties": { "int_cd": 5, "name_fr": "Équateur", "georeg": "AME", "subreg": "Latin America and the Caribbean", "globalid": "{5DCE8DD0-D86E-43EB-8893-1DCD5B9C8411}", "geo_cd": 19, "objectid_1": 218, "nam_en": "Ecuador", "lbl_en": "ECUADOR", "isoclr": "ECU", "stscod": 1, "intreg": "South America", "m49_cd": "218", "lbl_fr": "ÉQUATEUR", "iso2cd": "EC", "iso3cd": "ECU", "sub_cd": 419, "SHAPE__Length": 3610625.2722628084, "objectid": 226, "SHAPE__Area": 316778533574.91333 }, "geometry": { "type": "MultiPolygon", "coordinates": [ [ [ [ -78.404974677513664, -4.967534057779463 ], [ -78.34251121002454, -3.23393647426214 ], [ -76.967917999278981, -3.23393647426214 ], [ -75.708727926180444, -2.144246565410446 ], [ -75.69642303931272, -1.30221345435988 ], [ -75.689377789818209, 0.183727330391205 ], [ -77.043113443984211, 1.372479958666674 ], [ -79.049992239727459, 1.363399075954212 ], [ -80.49377832104372, 0.082179981874091 ], [ -80.539911690583807, -3.199272585794458 ], [ -81.232524384683487, -3.794104801101743 ], [ -79.949115606615237, -4.967534057779463 ], [ -78.404974677513664, -4.967534057779463 ] ] ], [ [ [ -89.012461020909456, -1.273957527483443 ], [ -89.008805622456251, -0.703368113621611 ], [ -89.69163864876387, -0.705855223406991 ], [ -89.695353198680451, -1.276444637527362 ], [ -89.012461020909456, -1.273957527483443 ] ] ], [ [ [ -89.905493614669012, -0.751551007498338 ], [ -89.905150614990447, -0.180961593724466 ], [ -90.587951367677903, -0.183448703387652 ], [ -90.588330859223333, -0.754038117354813 ], [ -89.905493614669012, -0.751551007498338 ] ] ], [ [ [ -91.434908693908227, -0.597810084927471 ], [ -91.435526544754026, -0.027220671863273 ], [ -92.118321734399856, -0.029707780214938 ], [ -92.117733911566447, -0.600297194457462 ], [ -91.434908693908227, -0.597810084927471 ] ] ], [ [ [ -90.744449141202224, -1.018997061346681 ], [ -90.750896413204259, 0.281352634468386 ], [ -91.276608638728021, 0.277594693920085 ], [ -91.270245584877244, -1.022755000811276 ], [ -90.744449141202224, -1.018997061346681 ] ] ] ] } },
{ "type": "Feature", "properties": { "int_cd": 0, "name_fr": "Kiribati", "georeg": "OCE", "subreg": "Micronesia", "globalid": "{53BE9F57-0807-4D3F-AA4D-2ECAF8D10710}", "geo_cd": 9, "objectid_1": 225, "nam_en": "Kiribati", "lbl_en": "KIRIBATI", "isoclr": "KIR", "stscod": 1, "intreg": " ", "m49_cd": "296", "lbl_fr": "KIRIBATI", "iso2cd": "KI", "iso3cd": "KIR", "sub_cd": 57, "SHAPE__Length": 1672210.3101026325, "objectid": 206, "SHAPE__Area": 28946974740.235172 }, "geometry": { "type": "MultiPolygon", "coordinates": [ [ [ [ 174.042786818122295, -0.057498155202776 ], [ 174.042496679072968, 0.513091257503217 ], [ 173.359669120137653, 0.510604148049325 ], [ 173.35999500331917, -0.059985264914722 ], [ 174.042786818122295, -0.057498155202776 ] ] ], [ [ [ -154.591608605322023, -4.323423105193315 ], [ -154.551507934085578, -3.752833691654518 ], [ -155.23501518905698, -3.755320800885131 ], [ -155.275318930004033, -4.325910214042255 ], [ -154.591608605322023, -4.323423105193315 ] ] ], [ [ [ -171.269162794636088, -3.147478752661391 ], [ -171.30434840365541, -2.576889340272298 ], [ -171.987269577075466, -2.579376449049425 ], [ -171.952180769090688, -3.149965862844006 ], [ -171.269162794636088, -3.147478752661391 ] ] ], [ [ [ 173.364317191590885, 0.984198307969294 ], [ 173.374827305192923, 1.554787720965506 ], [ 172.691870534401488, 1.552300611281564 ], [ 172.681441535324609, 0.981711198108758 ], [ 173.364317191590885, 0.984198307969294 ] ] ], [ [ [ -157.303599929109424, 1.673952989850003 ], [ -157.327343175768391, 2.244542404038132 ], [ -158.010224567655882, 2.242055294527304 ], [ -157.9864226826856, 1.671465881308378 ], [ -157.303599929109424, 1.673952989850003 ] ] ], [ [ [ -159.272527832168635, 3.520118616164032 ], [ -159.316641183489452, 4.090708029471155 ], [ -159.999880995993976, 4.088220919751453 ], [ -159.955628615315732, 3.517631506241934 ], [ -159.272527832168635, 3.520118616164032 ] ] ] ] } },
{ "type": "Feature", "properties": { "int_cd": 13, "name_fr": "Mexique", "georeg": "AME", "subreg": "Latin America and the Caribbean", "globalid": "{562A810B-EDBD-4E67-93CC-86E6EBE443F2}", "geo_cd": 19, "objectid_1": 219, "nam_en": "Mexico", "lbl_en": "MEXICO", "isoclr": "MEX", "stscod": 1, "intreg": "Central America", "m49_cd": "484", "lbl_fr": "MEXIQUE", "iso2cd": "MX", "iso3cd": "MEX", "sub_cd": 419, "SHAPE__Length": 11177033.946171366, "objectid": 228, "SHAPE__Area": 2062345629245.5491 }, "geometry": { "type": "Polygon", "coordinates": [ [ [ -114.621619949717356, 32.597336735172576 ], [ -117.220396194090185, 32.612127109191896 ], [ -115.743409696037446, 31.689378763003123 ], [ -114.414451733475374, 27.974526799764167 ], [ -115.249109539525378, 27.974526799764167 ], [ -112.122711032818728, 25.838486920961092 ], [ -111.735483019598547, 24.259674837428086 ], [ -110.327743327423462, 23.238090547662672 ], [ -109.712755498311537, 23.888189641175391 ], [ -110.396076012256316, 24.383503236137557 ], [ -110.809777798221987, 26.055186619659054 ], [ -112.473294281774514, 27.200599307392526 ], [ -113.836336090671765, 31.225022267840512 ], [ -112.224873138234074, 30.187959428480422 ], [ -111.57530564581549, 28.191011744680594 ], [ -110.300200032904428, 27.324710469360031 ], [ -109.819907744527015, 25.590830117485407 ], [ -105.884427867956703, 22.742776953059966 ], [ -105.457992451510421, 20.622000979215358 ], [ -105.965423800634838, 20.095941543743617 ], [ -102.44573964282219, 17.41815580662373 ], [ -100.243237913939694, 17.41815580662373 ], [ -98.239236518002883, 15.870300822514494 ], [ -95.120336919831573, 15.870300822514494 ], [ -94.620915380088505, 16.365614417379927 ], [ -91.963057350520586, 14.274887560516149 ], [ -92.17403272657107, 15.959317726554413 ], [ -90.0736386053633, 15.959317726554413 ], [ -90.529302343067272, 16.316451999409274 ], [ -90.747002183031981, 17.87485610040628 ], [ -89.199011152844491, 17.874886272796775 ], [ -89.324898693646233, 18.718991654628056 ], [ -87.942241434350578, 18.719117679055916 ], [ -87.997008521450581, 19.077773530072637 ], [ -86.831998656315321, 20.246713614424404 ], [ -86.978634597981497, 21.197715716123799 ], [ -89.793372026648171, 21.197715716123799 ], [ -91.993662352984117, 18.978710811199914 ], [ -95.298987831044712, 18.979287661378606 ], [ -96.844437636988573, 20.147650894955241 ], [ -98.036264050419547, 26.289539473223726 ], [ -99.073583844455271, 27.034203442906023 ], [ -99.726773967392901, 29.3765753558441 ], [ -102.253994779670393, 29.376575355019142 ], [ -103.108619453521243, 28.400587058143515 ], [ -104.478756861493792, 29.32777594007371 ], [ -104.978187292585758, 30.840557800444419 ], [ -106.409910157415723, 31.767746682803956 ], [ -108.030701221623914, 31.767746682803956 ], [ -107.849156615888774, 31.27975253497641 ], [ -112.529994280383377, 31.27975253497641 ], [ -114.621619949717356, 32.597336735172576 ] ] ] } },
{ "type": "Feature", "properties": { "int_cd": 0, "name_fr": "Australie", "georeg": "OCE", "subreg": "Australia and New Zealand", "globalid": "{97279926-6BCE-4E92-9BE3-B3BA766564DA}", "geo_cd": 9, "objectid_1": 220, "nam_en": "Australia", "lbl_en": "AUSTRALIA", "isoclr": "AUS", "stscod": 1, "intreg": " ", "m49_cd": "036", "lbl_fr": "AUSTRALIE", "iso2cd": "AU", "iso3cd": "AUS", "sub_cd": 53, "SHAPE__Length": 16088143.672023337, "objectid": 225, "SHAPE__Area": 7921040702990.1514 }, "geometry": { "type": "MultiPolygon", "coordinates": [ [ [ [ 145.541026020511225, -17.011641097791468 ], [ 144.841975180157505, -13.445370275207861 ], [ 143.046941031328458, -12.064878344157265 ], [ 142.80117073852719, -10.290596744895931 ], [ 141.4924737651084, -10.290596744895931 ], [ 142.282828361684665, -15.286026183979786 ], [ 140.038876781526881, -17.693033251140012 ], [ 136.679115271024017, -15.228505686990086 ], [ 136.265959935632253, -12.755124309572686 ], [ 137.180441729133065, -11.834796355332566 ], [ 136.008361079899686, -10.914468401446889 ], [ 131.949076979918829, -10.914468401446889 ], [ 129.187253661357062, -13.675452263217183 ], [ 130.386015219781967, -14.595780217487592 ], [ 128.742500597041982, -14.595780217487592 ], [ 127.54560592625846, -13.675452263217183 ], [ 125.517870053905156, -15.746190160918555 ], [ 124.266866590811958, -15.746190160918555 ], [ 119.56918782631719, -20.692952914198127 ], [ 114.789981538189068, -20.692952914198127 ], [ 112.991286040684486, -22.591129319924008 ], [ 115.822828140925395, -31.966970353011252 ], [ 114.287487091071284, -33.980187752357267 ], [ 117.465488607879735, -35.88003339239846 ], [ 118.953925378454656, -33.807626260844955 ], [ 124.453600034531533, -33.807626260844955 ], [ 125.578523564091682, -32.25457283857623 ], [ 132.344971386283163, -32.25457283857623 ], [ 134.883332111698479, -33.776086538410127 ], [ 135.685900850925918, -35.246055082975211 ], [ 136.507400000259167, -33.980187752357267 ], [ 138.366824285874742, -37.206464886729172 ], [ 140.935281154851282, -38.591782302157789 ], [ 150.198376720925211, -38.591782302157789 ], [ 148.939861098458834, -36.744968311539992 ], [ 153.447794335938198, -29.551109473409269 ], [ 151.225783757765527, -23.741539262622513 ], [ 149.393928742819554, -22.476088324965598 ], [ 148.498869056408921, -19.139899491855825 ], [ 145.541026020511225, -17.011641097791468 ] ] ], [ [ [ 148.660830480855822, -43.768698791891651 ], [ 147.985261512133377, -42.980692040747009 ], [ 148.365643120794459, -42.036420056281322 ], [ 147.420159714492257, -40.842424685502898 ], [ 144.113678600450299, -40.841789662595545 ], [ 146.47567437404885, -43.768698791891651 ], [ 148.660830480855822, -43.768698791891651 ] ] ] ] } },
{ "type": "Feature", "properties": { "int_cd": 0, "name_fr": "États-Unis d’Amérique", "georeg": "AME", "subreg": "Northern America", "globalid": "{F18C10A0-0FF8-4F5F-B0B1-686D758470A3}", "geo_cd": 19, "objectid_1": 221, "nam_en": "United States of America", "lbl_en": "UNITED STATES OF AMERICA", "isoclr": "USA", "stscod": 1, "intreg": " ", "m49_cd": "840", "lbl_fr": "ÉTATS-UNIS D’AMÉRIQUE", "iso2cd": "US", "iso3cd": "USA", "sub_cd": 21, "SHAPE__Length": 33491705.404866211, "objectid": 222, "SHAPE__Area": 9722905586641.9824 }, "geometry": { "type": "MultiPolygon", "coordinates": [ [ [ [ -121.381403920756995, 48.81128759787628 ], [ -123.372278227107699, 48.81128759787628 ], [ -122.768784497382001, 48.016182079767418 ], [ -123.238603704356549, 47.000970858924283 ], [ -124.457760189817989, 48.52481260306827 ], [ -125.457291600950342, 48.52481260306827 ], [ -123.709786204907772, 46.337841605893544 ], [ -124.941103873986478, 43.818247023080509 ], [ -123.282469230834181, 41.438143181230899 ], [ -124.283971825852092, 39.722076740157746 ], [ -121.872594406994281, 35.404936743522491 ], [ -117.220396194090185, 32.612127109191896 ], [ -114.621619949717356, 32.597336735172576 ], [ -112.529994280383377, 31.27975253497641 ], [ -107.849156615888774, 31.27975253497641 ], [ -108.030701221623914, 31.767746682803956 ], [ -106.409910157415723, 31.767746682803956 ], [ -104.978187292585758, 30.840557800444419 ], [ -104.478756861493792, 29.32777594007371 ], [ -103.108619453521243, 28.400587058143515 ], [ -102.253994779670393, 29.376575355019142 ], [ -99.726773967392901, 29.3765753558441 ], [ -99.073583844455271, 27.034203442906023 ], [ -98.036264050419547, 26.289539473223726 ], [ -95.454565172492224, 29.132639508463161 ], [ -88.705923158301545, 29.122733236346139 ], [ -90.142379558910534, 30.112979424649577 ], [ -83.972223013411309, 30.112901396536472 ], [ -82.920640584615924, 29.379835502126465 ], [ -82.220355326421227, 26.289539473223726 ], [ -81.327629099711174, 25.635725527835611 ], [ -81.214771075021659, 25.041349213775906 ], [ -79.992921515191341, 25.041349213775906 ], [ -81.323056802373443, 30.965299809836619 ], [ -78.714647013346365, 33.885340432539572 ], [ -77.376916199252165, 33.877743748266056 ], [ -75.502572653879881, 35.98521702945559 ], [ -76.705791027047937, 39.418869518551396 ], [ -76.306002954788738, 39.413169194693495 ], [ -75.779511775013191, 37.926987261461029 ], [ -73.936701566194074, 40.075942291364925 ], [ -74.295873259443098, 41.01477173645732 ], [ -70.300804761968877, 40.995826294554234 ], [ -71.100109133451994, 43.057182086041728 ], [ -70.206503569509167, 44.141212337149959 ], [ -67.09429509812496, 44.141220492079242 ], [ -68.230332987462461, 46.859193506979402 ], [ -70.163228381804473, 46.859193506979402 ], [ -70.888167034935762, 45.961612240427257 ], [ -71.532838340798975, 45.165539939637902 ], [ -75.543612721675743, 45.165539939637902 ], [ -76.357873460787431, 44.124989911267889 ], [ -79.975608360453748, 44.124989911267889 ], [ -81.385174250830559, 42.296673104763954 ], [ -82.837489941823293, 45.31467656738058 ], [ -86.822665376542432, 47.558785538286457 ], [ -89.1399640265969, 47.558785538286457 ], [ -91.451005328016336, 48.81128759787628 ], [ -121.381403920756995, 48.81128759787628 ] ] ], [ [ [ -154.81789802562173, 19.081450441796935 ], [ -155.094846345779814, 20.061756932288397 ], [ -156.11286266346363, 20.061786392895335 ], [ -155.846268275408164, 19.081450441796935 ], [ -154.81789802562173, 19.081450441796935 ] ] ], [ [ [ -156.524374387045214, 20.55104254761045 ], [ -157.219474444454505, 20.548555438060859 ], [ -157.048822661198955, 19.977966024083639 ], [ -156.354444286740687, 19.980453133997553 ], [ -156.524374387045214, 20.55104254761045 ] ] ], [ [ [ -156.007967497395498, 21.27419129902713 ], [ -156.703950770990616, 21.271704189191375 ], [ -156.530022522045613, 20.701114775055736 ], [ -155.834735502404413, 20.703601884661893 ], [ -156.007967497395498, 21.27419129902713 ] ] ], [ [ [ -156.9268325656775, 21.492810516212366 ], [ -157.623082548863351, 21.490323406355213 ], [ -157.446946682192618, 20.91973399359016 ], [ -156.751398364717573, 20.922221102407917 ], [ -156.9268325656775, 21.492810516212366 ] ] ], [ [ [ -157.902412515286755, 21.866727539990727 ], [ -158.599126173117554, 21.864240429890508 ], [ -158.419799623203488, 21.293651016004613 ], [ -157.723796971946001, 21.296138125558485 ], [ -157.902412515286755, 21.866727539990727 ] ] ], [ [ [ -159.953751757474322, 22.094632481163504 ], [ -160.650744297040575, 22.092145371098827 ], [ -160.467930133975983, 21.521555957994021 ], [ -159.771654181958041, 21.52404306779156 ], [ -159.953751757474322, 22.094632481163504 ] ] ], [ [ [ -159.124668379415795, 22.352138420413311 ], [ -159.821993296488841, 22.349651310259532 ], [ -159.638527323031781, 21.779061897607995 ], [ -158.941925595667357, 21.781549007091581 ], [ -159.124668379415795, 22.352138420413311 ] ] ], [ [ [ -177.605856232659448, 52.39755125307812 ], [ -178.549028500695528, 51.963994744775732 ], [ -178.126744270101796, 51.225113648809028 ], [ -177.200865704346199, 51.657378047459446 ], [ -177.605856232659448, 52.39755125307812 ] ] ], [ [ [ -176.104295202637644, 52.484424145539172 ], [ -177.05465531062751, 52.05071547813138 ], [ -176.643024624389255, 51.311576293209242 ], [ -175.710186727449837, 51.743991493651961 ], [ -176.104295202637644, 52.484424145539172 ] ] ], [ [ [ -174.122154604145805, 52.752195943449266 ], [ -175.086053206125627, 52.318017597758526 ], [ -174.692913074828056, 51.578081759797321 ], [ -173.746943371684495, 52.010962444454556 ], [ -174.122154604145805, 52.752195943449266 ] ] ], [ [ [ -172.554404742580317, 52.777190356786129 ], [ -173.524216021797173, 52.342968118889601 ], [ -173.140522780262216, 51.60295783210794 ], [ -172.1888392043561, 52.035882016554638 ], [ -172.554404742580317, 52.777190356786129 ] ] ], [ [ [ -170.951889535029977, 53.040131582555446 ], [ -171.934085905472529, 52.605447056239136 ], [ -171.566987198024918, 51.864652664929928 ], [ -170.603287309371836, 52.298034999915217 ], [ -170.951889535029977, 53.040131582555446 ] ] ], [ [ [ 173.732573829579138, 53.07732501184374 ], [ 172.924250637282057, 53.074718584085076 ], [ 172.174893799626176, 52.477482177957441 ], [ 172.979382888933003, 52.480082305213308 ], [ 173.732573829579138, 53.07732501184374 ] ] ], [ [ [ -169.592079225257294, 53.486811155385737 ], [ -170.59099748948347, 53.051339043086372 ], [ -170.244806408340025, 52.309208826427842 ], [ -169.26486392684501, 52.743371678820694 ], [ -169.592079225257294, 53.486811155385737 ] ] ], [ [ [ -166.855754259696454, 54.254333150566765 ], [ -167.972018970578659, 54.250718676293026 ], [ -167.09792996078005, 53.650626389327201 ], [ -165.986975456598742, 53.654232044332552 ], [ -166.855754259696454, 54.254333150566765 ] ] ], [ [ [ -166.097609299332674, 54.680355391967467 ], [ -166.909246717078844, 54.677731904485348 ], [ -166.025839241463558, 54.076595866534127 ], [ -165.218128406295421, 54.079212929496599 ], [ -166.097609299332674, 54.680355391967467 ] ] ], [ [ [ -165.61015985726641, 55.207389386457294 ], [ -164.705757293120115, 54.585837922567421 ], [ -163.197402775798935, 54.570653509256246 ], [ -164.093713494609091, 55.19211009279789 ], [ -165.61015985726641, 55.207389386457294 ] ] ], [ [ [ -140.235306177768251, 67.868792915522263 ], [ -140.688081814439215, 69.429856040659317 ], [ -145.519838365943457, 71.020167868202307 ], [ -160.136868655880818, 71.020167868202307 ], [ -159.226792740737778, 69.531286929116817 ], [ -167.666303759864263, 69.531286929116817 ], [ -166.535887621062358, 67.599819443823264 ], [ -162.407872578398269, 67.599819443823264 ], [ -161.866260062183215, 66.450458681981317 ], [ -165.661287653096053, 66.450458681981317 ], [ -168.003897274853358, 66.450458681981317 ], [ -167.269177878234672, 64.925429652604876 ], [ -160.769846700841327, 64.925429652604876 ], [ -160.438517623526593, 64.016644293800169 ], [ -164.77614022759596, 64.016644293800169 ], [ -163.578698218305277, 60.304176549551379 ], [ -161.818286336482061, 60.304176549551379 ], [ -161.517261020742012, 58.973339431446036 ], [ -156.608764956890354, 58.990109302546429 ], [ -156.356244946681642, 56.889346117820203 ], [ -163.649800147744457, 56.889346117820203 ], [ -163.591605013993188, 56.12845347472134 ], [ -154.735824170713101, 56.12845347472134 ], [ -155.02006281683461, 59.124324928636852 ], [ -153.366203446193822, 59.124324928636852 ], [ -153.660824524692543, 60.984283458119094 ], [ -152.42445085613349, 60.984283458119094 ], [ -152.151460688279286, 59.124324928636852 ], [ -148.317580106512736, 59.124324928636852 ], [ -148.413422740402723, 60.066910402652269 ], [ -140.813713803979624, 60.066910402652269 ], [ -138.71574580357094, 58.46238253557884 ], [ -137.639916904881773, 58.464474086200354 ], [ -133.627194737178371, 55.075090589498714 ], [ -131.40135423829588, 55.075090589498714 ], [ -129.899345269958047, 53.68649159810694 ], [ -129.739309471115035, 54.554648085461224 ], [ -131.212203442929194, 55.899627204763974 ], [ -132.812119777256868, 55.899627204763974 ], [ -136.383585227314029, 58.886715906528373 ], [ -137.821157606008171, 58.886715906528373 ], [ -139.201283690405688, 59.946705794558099 ], [ -140.235306177768251, 67.868792915522263 ] ] ], [ [ [ -180.0, 51.666716156108698 ], [ -180.0, 51.569771178492282 ], [ -179.878706821470558, 51.667109289269973 ], [ -180.0, 51.666716156108698 ] ] ] ] } },
{ "type": "Feature", "properties": { "int_cd": 0, "name_fr": "Fédération de Russie", "georeg": "EUR", "subreg": "Eastern Europe", "globalid": "{C64A49A3-B2C5-49A4-8AC2-8FE0EA105CDF}", "geo_cd": 150, "objectid_1": 232, "nam_en": "Russian Federation", "lbl_en": "RUSSIAN FEDERATION", "isoclr": "RUS", "stscod": 1, "intreg": " ", "m49_cd": "643", "lbl_fr": "FÉDÉRATION DE RUSSIE", "iso2cd": "RU", "iso3cd": "RUS", "sub_cd": 151, "SHAPE__Length": 49633064.197558731, "objectid": 229, "SHAPE__Area": 17012898106256.465 }, "geometry": { "type": "MultiPolygon", "coordinates": [ [ [ [ 107.161603980587813, 77.783751849004773 ], [ 102.476071339289604, 77.783751849004773 ], [ 100.910164794235072, 76.814456714648159 ], [ 99.227734866701383, 75.710116276015142 ], [ 87.967705067809902, 75.710116276015142 ], [ 86.288541530979899, 74.366543291616964 ], [ 87.211974478395291, 73.753944830708477 ], [ 80.91314460153518, 73.753944830708477 ], [ 79.775821636928015, 72.693098490488495 ], [ 82.426074027734444, 72.693098490488495 ], [ 81.849018828602652, 72.152920019562487 ], [ 77.72471554373999, 72.152920019562487 ], [ 76.962337263358393, 71.378949745900798 ], [ 74.939859544233684, 71.378949745900798 ], [ 75.450291472495223, 71.913991434294047 ], [ 74.275529974210144, 71.913991434294047 ], [ 73.473382141939226, 71.053693133999658 ], [ 74.285859849308849, 69.119460941407198 ], [ 76.724772113647987, 69.132662280073561 ], [ 76.247839946366582, 68.588226319319531 ], [ 73.840149870126936, 68.588226319319531 ], [ 71.964242759600324, 66.270141372662138 ], [ 71.194289974993239, 66.270141372662138 ], [ 73.050126563324966, 68.588226319319531 ], [ 71.672421686808661, 71.062246042931818 ], [ 73.14109110173365, 72.662993650258741 ], [ 68.831188099048347, 72.662993650258741 ], [ 66.272877774503172, 69.622198602536443 ], [ 67.944783817528332, 69.629422986152989 ], [ 69.140050608191245, 68.330188571753794 ], [ 68.071430913797371, 67.818239122430597 ], [ 66.838125869945657, 69.075220072026028 ], [ 60.217798519085534, 69.075220072026028 ], [ 59.689408355837941, 68.302808533579082 ], [ 53.53965549204321, 68.302808533579082 ], [ 47.868589513325674, 67.42608129944422 ], [ 47.439775093411185, 66.634301159944371 ], [ 45.709715037988758, 66.634301159944371 ], [ 46.700825078280104, 68.5596497411792 ], [ 44.782820953913756, 68.5596497411792 ], [ 43.593431456060557, 66.130407567865177 ], [ 41.689758619989448, 66.130407567865177 ], [ 38.427841513517251, 64.25060996688633 ], [ 34.695525032357864, 64.25060996688633 ], [ 32.17897218778819, 66.887137714572901 ], [ 38.487400671627825, 65.823629131833883 ], [ 41.217910929076481, 66.550154642636855 ], [ 41.839480691632389, 67.904514797812396 ], [ 31.139632810868648, 70.05638834983705 ], [ 28.181588866566926, 68.27430917398253 ], [ 27.984472465735735, 67.649257245474047 ], [ 29.971691810554887, 65.665255442475015 ], [ 29.313017222028861, 63.541016711407259 ], [ 31.272006492038997, 63.541016711407259 ], [ 30.791105998627359, 61.997977128937983 ], [ 28.357460769329009, 60.449432563280496 ], [ 30.172802427830447, 60.449432563280496 ], [ 29.95087075647541, 59.671614379700827 ], [ 28.116871096608804, 59.651413746013162 ], [ 27.681069432806567, 57.962935863383166 ], [ 27.239853231166762, 56.170703809849691 ], [ 31.054729225947995, 56.170703809849691 ], [ 30.595377176580939, 54.398057847772719 ], [ 32.061218810994148, 52.967078026621934 ], [ 31.84530638624949, 52.093073077685737 ], [ 34.756591742412354, 52.093073077685737 ], [ 36.592103745280724, 50.270960808666786 ], [ 40.358146973446424, 50.258012702403825 ], [ 39.798142064536364, 48.1855778845473 ], [ 37.656854337616892, 46.75807584627816 ], [ 39.158956371034492, 46.75807584627816 ], [ 36.827063195821722, 45.175111428422831 ], [ 39.448698651309428, 43.210961797845542 ], [ 43.587618683650987, 43.21384555976843 ], [ 46.418078134076893, 41.90563930095545 ], [ 47.759741549958733, 41.227196618047479 ], [ 49.844332462858176, 42.630535918927549 ], [ 47.901023984329754, 44.67372656033595 ], [ 49.893029915749423, 45.964518870397718 ], [ 47.211713674521661, 48.813640133186908 ], [ 51.098401143510841, 51.234375029086621 ], [ 54.33991495017284, 51.234375029086621 ], [ 54.914104935120406, 50.571014879792877 ], [ 60.648995599582634, 50.571014879792877 ], [ 60.076616150270183, 51.266007811037284 ], [ 61.097575852569435, 53.458487803637368 ], [ 60.74604591358883, 53.905726526083349 ], [ 61.543168709390898, 54.353780902544983 ], [ 65.725696587131097, 54.353780902544983 ], [ 67.496177063201912, 55.317818070601632 ], [ 70.472374955174701, 55.317818070601632 ], [ 71.740741370580224, 53.490406471920259 ], [ 73.980268379367374, 53.490406471920259 ], [ 76.043081195928096, 54.065652080610896 ], [ 80.229476855582391, 51.297644621734484 ], [ 83.432468634500651, 51.297644621734484 ], [ 84.304101059330833, 49.972442454733134 ], [ 87.189812981828254, 49.9699964212842 ], [ 86.776899833077039, 49.268121141924624 ], [ 87.217429258724735, 49.268121141924624 ], [ 88.066315983403115, 49.268133884548654 ], [ 88.327798752936872, 49.706958729136659 ], [ 89.978448133498716, 49.706958729136659 ], [ 90.564497265961393, 50.629480743284802 ], [ 94.795876453953611, 50.629480743284802 ], [ 95.368153696496222, 49.666115019835843 ], [ 97.972361452134237, 49.666115019835843 ], [ 99.387983823453055, 51.659561436230661 ], [ 101.558997958326529, 51.659561436230661 ], [ 102.242526555351844, 50.341821034029486 ], [ 108.511736455947528, 50.341821034029486 ], [ 108.885362563192814, 49.604857773856075 ], [ 112.107051666207809, 49.604857773856075 ], [ 113.700366815815926, 50.382894948478388 ], [ 117.172766650907818, 50.382894948478388 ], [ 116.767266262277559, 49.890810366459746 ], [ 117.593626353834452, 49.890810366459746 ], [ 120.76373162083317, 53.44138382294188 ], [ 125.537315991718742, 53.44138382294188 ], [ 130.609455376078159, 47.954667835506577 ], [ 133.490133857402725, 47.954667835506577 ], [ 134.978342954711195, 48.651551880827157 ], [ 135.236385857406361, 47.954667835506577 ], [ 132.682422319726157, 44.897728978442963 ], [ 131.862821997332105, 45.391845134136489 ], [ 130.866882081267477, 44.902758368829367 ], [ 131.535586237626063, 43.440949692098563 ], [ 130.9042930729955, 42.598606344597044 ], [ 130.903270976252571, 42.59721228252463 ], [ 134.550105282554341, 42.593911180742047 ], [ 141.084600763902102, 50.169476638081655 ], [ 140.282257835502406, 54.326072003992927 ], [ 135.843714455690076, 54.326072003992927 ], [ 141.99775175219429, 59.379055831126635 ], [ 153.443846639274568, 59.379055831126635 ], [ 157.326036061213017, 61.980818542515117 ], [ 161.037544639660553, 61.980818542515117 ], [ 159.231316311905886, 60.822113251709077 ], [ 161.298854101084032, 60.822113251709077 ], [ 164.540726456103442, 62.846097824425527 ], [ 166.201636636406732, 62.846097824425527 ], [ 154.824343687712201, 55.166459878325234 ], [ 156.778311266362323, 50.807322362738596 ], [ 163.007711684771095, 55.742982826134217 ], [ 162.347951343569321, 58.272485105050954 ], [ 165.875709313112111, 60.563708014303174 ], [ 172.114549787427137, 60.563708014303174 ], [ 178.638791162886804, 62.725037880369058 ], [ 179.496414970147384, 64.368347737745566 ], [ 175.865263784580577, 64.388758367037454 ], [ 177.271405567636322, 65.146786861491378 ], [ 179.863173349512948, 65.146786861491378 ], [ 180.0, 65.236967906717965 ], [ 180.0, 66.0 ], [ 180.0, 68.0 ], [ 180.0, 70.0 ], [ 180.0, 70.425118180472595 ], [ 179.99952885695501, 70.425318261731022 ], [ 166.264403407784954, 70.425318261731022 ], [ 165.119079554827067, 68.57819585945596 ], [ 158.786128248938354, 68.57819585945596 ], [ 160.749623937533613, 71.817593229348034 ], [ 154.296726279798236, 71.817593229348034 ], [ 153.721802545853564, 72.725328980420301 ], [ 137.732021212723481, 72.725328980420301 ], [ 137.137818180205272, 71.417384896455687 ], [ 129.538342668027354, 71.417384896455687 ], [ 130.34434713958953, 73.540876891450864 ], [ 122.801040108041832, 73.540876891450864 ], [ 112.967800586021724, 73.540876891450864 ], [ 113.1567928654772, 74.353829714988549 ], [ 106.057713954910952, 72.624689699142834 ], [ 106.10693539933817, 73.168917083718725 ], [ 113.305939143192973, 74.91005986183481 ], [ 114.080850271009155, 76.814456714648159 ], [ 105.524099197731971, 76.814456714648159 ], [ 107.161603980587813, 77.783751849004773 ] ] ], [ [ [ 150.105717738100367, 45.729033443071742 ], [ 149.934306835313009, 46.168720020062715 ], [ 148.21740686830185, 45.346757071198617 ], [ 148.398026396708872, 44.908241575869638 ], [ 150.105717738100367, 45.729033443071742 ] ] ], [ [ [ 152.585477381707364, 46.870932480592444 ], [ 152.427279888584792, 47.32011797302745 ], [ 150.994807130548566, 46.650618072913325 ], [ 151.162581052207088, 46.202225177171727 ], [ 152.585477381707364, 46.870932480592444 ] ] ], [ [ [ 154.602243120771817, 48.867189006326001 ], [ 155.16582120080102, 49.454504946432323 ], [ 154.379534488326527, 49.45194293917973 ], [ 153.81908876350488, 48.864630993562734 ], [ 154.602243120771817, 48.867189006326001 ] ] ], [ [ [ 155.833754939598009, 50.101486192443609 ], [ 156.445051893290554, 50.693021103069277 ], [ 155.651726705341275, 50.690439644227162 ], [ 155.043845010275788, 50.098910854480827 ], [ 155.833754939598009, 50.101486192443609 ] ] ], [ [ [ 143.637289477788386, 46.628917394873255 ], [ 143.261998672496503, 47.699567364376072 ], [ 144.110003923389002, 48.608775999526614 ], [ 145.258998725011423, 48.700895143126587 ], [ 144.186565595903801, 54.030798718409564 ], [ 142.078919542021367, 53.161791464566114 ], [ 142.939625087736516, 49.249811844848644 ], [ 141.744754716675573, 47.972312544124193 ], [ 141.253184477334031, 47.430498181256191 ], [ 141.837198626508354, 45.783817146403365 ], [ 143.637289477788386, 46.628917394873255 ] ] ], [ [ [ 22.921698396475897, 54.319789123370306 ], [ 23.102276611178045, 55.261607631552835 ], [ 20.578899839490088, 55.261607631552835 ], [ 19.215756020297182, 54.319789123370306 ], [ 22.921698396475897, 54.319789123370306 ] ] ], [ [ [ 166.374146038986225, 54.780267513675767 ], [ 167.158293980173283, 55.384548943824903 ], [ 166.334505171367624, 55.381907495548255 ], [ 165.554542068396273, 54.777642954880029 ], [ 166.374146038986225, 54.780267513675767 ] ] ], [ [ [ 164.359686409266544, 58.646134643842032 ], [ 165.238512468868151, 59.26423460021104 ], [ 164.385577077638402, 59.261535756336571 ], [ 163.511708163887647, 58.643445111190992 ], [ 164.359686409266544, 58.646134643842032 ] ] ], [ [ [ 56.60309887623373, 73.058665944490158 ], [ 53.600149992321661, 73.058665944490158 ], [ 52.813267422277946, 71.924066714156169 ], [ 53.693793328453964, 70.560545333383004 ], [ 57.61322419379789, 70.560545333383004 ], [ 56.789021187638198, 71.943165399685569 ], [ 55.785771214764125, 71.943165399685569 ], [ 56.60309887623373, 73.058665944490158 ] ] ], [ [ [ 56.995495262793597, 73.408022367203685 ], [ 61.123569904839314, 75.342067003160309 ], [ 67.505923428294935, 75.342067003160309 ], [ 68.983352565773984, 76.77594501334282 ], [ 69.3212269151865, 77.08818856374377 ], [ 63.036956538342942, 77.08818856374377 ], [ 60.972409254768223, 76.506787647037143 ], [ 59.047979511985481, 76.506787647037143 ], [ 55.510083429080368, 74.860609752771765 ], [ 54.413161150189559, 73.408022367203685 ], [ 56.995495262793597, 73.408022367203685 ] ] ], [ [ [ -179.999999999040909, 70.425118180065297 ], [ -180.0, 70.0 ], [ -180.0, 68.0 ], [ -180.0, 66.0 ], [ -180.0, 65.236967906717965 ], [ -178.635269264536674, 66.136447969548101 ], [ -172.382202464113959, 64.404352525172115 ], [ -169.742285246988445, 66.068882790183025 ], [ -179.999999999040909, 70.425118180065297 ] ] ] ] } },
{ "type": "Feature", "properties": { "int_cd": 0, "name_fr": "Canada", "georeg": "AME", "subreg": "Northern America", "globalid": "{0BC76317-6624-497E-B04B-C22EC5ABA7EC}", "geo_cd": 19, "objectid_1": 222, "nam_en": "Canada", "lbl_en": "CANADA", "isoclr": "CAN", "stscod": 1, "intreg": " ", "m49_cd": "124", "lbl_fr": "CANADA", "iso2cd": "CA", "iso3cd": "CAN", "sub_cd": 21, "SHAPE__Length": 53009372.488857567, "objectid": 221, "SHAPE__Area": 9885266171157.7305 }, "geometry": { "type": "MultiPolygon", "coordinates": [ [ [ [ -92.601101822597428, 71.704467206524257 ], [ -95.679413580195089, 71.704467206524257 ], [ -96.158737875158678, 68.711945696134705 ], [ -96.301814227590796, 68.071887916087718 ], [ -102.974868676814594, 68.069506512633566 ], [ -104.533375012545918, 68.694989141914476 ], [ -118.797427938652362, 68.694989141914476 ], [ -121.457022342789401, 69.678706137382804 ], [ -132.777575515434137, 69.678510732784247 ], [ -132.625902795514833, 68.981037562978514 ], [ -139.373282103723568, 68.981037562978514 ], [ -140.688081814439215, 69.429856040659317 ], [ -140.235306177768251, 67.868792915522263 ], [ -139.201283690405688, 59.946705794558099 ], [ -137.821157606008171, 58.886715906528373 ], [ -136.383585227314029, 58.886715906528373 ], [ -132.812119777256868, 55.899627204763974 ], [ -131.212203442929194, 55.899627204763974 ], [ -129.739309471115035, 54.554648085461224 ], [ -129.899345269958047, 53.68649159810694 ], [ -126.738643262873694, 50.441563420662234 ], [ -123.422589709483063, 48.876531732745569 ], [ -123.372278227107699, 48.81128759787628 ], [ -121.381403920756995, 48.81128759787628 ], [ -91.451005328016336, 48.81128759787628 ], [ -89.1399640265969, 47.558785538286457 ], [ -86.822665376542432, 47.558785538286457 ], [ -82.837489941823293, 45.31467656738058 ], [ -81.385174250830559, 42.296673104763954 ], [ -79.975608360453748, 44.124989911267889 ], [ -76.357873460787431, 44.124989911267889 ], [ -75.543612721675743, 45.165539939637902 ], [ -71.532838340798975, 45.165539939637902 ], [ -70.888167034935762, 45.961612240427257 ], [ -70.163228381804473, 46.859193506979402 ], [ -68.230332987462461, 46.859193506979402 ], [ -67.09429509812496, 44.141220492079242 ], [ -65.689579417943165, 45.813512817235747 ], [ -64.960195973334123, 45.369073461437459 ], [ -65.913809899218933, 44.241691664047899 ], [ -64.094650793342026, 43.120810717557291 ], [ -62.280862184157108, 45.221154528315253 ], [ -64.445239153176118, 46.54190116278685 ], [ -65.03111931495198, 47.962233337833901 ], [ -63.730926215345512, 47.962233337833901 ], [ -64.229420027800501, 49.143139243561286 ], [ -67.492480873879728, 49.143139243561286 ], [ -68.521370421513097, 47.87076565064897 ], [ -69.038627793337469, 48.178115509365796 ], [ -67.423252596090137, 50.195503768727193 ], [ -59.10917135116744, 50.192558157772048 ], [ -56.959705402317532, 52.76884907154399 ], [ -58.218403065765344, 55.450089031378859 ], [ -60.782936494466568, 55.450089031378859 ], [ -63.053753222018813, 59.530594039250687 ], [ -65.060879821672458, 60.583420550335951 ], [ -66.880033290903313, 57.912073332281388 ], [ -69.905037000233236, 59.483700182660819 ], [ -69.343843197399266, 60.362464718460338 ], [ -73.714047487462608, 62.541838045216743 ], [ -78.752592623723629, 62.539750301301048 ], [ -77.331635023434643, 60.678221846994923 ], [ -78.311190447275195, 58.937513543842293 ], [ -77.079149307275728, 57.185384489933178 ], [ -78.947942719116014, 54.173108521770502 ], [ -77.634223598021052, 52.047186863258467 ], [ -80.338931251897449, 52.047186863258467 ], [ -81.708557981997373, 54.188251752769339 ], [ -87.171347185256366, 56.923258520935455 ], [ -91.533008854494099, 56.923258520935455 ], [ -94.105686179402781, 59.953195131529291 ], [ -92.753114816368679, 63.455725800113832 ], [ -87.605881372863053, 63.455725800113832 ], [ -86.529121085439485, 66.173451127458293 ], [ -82.14096171036833, 66.181730605279142 ], [ -81.250215531360922, 68.356430119705479 ], [ -84.299116978793123, 69.700147068849503 ], [ -85.17953529684992, 67.213365517666091 ], [ -86.145519042570257, 67.213365517666091 ], [ -87.835990594646162, 67.213365517666091 ], [ -92.601101822597428, 71.704467206524257 ] ] ], [ [ [ -86.67452150063103, 74.186510147899625 ], [ -89.097847989451594, 74.186510147899625 ], [ -89.391309566144855, 71.923531491416952 ], [ -87.90185262940129, 70.579776306626073 ], [ -78.332038219906977, 70.579776308214917 ], [ -75.477599044978177, 69.299564581974991 ], [ -73.712622214302769, 67.206070821343701 ], [ -74.641556420980947, 65.376180297877497 ], [ -78.76670859405462, 65.374969199089932 ], [ -79.300064129365012, 65.374812609582889 ], [ -76.485515284134394, 64.052613521013086 ], [ -70.695763160888291, 64.052613521013086 ], [ -67.27320762016214, 62.347440995720611 ], [ -65.862345683012975, 62.347440995720611 ], [ -68.597316504288329, 63.724460398870939 ], [ -68.332934885263825, 64.162171819280886 ], [ -65.015178379939982, 62.491749195292428 ], [ -64.588965165738728, 63.142995344084198 ], [ -65.267110417045956, 64.162171819280886 ], [ -67.855179300901469, 65.449102841483253 ], [ -67.229329667111088, 66.436201512393154 ], [ -65.792431570523789, 65.727556487409785 ], [ -64.222449189664161, 65.746145554679813 ], [ -63.40038781714361, 64.52799788343323 ], [ -62.305654812312589, 66.230587774995698 ], [ -68.423776493692259, 69.222703963107776 ], [ -68.241454924484742, 69.56902265234622 ], [ -69.105611585726365, 69.56902265234622 ], [ -69.811690073299729, 70.423119733307644 ], [ -71.044141010539761, 70.423119733307644 ], [ -71.915940271253092, 71.407139338710977 ], [ -73.579373113345994, 71.407139338710977 ], [ -73.264951499838133, 72.242946293695312 ], [ -81.67644175854052, 72.22294600437732 ], [ -81.303499202290553, 73.818471989661276 ], [ -85.488122647417796, 73.818471989661276 ], [ -85.737081869177615, 72.403126598541064 ], [ -86.948005256881515, 72.403126598541064 ], [ -86.67452150063103, 74.186510147899625 ] ] ], [ [ [ -70.309905638759957, 82.007518293464443 ], [ -65.730332463825604, 82.007518293464443 ], [ -65.685144707023127, 83.276538074606151 ], [ -73.91550330282486, 83.276538074606151 ], [ -73.840173324074001, 82.604422506680066 ], [ -84.816270042565009, 82.604422506680066 ], [ -84.672622304185481, 82.061067727924836 ], [ -90.722978668660247, 82.061067727924836 ], [ -87.054484311704812, 80.66092779492682 ], [ -83.8888023943109, 80.66092779492682 ], [ -83.712745494048164, 79.649368478455088 ], [ -87.353782337742402, 79.649368478455088 ], [ -87.105987864674745, 78.428774966080255 ], [ -89.464135980985233, 78.428774966080255 ], [ -88.054172156518405, 77.454879860644198 ], [ -91.167686557444355, 77.454879860644198 ], [ -89.633292033892261, 76.369345545435593 ], [ -85.292077933618273, 76.369345545435593 ], [ -79.169852919394344, 76.369345545435593 ], [ -79.107839831631253, 77.542679243670932 ], [ -76.330078173486598, 77.542679243670932 ], [ -76.291511875223136, 78.967709223500492 ], [ -73.27344571238325, 78.967709223500492 ], [ -75.28406531907325, 80.560741543530725 ], [ -70.334580994644938, 80.560741543530725 ], [ -70.309905638759957, 82.007518293464443 ] ] ], [ [ [ -107.256371551255356, 73.411336353197669 ], [ -108.581728534589743, 73.411336353197669 ], [ -108.47602408917804, 72.551712867371748 ], [ -110.268536219954868, 73.201839197237575 ], [ -118.859244661180199, 73.201839197237575 ], [ -119.220368114041221, 73.201839197237575 ], [ -118.942760258762647, 72.072172070630984 ], [ -115.309557033094009, 69.55204963836637 ], [ -106.224345805917451, 69.55204963836637 ], [ -105.232412075171837, 69.55204963836637 ], [ -103.385735428851049, 68.819559208887682 ], [ -103.217808783018157, 70.412893200648298 ], [ -107.256371551255356, 73.411336353197669 ] ] ], [ [ [ -52.286646947512097, 47.735226961544491 ], [ -54.567997306010561, 49.153994391132862 ], [ -55.583567806079508, 51.762594804877438 ], [ -58.936950398177224, 47.880072568621806 ], [ -58.641292635838944, 47.086735689203685 ], [ -54.591833619511021, 47.086735689203685 ], [ -53.516990179682494, 46.409953274720756 ], [ -52.286646947512097, 47.735226961544491 ] ] ], [ [ [ -113.94758266132763, 77.061559245141936 ], [ -118.785714160858021, 77.061559245141936 ], [ -118.154187902049898, 75.855912645208477 ], [ -116.152112647304463, 74.679907442796974 ], [ -105.022637252803079, 74.679907442796974 ], [ -108.679564034477025, 76.974545297587227 ], [ -109.690813500087827, 76.974545297587227 ], [ -109.367582392339145, 76.154828432035714 ], [ -111.198261782719484, 76.154828432035714 ], [ -113.94758266132763, 77.061559245141936 ] ] ], [ [ [ -119.341232736051666, 74.63976805958427 ], [ -127.219481837139625, 74.642840458094568 ], [ -126.498160912956052, 72.870672295618007 ], [ -124.398472566252906, 71.575556444090935 ], [ -119.984961784082969, 71.575556444090935 ], [ -120.990544655833446, 72.232022447100974 ], [ -121.048819783106637, 72.459071146577045 ], [ -121.516121294357518, 73.994969621562362 ], [ -117.437517021439959, 73.987238867639405 ], [ -119.341232736051666, 74.63976805958427 ] ] ], [ [ [ -79.922545141503747, 63.294590039076489 ], [ -80.723034113605124, 64.264237386107823 ], [ -83.241268565272392, 65.42266375686485 ], [ -85.717483456680611, 65.42266375686485 ], [ -86.598765968174405, 63.294590039076489 ], [ -79.922545141503747, 63.294590039076489 ] ] ], [ [ [ -91.862872661012929, 76.844287701124671 ], [ -96.516370498093281, 76.844287701124671 ], [ -94.769072857463215, 75.643393958719159 ], [ -91.796306113114923, 75.643393958719159 ], [ -90.690435644168076, 74.808511103661317 ], [ -82.042738313344884, 74.808511103661317 ], [ -80.568442762598067, 74.806874028113441 ], [ -80.464726040940349, 75.558615587261613 ], [ -90.086599587400698, 75.558615587261613 ], [ -91.862872661012929, 76.844287701124671 ] ] ], [ [ [ -97.251351526211693, 71.804073673467599 ], [ -97.183890554691999, 73.452130055755774 ], [ -97.191910597571848, 74.30957056528824 ], [ -101.08073121368345, 74.30957056528824 ], [ -101.024150013646789, 73.370948739131023 ], [ -103.103856229331868, 73.370948739131023 ], [ -103.477136828775997, 73.370948739131023 ], [ -99.341126403336816, 71.804073673467599 ], [ -97.251351526211693, 71.804073673467599 ] ] ], [ [ [ -101.15156170991493, 78.877498051190472 ], [ -102.940333846652223, 79.466706842653423 ], [ -106.452716002699447, 79.466706842653423 ], [ -105.95648457667501, 78.518211216857793 ], [ -102.385183799288271, 78.518211216857793 ], [ -102.170557615092946, 77.983867265334254 ], [ -99.658359282133432, 77.983867265334254 ], [ -101.15156170991493, 78.877498051190472 ] ] ], [ [ [ -98.060629444223466, 75.178713266922102 ], [ -98.387728517347028, 76.93109107427378 ], [ -100.745705354857463, 76.93109107427378 ], [ -100.490802528943519, 75.898515179692879 ], [ -102.590727012385059, 75.898515179692879 ], [ -100.575747046267253, 75.178713266922102 ], [ -98.060629444223466, 75.178713266922102 ] ] ], [ [ [ -93.197334120364005, 72.563624675023746 ], [ -93.134633694422007, 73.330388983445758 ], [ -91.802212926516205, 73.330388983445758 ], [ -91.752170936751611, 74.022726711891536 ], [ -95.356687016076904, 74.022726711891536 ], [ -95.413215036993734, 72.563624675023746 ], [ -93.197334120364005, 72.563624675023746 ] ] ], [ [ [ -94.036510947341753, 77.630623731921972 ], [ -94.991833225423505, 78.250359488744067 ], [ -97.20250653614481, 79.012873792202754 ], [ -99.235460176910848, 79.012873792202754 ], [ -96.988509720407592, 77.630623731921972 ], [ -94.036510947341753, 77.630623731921972 ] ] ], [ [ [ -130.536465040645652, 52.069751130982574 ], [ -132.064388603062696, 53.55969173927901 ], [ -131.922207015021968, 54.248185467031604 ], [ -133.586202098287259, 54.248185467031604 ], [ -131.304927437709523, 52.069751130982574 ], [ -130.536465040645652, 52.069751130982574 ] ] ], [ [ [ -124.581171739887452, 48.969597919606976 ], [ -124.827196966198031, 49.264170301582453 ], [ -128.480540146306282, 50.963247517295059 ], [ -127.520674497619027, 49.914660026006644 ], [ -125.520723656319205, 48.969597919606976 ], [ -124.581171739887452, 48.969597919606976 ] ] ], [ [ [ -75.260203755053823, 67.697172253828924 ], [ -76.507255788787916, 69.145899739866366 ], [ -78.024784782778838, 69.145899739866366 ], [ -76.752997347406009, 67.697172253828924 ], [ -75.260203755053823, 67.697172253828924 ] ] ], [ [ [ -61.140755847158893, 46.262986428860223 ], [ -62.391356707169393, 47.02783701740686 ], [ -63.057744618696503, 46.248292875502997 ], [ -61.815410436017203, 45.485010744872156 ], [ -61.140755847158893, 46.262986428860223 ] ] ], [ [ [ -111.59579865446544, 78.607800856524264 ], [ -113.61487993352047, 78.607800856524264 ], [ -113.004386978804234, 77.514704436368419 ], [ -110.991591070704743, 77.476816142220713 ], [ -111.59579865446544, 78.607800856524264 ] ] ], [ [ [ -93.241039072270226, 74.517458033167117 ], [ -93.230372592780085, 75.124418263169801 ], [ -96.235204699299473, 75.124418263169801 ], [ -96.207603612911583, 74.503109349398102 ], [ -93.241039072270226, 74.517458033167117 ] ] ], [ [ [ -97.18053092094874, 68.724479045519203 ], [ -96.983676582995969, 69.72331161601322 ], [ -98.562327521410666, 69.72331161601322 ], [ -98.741081380030352, 68.724479045519203 ], [ -97.18053092094874, 68.724479045519203 ] ] ], [ [ [ -61.5028872031316, 49.087034244949507 ], [ -61.761674836481511, 49.709318216982204 ], [ -63.578155166040574, 49.709318216982204 ], [ -63.311756298105465, 49.087034244949507 ], [ -61.5028872031316, 49.087034244949507 ] ] ], [ [ [ -82.486408014675675, 62.203282029589438 ], [ -82.172757134803959, 62.853175635464574 ], [ -84.299784483057095, 62.853175635464574 ], [ -83.472598601766734, 62.203282029589438 ], [ -82.486408014675675, 62.203282029589438 ] ] ], [ [ [ -104.111015642537055, 77.018034658489469 ], [ -105.354811943939268, 77.762814118698486 ], [ -106.867136093115136, 77.762814118698486 ], [ -105.605485617198568, 77.018034658489469 ], [ -104.111015642537055, 77.018034658489469 ] ] ], [ [ [ -78.380457979616466, 55.658914983258327 ], [ -78.848367257565869, 56.266844209706967 ], [ -79.672815753890532, 56.26418992378278 ], [ -79.200684394590738, 55.65626955629115 ], [ -78.380457979616466, 55.658914983258327 ] ] ], [ [ [ -128.311503095144928, 51.604720662697716 ], [ -128.942753342864137, 52.199850029602445 ], [ -129.739493473353548, 52.19725284696937 ], [ -129.104732504338983, 51.602129713283169 ], [ -128.311503095144928, 51.604720662697716 ] ] ], [ [ [ -129.432991826454497, 52.945269628352911 ], [ -130.104069406667037, 53.543641540935731 ], [ -130.909085361253801, 53.5410301735443 ], [ -130.234265995469286, 52.942664596533014 ], [ -129.432991826454497, 52.945269628352911 ] ] ], [ [ [ -130.464295471347924, 53.967586230324287 ], [ -131.167888270266076, 54.568454816489542 ], [ -131.979544205039474, 54.565832527760627 ], [ -131.272024288640409, 53.964970356370131 ], [ -130.464295471347924, 53.967586230324287 ] ] ], [ [ [ -53.518076544563407, 49.372357302886613 ], [ -53.779509214909638, 49.960463024416505 ], [ -54.564864265136762, 49.957897565393395 ], [ -54.30031866910857, 49.369795855154543 ], [ -53.518076544563407, 49.372357302886613 ] ] ], [ [ [ -78.834836252650845, 61.735790454774154 ], [ -79.312562810388826, 62.347440995720611 ], [ -80.206108703963054, 62.347440995720611 ], [ -79.722857353729069, 61.735790454774154 ], [ -78.834836252650845, 61.735790454774154 ] ] ] ] } },
{ "type": "Feature", "properties": { "int_cd": 0, "name_fr": "Fidji", "georeg": "OCE", "subreg": "Melanesia", "globalid": "{A92A2469-1828-41D9-8616-E64CCCF3D51F}", "geo_cd": 9, "objectid_1": 223, "nam_en": "Fiji", "lbl_en": "FIJI", "isoclr": "FJI", "stscod": 1, "intreg": " ", "m49_cd": "242", "lbl_fr": "FIDJI", "iso2cd": "FJ", "iso3cd": "FJI", "sub_cd": 54, "SHAPE__Length": 2463929.7962000105, "objectid": 202, "SHAPE__Area": 64195991722.842079 }, "geometry": { "type": "MultiPolygon", "coordinates": [ [ [ [ 179.999863366430901, -16.400081304116874 ], [ 178.720182423795706, -16.400081304116874 ], [ 177.416149838717359, -17.896036695295734 ], [ 177.930992245111923, -19.564602323268222 ], [ 179.999863366430901, -16.400081304116874 ] ] ], [ [ [ -178.227450768947222, -18.661255487932603 ], [ -178.392719116672112, -18.090666073906913 ], [ -179.08489314958959, -18.093153183634097 ], [ -178.920260129922696, -18.663742597971659 ], [ -178.227450768947222, -18.661255487932603 ] ] ], [ [ [ -178.599983437810806, -17.890284758314024 ], [ -178.757400259219452, -17.319695344779252 ], [ -179.448753028646365, -17.322182454488669 ], [ -179.291940436578841, -17.892771868713552 ], [ -178.599983437810806, -17.890284758314024 ] ] ], [ [ [ -179.219881173649924, -17.220520641010431 ], [ -179.370268070173523, -16.649931226820197 ], [ -180.0, -16.652198883622972 ], [ -180.0, -16.884533792336523 ], [ -179.911132942130166, -17.223007750768083 ], [ -179.219881173649924, -17.220520641010431 ] ] ], [ [ [ 179.981019214635893, -18.657371613771723 ], [ 179.817493820119182, -18.086782199736309 ], [ 179.125316733943237, -18.089269308879572 ], [ 179.288206696448839, -18.659858722923708 ], [ 179.981019214635893, -18.657371613771723 ] ] ], [ [ [ 177.512570487828498, -12.800801864698339 ], [ 177.406451151012845, -12.230212451531269 ], [ 176.719464084359146, -12.232699560353947 ], [ 176.825177543305529, -12.803288974485232 ], [ 177.512570487828498, -12.800801864698339 ] ] ], [ [ [ 180.0, -16.884533792336523 ], [ 180.0, -16.652198883622972 ], [ 179.939057593249458, -16.652418336467427 ], [ 180.0, -16.884533792336523 ] ] ] ] } },
{ "type": "Feature", "properties": { "int_cd": 0, "name_fr": " ", "georeg": "ASI", "subreg": "Southern Asia", "globalid": "{AA213FFE-9FE5-4ABE-B2A6-887344132B37}", "geo_cd": 142, "objectid_1": 236, "nam_en": " ", "lbl_en": " ", "isoclr": "IND", "stscod": 99, "intreg": " ", "m49_cd": "356", "lbl_fr": " ", "iso2cd": "IN", "iso3cd": "IND", "sub_cd": 34, "SHAPE__Length": 1180599.5998024393, "objectid": 249, "SHAPE__Area": 84142320768.192154 }, "geometry": { "type": "Polygon", "coordinates": [ [ [ 94.890093658020319, 27.082016181693543 ], [ 96.964725532852242, 28.044801559213827 ], [ 97.24801729221123, 29.038324639798589 ], [ 92.844664609517409, 29.038324639798589 ], [ 92.621238767467062, 28.199906729347138 ], [ 92.344499490436291, 27.081788002004703 ], [ 94.890093658020319, 27.082016181693543 ] ] ] } },
{ "type": "Feature", "properties": { "int_cd": 14, "name_fr": "Seychelles", "georeg": "AFR", "subreg": "Sub-Saharan Africa", "globalid": "{4BF92D40-236D-4A91-ACEF-7A4AFD3AF723}", "geo_cd": 2, "objectid_1": 226, "nam_en": "Seychelles", "lbl_en": "SEYCHELLES", "isoclr": "SYC", "stscod": 1, "intreg": "Eastern Africa", "m49_cd": "690", "lbl_fr": "SEYCHELLES", "iso2cd": "SC", "iso3cd": "SYC", "sub_cd": 202, "SHAPE__Length": 834517.40942373255, "objectid": 204, "SHAPE__Area": 14420848791.428181 }, "geometry": { "type": "MultiPolygon", "coordinates": [ [ [ [ 56.01672652075726, -4.173839505399051 ], [ 56.002866082933735, -3.603250091379317 ], [ 55.319619469921854, -3.605737200759745 ], [ 55.324882698766906, -3.833093488849883 ], [ 55.333317020505476, -4.176326614879307 ], [ 56.01672652075726, -4.173839505399051 ] ] ], [ [ [ 55.873532622141198, -5.065403976086001 ], [ 55.857440239309213, -4.494814561904936 ], [ 55.173927901962429, -4.497301671852353 ], [ 55.18118076584917, -4.760052930407771 ], [ 55.189811475929922, -5.067891085577501 ], [ 55.873532622141198, -5.065403976086001 ] ] ], [ [ [ 46.848901336273158, -9.643131635588325 ], [ 46.830338499233847, -9.072542222445833 ], [ 46.144957266364599, -9.075029331190484 ], [ 46.163219840485326, -9.645618745728644 ], [ 46.848901336273158, -9.643131635588325 ] ] ] ] } },
{ "type": "Feature", "properties": { "int_cd": 0, "name_fr": "Philippines", "georeg": "ASI", "subreg": "South-eastern Asia", "globalid": "{EBE064E1-4359-4F49-846B-4CF4AC500F65}", "geo_cd": 142, "objectid_1": 227, "nam_en": "Philippines", "lbl_en": "PHILIPPINES", "isoclr": "PHL", "stscod": 1, "intreg": " ", "m49_cd": "608", "lbl_fr": "PHILIPPINES", "iso2cd": "PH", "iso3cd": "PHL", "sub_cd": 35, "SHAPE__Length": 8756235.8400051389, "objectid": 211, "SHAPE__Area": 396298045272.82208 }, "geometry": { "type": "MultiPolygon", "coordinates": [ [ [ [ 122.540882405295875, 18.578877738113569 ], [ 120.591910730012899, 18.578877738113569 ], [ 120.161656832359753, 16.311137602731417 ], [ 119.930157993757774, 16.311137602731417 ], [ 119.497240618568185, 13.571887141697418 ], [ 123.456958656596314, 13.571887141697418 ], [ 123.362608525540111, 12.909527399413546 ], [ 124.258946492032933, 12.909527399413546 ], [ 124.464464924451846, 14.301605502432718 ], [ 121.771003522178233, 14.301605502432718 ], [ 122.540882405295875, 18.578877738113569 ] ] ], [ [ [ 121.580275596996131, 5.580859613376453 ], [ 121.610630969594368, 6.151449026975284 ], [ 120.926335096372483, 6.148961917322141 ], [ 120.896195312257873, 5.578372502982071 ], [ 121.580275596996131, 5.580859613376453 ] ] ], [ [ [ 126.918049895146666, 9.875284017173064 ], [ 125.644632981453057, 9.875284017173064 ], [ 124.195088284495753, 8.700010167059338 ], [ 122.338003811250204, 8.700010167059338 ], [ 122.180516646794942, 6.734361301549209 ], [ 122.444763208081497, 6.953210940283471 ], [ 123.046634461824581, 7.450162143680821 ], [ 124.00941849349843, 7.450162143680821 ], [ 123.900175363092288, 5.939430484814121 ], [ 125.521389303342673, 5.190690671624034 ], [ 125.619824377291124, 6.674918266399555 ], [ 126.191207111637951, 6.674918266399555 ], [ 126.160432425247805, 6.244227222826646 ], [ 126.603897688567727, 6.244227222826646 ], [ 126.918049895146666, 9.875284017173064 ] ] ], [ [ [ 122.996416360195994, 8.892962750394791 ], [ 123.165101035018196, 10.518296465078009 ], [ 122.347582952968864, 10.518296465078009 ], [ 122.185103430301879, 8.890463199423278 ], [ 122.996416360195994, 8.892962750394791 ] ] ], [ [ [ 123.84411508031971, 9.622681110481926 ], [ 124.007215939555167, 11.143637843377402 ], [ 123.427451037813597, 11.143637843377402 ], [ 123.265133531974058, 9.622681110481926 ], [ 123.84411508031971, 9.622681110481926 ] ] ], [ [ [ 120.62757311012767, 11.012259662152909 ], [ 120.329275982715245, 11.304147006594423 ], [ 117.131651566235959, 8.722066654343591 ], [ 117.438602540485647, 8.430179309772551 ], [ 120.62757311012767, 11.012259662152909 ] ] ], [ [ [ 124.817888797028246, 9.849576345717942 ], [ 124.987175705469355, 11.370533078984359 ], [ 124.407282369035599, 11.370533078984359 ], [ 124.238801549288638, 9.849576345717942 ], [ 124.817888797028246, 9.849576345717942 ] ] ], [ [ [ 122.906897593190024, 11.777618933448583 ], [ 122.083770794805616, 11.777618933448583 ], [ 121.972847365049105, 10.834746545568292 ], [ 122.787130278400582, 10.834680892855006 ], [ 122.906897593190024, 11.777618933448583 ] ] ], [ [ [ 123.968621306539887, 12.426708026561659 ], [ 123.388094517348975, 12.426708026561659 ], [ 123.296076000779735, 11.698583949902993 ], [ 123.868069133833671, 11.698518297121591 ], [ 123.968621306539887, 12.426708026561659 ] ] ], [ [ [ 125.205672479385342, 11.628071664639595 ], [ 125.329814530630912, 12.590984065252607 ], [ 124.749183931171117, 12.590984065252607 ], [ 124.625630090664998, 11.628071664639595 ], [ 125.205672479385342, 11.628071664639595 ] ] ], [ [ [ 121.462878910824685, 13.162848270628391 ], [ 120.742038351485576, 13.162848270628391 ], [ 120.633140619977809, 12.330159017324323 ], [ 121.345219061852248, 12.330093365315907 ], [ 121.462878910824685, 13.162848270628391 ] ] ] ] } },
{ "type": "Feature", "properties": { "int_cd": 0, "name_fr": "Îles Marshall", "georeg": "OCE", "subreg": "Micronesia", "globalid": "{C0FEEF0B-E69A-40B8-94D4-B2B04DF54534}", "geo_cd": 9, "objectid_1": 228, "nam_en": "Marshall Islands", "lbl_en": "MARSHALL ISLANDS", "isoclr": "MHL", "stscod": 1, "intreg": " ", "m49_cd": "584", "lbl_fr": "ÎLES MARSHALL", "iso2cd": "MH", "iso3cd": "MHL", "sub_cd": 57, "SHAPE__Length": 1110004.1768914552, "objectid": 209, "SHAPE__Area": 19127980856.690411 }, "geometry": { "type": "MultiPolygon", "coordinates": [ [ [ [ 168.921776443653442, 4.516439437281094 ], [ 168.966238373060378, 5.087028850333276 ], [ 168.282276555500999, 5.08454174052329 ], [ 168.238003261024687, 4.513952327454041 ], [ 168.921776443653442, 4.516439437281094 ] ] ], [ [ [ 171.893713286634977, 6.747235654531496 ], [ 171.94685577360994, 7.317825067590195 ], [ 171.261990125705722, 7.31533795771413 ], [ 171.209101623380207, 6.744748544454328 ], [ 171.893713286634977, 6.747235654531496 ] ] ], [ [ [ 166.378682089953941, 8.584165605998018 ], [ 166.441748947162978, 9.154755018677179 ], [ 165.755965521814886, 9.152267909260232 ], [ 165.693204679635727, 8.581678495790724 ], [ 166.378682089953941, 8.584165605998018 ] ] ], [ [ [ 169.145451950093161, 14.151979404063605 ], [ 169.25669951560522, 14.722568816628179 ], [ 168.566752358073842, 14.72008170738019 ], [ 168.456021709628459, 14.14949229411819 ], [ 169.145451950093161, 14.151979404063605 ] ] ] ] } },
{ "type": "Feature", "properties": { "int_cd": 0, "name_fr": "Palaos", "georeg": "OCE", "subreg": "Micronesia", "globalid": "{C68DF8D3-2454-410F-917B-93C32312D170}", "geo_cd": 9, "objectid_1": 229, "nam_en": "Palau", "lbl_en": "PALAU", "isoclr": "PLW", "stscod": 1, "intreg": " ", "m49_cd": "585", "lbl_fr": "PALAOS", "iso2cd": "PW", "iso3cd": "PLW", "sub_cd": 57, "SHAPE__Length": 278020.64551741979, "objectid": 208, "SHAPE__Area": 4801081331.2071447 }, "geometry": { "type": "Polygon", "coordinates": [ [ [ 134.866701997788709, 7.072372204359501 ], [ 134.908667683483571, 7.642961618562985 ], [ 134.223710138658276, 7.64047450870218 ], [ 134.182003882838359, 7.069885094380073 ], [ 134.866701997788709, 7.072372204359501 ] ] ] } },
{ "type": "Feature", "properties": { "int_cd": 0, "name_fr": "Micronésie (États fédérés de)", "georeg": "OCE", "subreg": "Micronesia", "globalid": "{CDF7C328-27B6-4B18-AEFD-5104F125C0E6}", "geo_cd": 9, "objectid_1": 230, "nam_en": "Micronesia (Federated States of)", "lbl_en": "MICRONESIA (FEDERATED STATES OF)", "isoclr": "FSM", "stscod": 1, "intreg": " ", "m49_cd": "583", "lbl_fr": "MICRONÉSIE (ÉTATS FÉDÉRÉS DE)", "iso2cd": "FM", "iso3cd": "FSM", "sub_cd": 57, "SHAPE__Length": 1112071.0454946209, "objectid": 207, "SHAPE__Area": 19202497189.633835 }, "geometry": { "type": "MultiPolygon", "coordinates": [ [ [ [ 163.319478146475774, 4.987481788204431 ], [ 163.358756625892454, 5.5580712025633 ], [ 162.674632563803328, 5.555584092412296 ], [ 162.635520435625011, 4.984994678744438 ], [ 163.319478146475774, 4.987481788204431 ] ] ], [ [ [ 138.38751638965428, 9.168090552307248 ], [ 138.44183294483139, 9.738679966136226 ], [ 137.755775510732065, 9.736192856208467 ], [ 137.701778857870693, 9.16560344241673 ], [ 138.38751638965428, 9.168090552307248 ] ] ], [ [ [ 158.499796184087245, 6.699516792530282 ], [ 158.548001014008321, 7.270106205825654 ], [ 157.863178051894579, 7.267619096318642 ], [ 157.81522445821372, 6.697029682480134 ], [ 158.499796184087245, 6.699516792530282 ] ] ], [ [ [ 151.940300708781592, 7.043157895674652 ], [ 151.988248535440817, 7.613747308426945 ], [ 151.303277057127872, 7.611260199447559 ], [ 151.255589594681624, 7.040670785756212 ], [ 151.940300708781592, 7.043157895674652 ] ] ] ] } },
{ "type": "Feature", "properties": { "int_cd": 0, "name_fr": "Serbie", "georeg": "EUR", "subreg": "Southern Europe", "globalid": "{A4426588-0177-4634-AFC0-7A6CD790A41A}", "geo_cd": 150, "objectid_1": 231, "nam_en": "Serbia", "lbl_en": "SERBIA", "isoclr": "SRB", "stscod": 1, "intreg": " ", "m49_cd": "688", "lbl_fr": "SERBIE", "iso2cd": "RS", "iso3cd": "SRB", "sub_cd": 39, "SHAPE__Length": 1429384.5756886934, "objectid": 234, "SHAPE__Area": 84117281447.11673 }, "geometry": { "type": "Polygon", "coordinates": [ [ [ 20.949501129370098, 45.394759741608276 ], [ 20.006249535878329, 46.23786402748172 ], [ 19.109153938322446, 46.23786402748172 ], [ 19.077087635920023, 45.964210677585363 ], [ 18.985216516592505, 45.171903901544539 ], [ 18.949584441654437, 44.862912044381261 ], [ 19.394386678197371, 44.862912044381261 ], [ 19.235800418744489, 43.531768985284224 ], [ 19.23513826317032, 43.52612004414388 ], [ 19.90368510054914, 42.941078362370334 ], [ 20.388968545137679, 42.941078362370334 ], [ 20.333313780053462, 42.456711789212406 ], [ 20.506235273984977, 42.455831029214686 ], [ 20.451588725806637, 41.970347340897568 ], [ 20.921799647825857, 42.314093054990813 ], [ 21.284483358082536, 42.314093054990813 ], [ 22.361610500321998, 42.313049493149599 ], [ 22.425300889282074, 42.854983565087863 ], [ 22.74352344268506, 43.088697604979693 ], [ 22.294761066695784, 43.494834118091234 ], [ 22.362503162444785, 44.012125263127402 ], [ 22.451986008722752, 44.677857590918343 ], [ 21.338730799005198, 44.678293441301832 ], [ 21.426512404893632, 45.394759741608276 ], [ 20.949501129370098, 45.394759741608276 ] ] ] } },
{ "type": "Feature", "properties": { "int_cd": 0, "name_fr": "Chine", "georeg": "ASI", "subreg": "Eastern Asia", "globalid": "{53B136A5-332A-4EDA-878D-A270B51A414D}", "geo_cd": 142, "objectid_1": 233, "nam_en": "China", "lbl_en": "CHINA", "isoclr": "CHN", "stscod": 1, "intreg": " ", "m49_cd": "156", "lbl_fr": "CHINE", "iso2cd": "CN", "iso3cd": "CHN", "sub_cd": 30, "SHAPE__Length": 20223037.095279057, "objectid": 87, "SHAPE__Area": 9514863872004.1621 }, "geometry": { "type": "MultiPolygon", "coordinates": [ [ [ [ 125.537315991718756, 53.44138382294188 ], [ 120.76373162083317, 53.44138382294188 ], [ 117.593626353834466, 49.890810366459746 ], [ 116.767266262277559, 49.890810366459746 ], [ 115.27047978417869, 47.954667835506577 ], [ 117.258912717424494, 47.954667835506577 ], [ 117.693798290647777, 47.081564157601385 ], [ 108.101440613391532, 42.067722943243169 ], [ 96.513080642149987, 42.067722943243169 ], [ 94.799499457106151, 44.575934141475791 ], [ 89.956804578365691, 44.575934141475791 ], [ 91.331361326865974, 47.041003689414893 ], [ 87.607430882401516, 48.483571568110442 ], [ 88.066315983403101, 49.268133884548654 ], [ 87.217429258724721, 49.268121141924624 ], [ 86.776899833077053, 49.268121141924624 ], [ 85.587605517847805, 47.158613417425833 ], [ 84.042704235796037, 47.161885642883597 ], [ 80.417588526458474, 44.423894776279901 ], [ 79.871934119598635, 43.232430805133191 ], [ 79.148328550434343, 41.634842252054845 ], [ 77.552260024442234, 40.662504784580754 ], [ 74.2798639008452, 40.662504784580754 ], [ 73.889807379235137, 39.621508365458638 ], [ 74.899415223839767, 38.450542926665868 ], [ 74.55264213290333, 37.446280194336474 ], [ 74.379107263636229, 36.92462402026144 ], [ 76.498606383234844, 36.929242833074724 ], [ 75.974101273492138, 35.359802539516934 ], [ 76.507908948311254, 34.758495435517936 ], [ 78.019158642135437, 35.749872400490823 ], [ 78.216077563142164, 35.524836376347231 ], [ 78.422530846547588, 35.289172178444751 ], [ 78.6233850098088, 35.060166425412561 ], [ 78.826803562519757, 34.82818244248076 ], [ 77.34434763424413, 33.849263730967998 ], [ 77.327447384633814, 33.838015186021799 ], [ 80.654372578982148, 30.173522579491745 ], [ 81.174147088920492, 30.533188587383254 ], [ 83.699438864601888, 28.176733686107312 ], [ 84.977844603587258, 28.176733686107312 ], [ 88.12468950075484, 28.176733686107312 ], [ 88.056593525515197, 27.897263352461849 ], [ 89.40199694004221, 27.908416219815766 ], [ 89.474189516938125, 28.199906729347138 ], [ 92.621238767467062, 28.199906729347138 ], [ 92.844664609517409, 29.038324639798589 ], [ 97.24801729221123, 29.038324639798589 ], [ 96.964725532852242, 28.044801559213827 ], [ 99.113054340483089, 28.042475047364832 ], [ 98.108766616144706, 23.752776769106742 ], [ 100.647119962006784, 21.138741882397273 ], [ 102.014684383885083, 21.138741882397273 ], [ 102.392601275686076, 23.127195771505072 ], [ 106.924872161268169, 23.12719577070694 ], [ 106.70424771024976, 22.032429022627912 ], [ 108.280808111202631, 22.032429022627912 ], [ 108.10421652582518, 21.138741882397273 ], [ 109.729811970472497, 21.138741882397273 ], [ 109.594732266991741, 20.446134348346135 ], [ 110.44518642543089, 20.446134348346135 ], [ 110.670927909609773, 21.585585452977103 ], [ 113.296445246610404, 21.58659307710969 ], [ 113.702147985008082, 21.811577921867009 ], [ 113.987707417779788, 21.969726454536026 ], [ 114.340676667796842, 22.164967533956276 ], [ 114.640160238914405, 22.330414878011929 ], [ 120.386152136844018, 25.459945390457673 ], [ 121.67140016008625, 29.422454150706116 ], [ 121.200625278766353, 29.422444360642963 ], [ 122.131517652054427, 31.760334318792115 ], [ 119.73588119921699, 35.029451828166238 ], [ 120.537649288901406, 36.588063658018953 ], [ 121.914907591196993, 36.588063658018953 ], [ 122.582756043215895, 37.810240388175359 ], [ 117.44092264034505, 37.810240388175359 ], [ 117.909929410273307, 38.665345200252126 ], [ 120.162834883479462, 39.919029173570124 ], [ 121.501415006068385, 40.647615366002135 ], [ 122.258372295461143, 40.647615366002135 ], [ 121.933276770379067, 40.128395761454314 ], [ 121.065381266593036, 38.665345200252126 ], [ 121.827042058610274, 38.665345200252126 ], [ 123.629107578923012, 39.660249062978011 ], [ 124.248662286754509, 39.660249062978011 ], [ 124.476150471862596, 40.028596054720666 ], [ 129.363172292107976, 42.598606343679997 ], [ 130.903270976252571, 42.59721228252463 ], [ 130.9042930729955, 42.598606344597044 ], [ 131.535586237626063, 43.440949692098563 ], [ 130.866882081267477, 44.902758368829367 ], [ 131.862821997332105, 45.391845134136489 ], [ 132.682422319726157, 44.897728978442963 ], [ 135.236385857406361, 47.954667835506577 ], [ 134.978342954711195, 48.651551880827157 ], [ 133.490133857402725, 47.954667835506577 ], [ 130.609455376078159, 47.954667835506577 ], [ 125.537315991718756, 53.44138382294188 ] ] ], [ [ [ 110.71919111555863, 19.818564924520405 ], [ 109.151068036627493, 19.815122085384075 ], [ 108.902777308236168, 18.51253047066621 ], [ 110.466498899308803, 18.511753318985864 ], [ 110.71919111555863, 19.818564924520405 ] ] ] ] } },
{ "type": "Feature", "properties": { "int_cd": 0, "name_fr": "Île des Cocos (Keeling)", "georeg": "OCE", "subreg": "Australia and New Zealand", "globalid": "{5509D49F-EA5C-42EA-9530-02ADBCE049EB}", "geo_cd": 9, "objectid_1": 234, "nam_en": "Cocos (Keeling) Island", "lbl_en": "Cocos (Keeling) Is. (Aust.)", "isoclr": "AUS", "stscod": 4, "intreg": " ", "m49_cd": "166", "lbl_fr": "Île des Cocos (Keeling) (Aust.)", "iso2cd": "CC", "iso3cd": "CCK", "sub_cd": 53, "SHAPE__Length": 276552.500500647, "objectid": 203, "SHAPE__Area": 4752311892.8079281 }, "geometry": { "type": "Polygon", "coordinates": [ [ [ 97.220700286662819, -12.362819605442169 ], [ 97.16639212063285, -11.792230192266706 ], [ 96.479498652408566, -11.794717301754215 ], [ 96.533406161689527, -12.365306714536727 ], [ 97.220700286662819, -12.362819605442169 ] ] ] } },
{ "type": "Feature", "properties": { "int_cd": 0, "name_fr": "Île Christmas", "georeg": "OCE", "subreg": "Australia and New Zealand", "globalid": "{E19F8773-96D9-4406-BBCC-B9A971FF9818}", "geo_cd": 9, "objectid_1": 235, "nam_en": "Christmas Island", "lbl_en": "Christmas Island (Aust.)", "isoclr": "AUS", "stscod": 4, "intreg": " ", "m49_cd": "162", "lbl_fr": "Île Christmas (Aust.)", "iso2cd": "CX", "iso3cd": "CXR", "sub_cd": 53, "SHAPE__Length": 277138.22161503107, "objectid": 253, "SHAPE__Area": 4771641160.4452229 }, "geometry": { "type": "Polygon", "coordinates": [ [ [ 106.005801466654617, -10.739293581836312 ], [ 105.954106698078832, -10.168704169042982 ], [ 105.268262243361917, -10.171191279004089 ], [ 105.319614918307494, -10.741780691650391 ], [ 106.005801466654617, -10.739293581836312 ] ] ] } },
{ "type": "Feature", "properties": { "int_cd": 0, "name_fr": "Gaza", "georeg": "ASI", "subreg": "Western Asia", "globalid": "{787B3A1A-8839-42CB-8352-60EB15DFCCCE}", "geo_cd": 142, "objectid_1": 241, "nam_en": "Gaza", "lbl_en": "GAZA", "isoclr": "PSE", "stscod": 2, "intreg": " ", "m49_cd": "274", "lbl_fr": "GAZA", "iso2cd": "PS", "iso3cd": "PSE", "sub_cd": 145, "SHAPE__Length": 205686.47378776674, "objectid": 107, "SHAPE__Area": 2517088375.8058734 }, "geometry": { "type": "Polygon", "coordinates": [ [ [ 34.167815715408501, 31.094942442221555 ], [ 34.21522278340781, 31.49520580930211 ], [ 33.8720745029974, 31.495061873682378 ], [ 33.491751781757863, 31.495061873682378 ], [ 33.703737010023488, 31.094506176193129 ], [ 34.167815715408501, 31.094942442221555 ] ] ] } },
{ "type": "Feature", "properties": { "int_cd": 0, "name_fr": "Cisjordanie", "georeg": "ASI", "subreg": "Western Asia", "globalid": "{E8266671-B09F-4F84-B1FF-52C40956D78C}", "geo_cd": 142, "objectid_1": 242, "nam_en": "West Bank", "lbl_en": "WEST BANK", "isoclr": "PSE", "stscod": 2, "intreg": " ", "m49_cd": "402", "lbl_fr": "CISJORDANIE", "iso2cd": "PS", "iso3cd": "PSE", "sub_cd": 145, "SHAPE__Length": 364244.55634785164, "objectid": 109, "SHAPE__Area": 5516311534.4288816 }, "geometry": { "type": "Polygon", "coordinates": [ [ [ 35.351428705140293, 32.565607472489546 ], [ 34.918985126427486, 32.565608049400318 ], [ 34.77144968314937, 31.360340412442724 ], [ 35.206572439185358, 31.359974087981904 ], [ 35.354395566354235, 32.565606140962664 ], [ 35.351428705140293, 32.565607472489546 ] ] ] } },
{ "type": "Feature", "properties": { "int_cd": 0, "name_fr": " ", "georeg": "ASI", "subreg": " ", "globalid": "{9DB73574-7D43-4F78-AC38-A2544CA5D81D}", "geo_cd": 0, "objectid_1": 243, "nam_en": " ", "lbl_en": " ", "isoclr": "xjk", "stscod": 99, "intreg": " ", "m49_cd": " ", "lbl_fr": " ", "iso2cd": "xk", "iso3cd": "xjk", "sub_cd": 0, "SHAPE__Length": 768027.49657239788, "objectid": 245, "SHAPE__Area": 11141733351.036766 }, "geometry": { "type": "MultiPolygon", "coordinates": [ [ [ [ 78.6233850098088, 35.060166425412561 ], [ 78.422530846547588, 35.289172178444751 ], [ 76.9066795038907, 34.310027179999445 ], [ 77.116373492464817, 34.074639304368098 ], [ 78.6233850098088, 35.060166425412561 ] ] ], [ [ [ 78.216077563142164, 35.524836376347231 ], [ 78.019158642135437, 35.749872400490823 ], [ 76.507908948311254, 34.758495435517936 ], [ 76.713356490220377, 34.527308126283636 ], [ 78.216077563142164, 35.524836376347231 ] ] ] ] } },
{ "type": "Feature", "properties": { "int_cd": 0, "name_fr": "Albanie", "georeg": "EUR", "subreg": "Southern Europe", "globalid": "{F21A3848-A576-4889-BBEA-BB6BB4AAA270}", "geo_cd": 150, "objectid_1": 244, "nam_en": "Albania", "lbl_en": "ALBANIA", "isoclr": "ALB", "stscod": 1, "intreg": " ", "m49_cd": "008", "lbl_fr": "ALBANIE", "iso2cd": "AL", "iso3cd": "ALB", "sub_cd": 39, "SHAPE__Length": 814809.3812302755, "objectid": 132, "SHAPE__Area": 29297258524.006161 }, "geometry": { "type": "Polygon", "coordinates": [ [ [ 20.333313780053462, 42.456711789212406 ], [ 19.381169996970286, 42.461561319773701 ], [ 19.329645812777976, 41.914492496331533 ], [ 19.449591524783386, 41.8073020400373 ], [ 19.236215492373294, 39.684975301199373 ], [ 19.431021509480399, 39.511953562401693 ], [ 20.737151367467551, 40.508787695979919 ], [ 20.806852366473017, 41.105376087906137 ], [ 20.396360184161189, 41.473387424580835 ], [ 20.451588725806637, 41.970347340897568 ], [ 20.506235273984977, 42.455831029214686 ], [ 20.333313780053462, 42.456711789212406 ] ] ] } },
{ "type": "Feature", "properties": { "int_cd": 5, "name_fr": "Îles Falkland (Malvinas)", "georeg": "AME", "subreg": "Latin America and the Caribbean", "globalid": "{0AB5B765-9308-4A07-84C8-25D23758A2E5}", "geo_cd": 19, "objectid_1": 245, "nam_en": "Falkland Islands (Malvinas)", "lbl_en": "Falkland Islands (Malvinas) *", "isoclr": "GBR", "stscod": 3, "intreg": "South America", "m49_cd": "238", "lbl_fr": "Îles Falkland (Malvinas) *", "iso2cd": "FK", "iso3cd": "FLK", "sub_cd": 419, "SHAPE__Length": 1399149.8338201907, "objectid": 190, "SHAPE__Area": 42111103568.572716 }, "geometry": { "type": "MultiPolygon", "coordinates": [ [ [ [ -57.824576863266707, -50.960555713420575 ], [ -61.013453209329526, -52.817529217863182 ], [ -59.520175514888471, -52.817529218905761 ], [ -56.352106346908315, -50.960555714435088 ], [ -57.824576863266707, -50.960555713420575 ] ] ], [ [ [ -61.549540668929581, -52.817529218905761 ], [ -61.520531072978017, -52.801003128975331 ], [ -58.350853068960163, -50.959168524116805 ], [ -60.99076711841662, -50.959168525131282 ], [ -61.860739261068808, -52.832526394422935 ], [ -61.549540668929581, -52.817529218905761 ] ] ] ] } },
{ "type": "Feature", "properties": { "int_cd": 0, "name_fr": "Jammu-et-Cachemire", "georeg": "ASI", "subreg": "Southern Asia", "globalid": "{70936134-31CB-4C27-A75B-F195E462C963}", "geo_cd": 142, "objectid_1": 246, "nam_en": "Jammu and Kashmir", "lbl_en": "Jammu and Kashmir", "isoclr": "xjk", "stscod": 99, "intreg": " ", "m49_cd": " ", "lbl_fr": "Jammu-et-Cachemire", "iso2cd": "xk", "iso3cd": "xjk", "sub_cd": 34, "SHAPE__Length": 1515069.2668094907, "objectid": 242, "SHAPE__Area": 122588170226.72646 }, "geometry": { "type": "Polygon", "coordinates": [ [ [ 77.327447384633814, 33.838015186021799 ], [ 77.116373492464817, 34.074639304368098 ], [ 76.9066795038907, 34.310027179999445 ], [ 76.713356490220377, 34.527308126283636 ], [ 76.507908948311254, 34.758495435517936 ], [ 75.974101273492138, 35.359802539516934 ], [ 76.498606383234844, 36.929242833074724 ], [ 74.379107263636229, 36.92462402026144 ], [ 73.98930670422159, 36.92462402026144 ], [ 73.150154822690979, 34.200728742877097 ], [ 73.945015085761327, 33.336288184585776 ], [ 74.454366608476164, 32.784204904995477 ], [ 74.958848430074639, 32.238910589238586 ], [ 77.327447384633814, 33.838015186021799 ] ] ] } },
{ "type": "Feature", "properties": { "int_cd": 5, "name_fr": "Chili", "georeg": "AME", "subreg": "Latin America and the Caribbean", "globalid": "{35C54F79-36C6-4E04-A2C3-6B7B338CD9AE}", "geo_cd": 19, "objectid_1": 247, "nam_en": "Chile", "lbl_en": "CHILE", "isoclr": "CHL", "stscod": 1, "intreg": "South America", "m49_cd": "152", "lbl_fr": "CHILI", "iso2cd": "CL", "iso3cd": "CHL", "sub_cd": 419, "SHAPE__Length": 10799019.505041953, "objectid": 1, "SHAPE__Area": 802328257946.53943 }, "geometry": { "type": "MultiPolygon", "coordinates": [ [ [ [ -68.113987789198944, -18.71248631928022 ], [ -69.268311102342039, -17.598030729727721 ], [ -70.183943604563012, -18.306337233373679 ], [ -72.014656610195502, -29.977163815309641 ], [ -71.162481575500209, -30.87491970575585 ], [ -73.89582147586728, -39.83686979249557 ], [ -72.71033357922073, -41.240969006142876 ], [ -73.667143922975697, -43.588938744463306 ], [ -73.262857796485321, -44.091005930928411 ], [ -73.912769672707128, -45.574506089717559 ], [ -74.979880504116878, -45.569779292978147 ], [ -75.404605113124887, -46.48622597182996 ], [ -74.329310975315749, -46.48622597182996 ], [ -75.359937524502357, -48.629545115489165 ], [ -71.66839765571342, -53.699766525774713 ], [ -69.069765317220245, -52.272705170977304 ], [ -71.34310465590427, -52.272033571077515 ], [ -71.375982885264932, -52.226589208860304 ], [ -73.04102985697385, -49.961004036671291 ], [ -71.854895042270812, -47.491164118669793 ], [ -72.397094465472307, -46.806547852887128 ], [ -71.287448436075081, -44.28314749344726 ], [ -71.92221455116055, -43.504874596461455 ], [ -71.102398615900981, -41.450972776078714 ], [ -71.928795248329777, -40.476523938058961 ], [ -69.343542238757365, -31.986890665225541 ], [ -69.998143249732721, -31.293451631895067 ], [ -68.850229027172389, -25.49828256992717 ], [ -67.936908086254547, -24.804843537406047 ], [ -67.303240392308268, -24.804843537406047 ], [ -67.035803367801094, -22.774057798084552 ], [ -68.613677726035391, -22.774057798084552 ], [ -68.113987789198944, -18.71248631928022 ] ] ], [ [ [ -68.612689901387768, -52.945835361955147 ], [ -69.379784815688794, -52.94588210707245 ], [ -70.490515542534766, -53.552727333999634 ], [ -70.911425576728902, -54.285886880653088 ], [ -72.082367984873414, -54.285886880653088 ], [ -71.501885956521221, -55.135045380304859 ], [ -70.020173193994054, -55.135176934124814 ], [ -68.612689901387768, -52.945835361955147 ] ] ], [ [ [ -73.533171090997726, -41.695476928328681 ], [ -74.31299515424773, -41.709844406681384 ], [ -74.738313656067433, -42.742633186605943 ], [ -74.224899354643568, -43.369413840367983 ], [ -73.533171090997726, -41.695476928328681 ] ] ] ] } }
]
}
